znacka;lokator;pocet
0D7XOY;CM98;1
0E0FHM;IO92;1
0L7BWI;GA48;1
0M3AMN/R;JA14;1
0N0STS;AE21;1
0V0QRK/P;CF43;1
1B/TA1HZ;KM65;1
1B0TXH;PR17;1
1G1AU;DM26;1
1M4HNO;MB64;1
1Q7IQO;JI93;1
1S7LWW/R;PJ44;1
1T7GDT/R;JD79;1
1U6SMO;CR42;1
1V4VUP;HG97;1
1X1CLD;JN35;1
2Z5TQK;KQ86;1
2A5VAF/R;HO74;1
2C4BMA/R;BP35;1
2D0PEY;IO74;19
2E0APG;IO82;435
2E0APG;IO84;1
2E0BIF;IO92;1
2E0BJL;IO91;19
2E0BPP;IO83;1
2E0BTX;IO83;1
2E0BYX;IO95;1
2E0CCD;IO83;11
2E0CIN;IO94;2
2E0CVN;IO80;1447
2E0CVN;JO01;1
2E0CVN;PM64;1
2E0DBS;JO02;3
2E0DUE;JO01;3
2E0ECD;IO94;6
2E0EEY;IO93;7
2E0ELA;JO02;2
2E0ELA;IO92;1
2E0EMO;JO01;1
2E0EQT;IO91;1
2E0EUD;JO01;9
2E0EVW;JO00;1
2E0FAU;IO94;2
2E0FFD;IO95;2
2E0FHM;IO92;1538
2E0FHM;PM86;1
2E0FKY;IO81;2
2E0FMM;IO91;1
2E0FNU;IO91;392
2E0FNU;IO81;1
2E0FQT;IO93;33
2E0FSD;IO83;1
2E0FVN;IO91;862
2E0FVN;IO80;1
2E0FWE;IO90;4
2E0GBK;IO91;1
2E0GGX;IO93;1
2E0GHE;IO71;1
2E0GKW;IO91;1
2E0GNC;IO91;412
2E0GQL;IO80;1
2E0GSZ;IO94;16
2E0GTD;IO91;8
2E0GUH;IO93;2
2E0HAG;IO83;3
2E0HAG;IO91;2
2E0HHF;IO91;11
2E0HIW;IO91;2
2E0HOI;IO90;1
2E0HSY;IO93;1
2E0HXM;IO92;495
2E0HZH;IO93;6
2E0IFY;IO93;3
2E0ILF;IO83;4
2E0INN;IO83;3
2E0IOC;IO81;1
2E0IYL;IO93;2
2E0IZE;IO83;20
2E0JDD;IO83;1
2E0JFV;IO91;174
2E0JGM;IO92;1
2E0JJS;IO93;140
2E0JJS;JO93;1
2E0JLF;IO81;1
2E0JOV;IO93;10
2E0JPO;IO91;1
2E0KCI;IO84;155
2E0KDZ;IO94;5
2E0KJD;IO93;2
2E0KJF;IO81;5
2E0KJN;IO83;2
2E0KKH;JO01;55
2E0KKH;EN90;1
2E0KKH/QRP;JO01;3
2E0KOL;IO83;1
2E0KPM;IO83;2
2E0KWV;IO82;2
2E0LAR;IO83;2
2E0LAR;IO92;1
2E0LDW;IO70;8
2E0LMA;IO81;34
2E0LMA;IO91;3
2E0LMI;IO91;8
2E0LOD;JO01;4
2E0LOY;IO93;1
2E0LVG;IO91;1
2E0MML;IO93;1
2E0MNG;IO92;2
2E0MRD;IO90;2
2E0MRK;IO91;1
2E0NER;IO93;1
2E0NJK;IO70;5
2E0OEW;JO01;8
2E0OHC;IO90;7
2E0OHH;IO92;65
2E0OHH;IO91;1
2E0OQU;JO01;1
2E0PKK;IO90;3
2E0PMS;IO92;1
2E0PSV;IO70;1
2E0PTY;IO82;1
2E0RAG;IO83;6
2E0RHD;IO93;1
2E0RLT;IO95;1
2E0RMB;IO91;13
2E0RME;IO93;2
2E0ROJ;IO92;5
2E0RPJ;JO02;3
2E0RPS;JO01;1
2E0RUS;IO91;15
2E0SMX;IO92;12
2E0SQA;IO83;1
2E0STH;IO93;6
2E0SVS;IO83;1
2E0SVX;IO83;6
2E0TFC;IO83;1
2E0UKO;IO90;3
2E0UMF;IO83;5
2E0UMF;IN89;1
2E0UMK;IO92;35
2E0UMP;IO91;1
2E0USS;IO92;1
2E0VCC;IO70;1
2E0VDF;IO93;4
2E0VDS;JO02;123
2E0VEB;IO94;1
2E0VGP;IO91;1
2E0VHB;JO01;1
2E0VSM;IO94;1
2E0VWL;IO83;3
2E0WCJ;IO92;1
2E0WDS;IO92;1
2E0WDX;IO94;3
2E0WFU;JO00;4
2E0WHQ;IO91;1
2E0WHT;IO91;1
2E0WIT;IO83;1
2E0WJD;IO90;5
2E0WKK;IO83;1
2E0WMT;IO90;1
2E0WTO;IO93;6
2E0WVY;IO83;2
2E0XDZ;IO91;4
2E0XGB;IO70;1
2E0XKU;IO80;1
2E0XRD;IO93;116
2E0XSB;JO02;3
2E0XUK;IO83;2
2E0XXO;IO93;4
2E0YDT;IO94;5
2E0YEH;IO92;2
2E0YKG;JO01;3
2E1ADT;IO70;34
2E1ADT;IO92;1
2E1DHG;IO91;7
2E1DJN;IO82;18
2E1DNC;JO01;1
2E1EFG;IO92;2
2E1EVM;JO00;3
2E1FMS;IO82;112
2E1FMS;IO92;1
2E1FNP;JO02;1
2E1FQO;IO82;120
2E1FVS;IO93;23
2E1HJW;IO91;1
2E1ICB;IO93;1
2E1LSI;IO93;224
2E1PAW;JO01;1
2E1RAN;IO83;2
2E1RDX;IO92;2
2E1SPH;IO80;6
2I0FKF;IO64;1
2I0IEU;IO64;9
2I0LWX;IO64;1
2I0PBM;IO64;25
2I0PXK;IO64;4
2I0UIR;IO64;4
2I0WAI;IO64;3
2I0WMN;IO64;358
2I0WNM;IO64;1
2M0BHR;IO75;17
2M0DWC;IO87;5
2M0FPI;IO87;3
2M0FUS;IO87;1
2M0HZR;IO88;1
2M0IWU;IO77;1
2M0JST;IO75;3
2M0KIE;IO85;2
2M0KWP;IO85;3
2M0MNB;IO84;160
2M0NZB;IO75;1
2M0OCC;IO86;9
2M0UIO;IO75;11
2M0VEY;IO75;1
2M0WHN;IO85;1
2Q8AVF;GA00;1
2V3DXS;BF25;1
2W0CKF;CI29;1
2W0KGH;IO81;2
2W0VOG;IO81;1
2W0WTX;IO81;2
2W0XGN;IO82;1
2W0YVY;IO81;1
2W1DJN;IO72;5
2W1DJN;IO81;1
2W1HKO;IO81;1
2W1IBN;IO82;1
2W6XPD/P;PJ08;1
2Z3JOF/P;IM74;1
3B8BAP;LG89;131
3B8CW;LG89;3
3B8FA;LG89;1
3B8GF;LG89;1
3B8GL;LG89;1
3B8HI;LG89;1
3B8HK;LG89;111
3B9FR;MH10;8
3C3CA;JJ43;33
3D2AG;RH91;92
3D2AG;RH82;1
3D2AJT;RH82;1
3D2AM;RH82;1
3D2BJ;RH82;1
3D2EU;RH82;1
3D2MP;RH91;26
3D2MP;RH82;1
3D2RRR;RH82;1
3D2TS;RH91;20
3D2US;RH82;1
3D2USU;RH82;2301
3D2USU;PH82;1
3D2USU;RH42;1
3D2USU;RH91;1
3DA0AQ;KG53;1
3E7D;FJ08;3
3F200AT;FJ09;1
3F200BC;FJ09;2
3F200BC;EM80;1
3G3G;FF46;8
3J0EXK;NN33;1
3JUK;JN55;1
3K4CFY;MN72;1
3K5RZO;NC99;1
3Q2XJP;HQ93;1
3U0DYL/R;HN34;1
3V2LCS;QP20;1
3V8HP;JM53;1
3V8SS;JM54;292
3V8SS;JM55;1
3W1T;OK33;6
3W3B;OK46;738
3W9A;OK31;673
3X1A;IJ39;123
3Y9VEY;RL37;1
3Z0X;KO03;926
3Z0YL;KN19;3
3Z1919PS;JO90;66
3Z6I;JO80;8
3Z6M;JO80;10
3Z80OWG;JN99;1
3Z8R;KO11;277
3Z9VI;JN99;3
3Z9W;JO90;894
3Z9W;IM76;1
4A2MAX;DL95;3164
4A2MAX;EL05;291
4A2MAX;DL64;68
4A2MAX;DM41;46
4A2MAX;DL81;1
4A5E;DL90;241
4A7T;DM41;109
4A7T;EK09;2
4A7V;DL95;131
4B3EDX;IQ71;1
4D0GOW;FQ18;1
4D3X;PK13;1
4E0D;PK04;600
4E1FNS;PK04;4
4E8TIC;QE66;1
4E9VVN;PJ28;336
4E9VVN;PJ24;1
4F1EBD;PK04;2
4F1NKS;PK04;8
4F1OZ;PK13;1
4F3BZ;PK04;1521
4F3LN;PK13;1
4F3OM;PK04;181
4F3OM;PK13;1
4F5TFF;NB18;1
4F8RS;PK04;122
4G0G;PK04;103
4G1DIF;PK04;321
4G1DIF;PK13;1
4G1EBD;PK04;2
4G1HCY;PK04;366
4G7RAZ;PJ19;5
4H2IYT/R;PG97;1
4H2USB;FM27;1
4H4WH;KM71;4
4I1AWM;PK04;7
4I1BNC;PK04;1124
4I1EBC;PK04;278
4I1EBD;PK13;1
4I1FCI;PK04;47
4I1FKB;PK04;2
4I1FKB;PK13;1
4I1NC;PK04;1
4I7GDT;PK20;240
4IEBC;PK04;1
4J7WMF;LN30;1
4J7WMF;LN40;1
4J8VHF;LN40;1
4J9Y;LN30;1
4K3FPL;LN30;1
4K3ZX;LN30;1
4K5D;LN30;1
4K6FO;LN50;1615
4K6MAR;LN40;9
4K6N;LN40;2
4K6OF;LN40;2
4K6OF;LN30;1
4K6Z;LN40;1
4K7RF;LN40;243
4K7RF;RN40;1
4K9WUE;QI03;1
4L1AX;LN21;2
4L1AX;LN22;1
4L1AX;OF78;1
4L1FL;LN21;19
4L1MA;LN21;11
4L1R;LN02;3
4L3NZ;LN21;5
4L4DX;LN21;33
4L4NW;LN22;513
4L6QL;LN01;1
4L7CE;LN21;1
4L7R;LN21;1
4L7T;LN21;29
4M5A;FK60;174
4M6R;FJ78;2
4O4DB;JN92;6
4O5JD;JN92;1
4O6AH;JN92;2
4O6ZD;JN92;163
4O9KOM;JN92;1
4S6ARW;MJ97;2
4S6ARW;NJ07;1
4S6NCH;MJ96;12
4S6RYD;MJ96;2
4S6YRW;MJ97;2
4S6YRW;NJ07;1
4S7AB;NJ07;291
4S7BRG;NJ07;1
4S7JL;MJ96;1
4U1A;JN88;1
4U1UN;FN30;6
4U1UN;FN20;1
4U4XAE/R;KD48;1
4W/JH2EUV;PI31;1
4W1A;PI31;1
4W6RU;PI31;1
4X1AJ;KM71;1
4X1BQ;KM72;74
4X1DB;KM71;8
4X1FK;KM71;3
4X1GT;KM72;1
4X1HJ;KM71;1
4X1JP;KM72;2
4X1LM;KM72;1
4X1ON;KM72;2
4X1PF;KM71;1
4X1QQ;KM72;2
4X1RU;KM72;2
4X1SK;KM72;8
4X1ST;KM72;3609
4X1ST;KM71;1
4X1ST;KN72;1
4X1ST;RM72;1
4X1SY;KM72;1
4X1TI;KM71;7
4X1UF;KM72;65
4X1UF/QRP;KM72;1
4X1UN;KM72;4
4X1UN;CE89;1
4X1VE;KM73;2
4X1YA;KM72;59
4X1YA;KM71;1
4X1ZQ;KM72;26
4X4DK;KM71;10
4X4DU;KM73;1
4X4FD;KM71;1
4X4MF;KM72;10
4X4WH;KM71;19
4X4ZP;KM72;259
4X5DF;KM71;1067
4X5DF;JO21;1
4X5DF;KN41;1
4X5DK;KM71;194
4X5DR;KM72;1
4X5EF;KM72;14
4X5EF;JN55;1
4X5HM;KM72;1
4X5IB;KM72;4
4X5IG;KM72;298
4X5II;KM71;2
4X5KE/M;KM71;1
4X5KE/P;KM71;1
4X5MT;KM72;2
4X5MZ;KM71;58
4X5PB;IO92;82
4X5PB;KM72;2
4X5SB;KM72;1
4X5WS;KM72;1
4X6FB;KM72;141
4X6HX;KM72;42
4X6TF;KM72;2
4X6UO;KM72;1
4X6YA;KM72;61
4X6ZK;KM72;2
4Z1AC;KM72;2
4Z1DZ;KM72;1
4Z1IZ;KM72;1
4Z1KM;KM72;11
4Z1KN;KM72;31
4Z1KN;KM71;1
4Z1MS;KM72;170
4Z1RZ;KM72;8
4Z1TL;KM72;412
4Z1ZV;KM72;6
4Z4DA;KM71;1
4Z4DX;KM72;301
4Z4MU;KM71;1
4Z4MU;KM72;1
4Z4RQ;KM71;2
4Z4UO;KM72;305
4Z4UO;KM27;1
4Z4UO;KM71;1
4Z4WN;KM72;1
4Z4YA;KM71;111
4Z4YA;PA49;1
4Z5AV;KM71;3
4Z5KU;KM71;1
4Z5KZ;KM71;8
4Z5KZ;KM72;1
4Z5LA;KM72;1
4Z5ML;KM72;4
4Z5MY;KM72;601
4Z5MY;KM71;93
4Z5MY;JO22;1
4Z5NN;KM71;1
4Z5NY;KM72;1
4Z5OI;KM72;5
4Z5PT;KM72;4
4Z5TK;KM72;457
4Z9GSE;KM72;1
5A0BLX/R;GC10;1
5A1AL;JM62;1
5B4AAB;KM64;1
5B4AAB;KM65;1
5B4AGN;KM64;4
5B4AIF;KM64;455
5B4AIF;KM65;2
5B4ALJ;KM64;2
5B4ALN;KM64;4
5B4AMH;KM64;21
5B4AMM;KM65;8885
5B4AMM;KM64;12
5B4AMM;JN75;1
5B4AMM;KN65;1
5B4ANU;KM65;2
5B4ANY;KM65;1
5B4AOM;KM64;2
5B4APO;KM64;1
5B4AQU;KM64;83
5B4ARQ;KM64;6
5B4VL;KM64;35
5B4VL;KM65;1
5E2EZA;JO89;1
5E7AM;IM63;2
5E7PIJ/P;GE65;1
5E7QR;IM51;9
5E7SG;IM64;3
5E7SG;IM54;1
5E9QR;IM51;6
5F7PHJ/R;DR80;1
5H8HZ;KL64;1
5J4AIR;FJ35;1
5K1CB;FJ35;1
5K4AIR;FJ35;1
5K4FF;FJ35;1
5K50RM;FJ25;6
5K50RM;FJ34;1
5K87LR;FJ24;2
5K87LR;FJ42;1
5K87LR;RR73;1
5P1KZX;JO57;2265
5P1KZX;KO70;2
5P1KZX;IN89;1
5P1KZX;JO56;1
5P1OT;JO66;5
5P1W;JO55;13
5P2K;JO46;1
5P4CE;JO46;3
5P6MJ;JO54;17
5Q0X;JO54;1
5Q1K;JO56;3
5Q1M;JO57;608
5Q2J;JO55;2
5Q3DX;JO45;1
5Q3W;JO55;1
5Q60IOTA/1;JO55;5
5Q60IOTA/1;JO57;2
5Q60IOTA/1;JO56;1
5R8LH;LG17;5
5T5PA;IL10;151
5U1IFN;IF94;1
5W1SA;AH46;156
5W1SA;AH64;1
5W1SA;AR46;1
5W1SL;AH46;1
5Y6PMZ/R;BN66;1
5Z2YRI/R;AJ06;1
5Z4VJ;KI88;1938
5Z4VJ;DK23;1
5Z4VJ;KJ90;1
5Z4XB;KI88;2
6D5C;DL80;2
6E0G;EL00;1
6E1RXE;EK09;1
6E2RCG;DL73;6
6E2RCG;DL74;1
6E6E;EK09;50
6H1TLT/R;FP58;1
6K1VWD;QP16;1
6K1ZCB;CM75;1
6K2CEW;PM36;9
6K2CFI;PM37;268
6K2HMJ;PM37;2
6K2JPM;PM37;1
6K2KXX;PM37;3
6K2KXY;PM37;1
6K2LCF;PM37;1
6K2LHL;PM37;17
6K5BXQ;PM45;10
6K5BXQ;PM36;1
6K5EGD;PM37;1
6K5XHF;PM45;2
6K5ZUH;PM45;3
6L6LKB;RA83;1
6M0MM;PM36;4
6M0VF;PM35;7
6N3MFV/R;BK49;1
6O6DJS/R;PI16;1
6S8EAF/R;FI82;1
6T7IWZ;DQ61;1
6T8GIS;BP49;1
6UTC;DM03;1
6Y5EH;FK18;6
6Y5HN;FK18;16
6Y5PW;FK08;837
6Y6STAYHOME;FK18;6
7A8M;OI94;133
7C2A;OI42;264
7E1A;OI33;337
7E3E;OI62;923
7E3E;OI33;1
7E4WZN;NP31;1
7F3VAI;NO36;1
7G1RL;OI23;2
7I2S;OI52;624
7I60;NJ93;1
7I6O;NJ93;2182
7J1ADJ;PL36;2
7K1EQG;PM95;7
7K1GDS;PM95;1
7K1III;PM95;6
7K1PTT;PM96;4
7K1PYG;PM95;2
7K1RVS;PM95;2
7K1RVU;PM95;3
7K1RXU;PM95;3
7K1VKU;PM95;118
7K2ABJ;PM95;5
7K2MPF;PM95;1
7K2PZG;PM96;3
7K2QNI;PM95;1
7K2QOX;PM95;1
7K3DWN;PM95;1
7K3EUT;PM96;2
7K3EUT;PM95;1
7K3JPJ;PM95;1
7K3LHX;QM05;6
7K3MHZ;PM95;3
7K3OWM;QM05;2
7K3QPL;QM05;7
7K3QPL;PM86;1
7K4AIS;PM95;2
7K4BPT;PM84;2
7K4DHB;PM95;16
7K4DHB;PM64;2
7K4DWG;PM85;1
7K4GDC;PM96;5
7K4GDC;PM39;2
7K4GUR;PM95;48
7K4PTY;PM96;30
7K4QPC;PM95;3
7K4VPV;PM95;2
7L1CYC;PM96;2
7L1RMY;QM05;1
7L1SED;PM95;1
7L1WII;QM06;4
7L2CDG;PM96;3
7L2ERC;PM96;1
7L2MDI;PM96;1
7L2QAD;PM96;1
7L2UXX;PM95;2
7L3AEO;PM95;2
7L3JAR;PM95;83
7L3KJV;PM95;1
7L3XOY;PM95;1
7L4FCN;PM95;3
7L4IKF;PM95;4
7L4IOU;PM95;1689
7L4IOU;PM86;1
7L4IOU;PM94;1
7L4IOU;QM08;1
7L4JWS;PM96;6
7L4MDM;QM06;6
7L4NWG;PM95;4
7L4RSZ;QM05;4
7L4VYK;QM05;3
7L4VYK;PM96;1
7L4XDT;PM95;5
7M1AOO;PM95;15
7M1BFJ;PM95;1
7M1BQT;PM95;3
7M1ECD;QM05;1
7M1ELX;PM95;80
7M1ELX;PM96;1
7M1FAZ;PM95;3
7M1HID;QM05;3
7M1HID;PM93;1
7M1KJW;PM95;1
7M1MCY;PM95;11
7M1NXJ;PM95;1
7M1QBP;QM05;1
7M2DTX;PM95;1
7M2MDC;PM96;1
7M2PDT;QM05;6
7M2PSC;PM95;1
7M2SJE;PM95;1
7M2UHF;PM95;3
7M2VAP;QM05;5
7M2VPR;PM95;7
7M2VPR/P;PM95;1
7M2XDM;PM95;1
7M3DUU;PM96;3
7M3EPZ;BH08;1
7M3FMW;QM05;4
7M3FMW;PM95;1
7M3IYU;PM95;1
7M4HOA;PM95;2
7M4OBM;PM95;1
7N1AZY;PM95;28
7N1BHO/P;PM95;1
7N1DKU;QM05;3
7N1PVD;PM95;25
7N1ULD;PM95;1
7N2CQS;PM95;2
7N2JLJ;PM95;44
7N2OKM;QM06;7
7N2OKM;PP00;1
7N2VNF;PM95;2
7N3DZD;PM95;1
7N3GWD;PM95;44
7N3IJT;PM95;1
7N4AMA;QM06;1
7N4BGU;PM95;4
7N4JXR;PM95;36
7N4KQM;QM05;18
7N4MRW;PM95;16
7N4NBY;PM95;2
7N4NGN;QM06;1
7N4NJN;PM95;1
7N4SJX;PM95;10
7N4SQJ;PM96;1
7N4TDN;PM95;3
7N4WPY;PM95;1
7N4WYW/P;PM96;2
7N4XCA;PM95;1
7N4XTA;PM95;90
7Q5BM;KH67;3
7Q6M;KH67;23
7Q6UJ;KH67;15
7Q7CT;KH66;19
7Q7CT;KH76;1
7Q7EMH;KH67;7
7Q7EMH;KH66;2
7Q7EMH;KH76;1
7S9A;JO67;1998
7S9A;JO99;3
7S9A;IO81;1
7X2AR;JM16;2
7X2KF;JM06;330
7X2RF;JM16;2
7X2TT;JM16;4
7X3WPL;JM13;20
7X5EB;KG10;1
7Z100;LL14;1
7Z1AL;LL56;261
7Z1AO;KL91;77
7Z1AQ;KL91;9
7Z1BH;LL34;1
7Z1BM;LL09;3
7Z1DR;LL45;1
7Z1DS;LL34;2
7Z1FD;LK19;1
7Z1FJ;LL56;4
7Z1GF;LL34;3
7Z1IS;LL34;1592
7Z1IS;JN29;1
7Z1IS;KO70;1
7Z1IS;LL56;1
7Z1IS;OF78;1
7Z1LR;LL46;1
7Z1OO;LL56;481
7Z1TT;KL91;1
7Z1VD;LL14;1
7Z1WW;KL91;2
86PET;GK03;1
8A130NGR;OI71;1
8A526REOG;OI52;1
8A74RI/2;OI33;1
8A74RI/5;OI33;1
8A74RI/8;PN11;1
8A74RI/9;OI33;2
8A74RI/9;OI71;1
8A77BBM;OI33;1
8D3TCM/P;IN67;1
8J0FN/0;PM85;1
8J100KED;PM95;2
8J1RL;KC90;6
8J1RL;OF78;1
8J8HAM;QN13;1
8J8HKD;QN01;1
8J9FIC;JR40;1
8N0OLP;PM86;45
8N1OLP;PM86;4
8N1OLP;PM96;1
8N1Y/P;PM95;1
8N2OLP;PM84;8
8N4OLP;PM86;1
8N7OLP;QM08;1
8N8OLP;QN03;3
8N8OLP;PM86;1
8N9OLP;PM86;9
8P1W;GK03;89
8P2K;GK03;739
8P6ET;GK03;37
8P6EX;GK03;22
8P6FH;GK03;16
8P6GE;GK03;3
8P6NW;GK03;3
8P6PD;GK03;37
8P6PE;GK03;10
8P6QA;GK30;4
8P6QA;GK03;1
8P6RX;GK03;2
8Q7PR;MJ64;30
8R1TM;GJ06;413
8S2A;KP16;3
8S2DX;KP16;204
8S2X;KP03;6
8S9J;JO89;4
8W1CRW/R;AQ01;1
8X0GNT;JE75;1
8Y7VIM/P;KD51;1
986KN/R;PG88;1
9A/DL4DCW;JN85;1
9A/IZ3NVR;JN85;4
9A/OE7BFT;JN75;1
9A/OE7BFT;JN85;1
9A/W3MLJ;JN85;685
9A10FF;JN75;1
9A150NT;JO77;1
9A1A;JN85;8709
9A1A;JN75;8
9A1A;JM77;1
9A1A;JN95;1
9A1A;JO44;1
9A1A;KN04;1
9A1AA;JN95;1
9A1AD;JN85;986
9A1AD;JN75;1
9A1AX;JN75;2
9A1AY;JN85;1
9A1BN;JN75;613
9A1BN;JO22;1
9A1CBM;JN83;1310
9A1CBM;JN38;1
9A1CBM;KN35;1
9A1CC;JN75;1
9A1CCB;JN75;1
9A1CCB;JN85;1
9A1DR;JN85;2
9A1DX;JN85;1
9A1HR;JN85;2
9A1IST;JN75;6
9A1KDE;JN95;2
9A1MB;JN75;1
9A1R;JN75;1
9A24ZRF;JN75;3
9A24ZRF;PM95;2
9A2AA;JN83;2
9A2AJ;JN85;10
9A2AQU;JN86;133
9A2CD;JN75;38
9A2DM;JN86;1
9A2EU;JN75;5195
9A2EU;JN37;1
9A2EU;JN85;1
9A2EU;KN75;1
9A2EU;LN75;1
9A2EY;JN85;773
9A2EY;JN75;1
9A2G;JN95;2
9A2GA;JN75;4
9A2GB;JN75;13
9A2GU;JN83;1
9A2HX;JN83;2
9A2HX/P;JN83;2
9A2JK;JN86;1146
9A2KO;JN75;2
9A2KS;JN65;73
9A2MF;JN65;1
9A2MW;JN75;1
9A2NA;JN65;23
9A2QP;JN86;1
9A2RD;JN65;29
9A2RI;JN65;5
9A2ST;JN83;1
9A2TE;JN85;13
9A2TN;JN95;50
9A2V;JN86;1
9A2VX;JN75;464
9A2WA;JN83;12
9A2X;JN86;1
9A2Y;JN83;1
9A2ZH;JN73;1
9A2ZI;JN75;97
9A3AAW;JN86;198
9A3AJI;JN86;26
9A3AJL;JN86;4
9A3AJU;JN85;3
9A3AUH;JN75;6
9A3AVW;JN65;1
9A3AWW;JN86;1
9A3AXY;JN83;396
9A3AYU;JN86;1
9A3AYW;JN95;8
9A3CJW;JN83;218
9A3CN;JN83;2
9A3DF;JN86;41
9A3DVE;JN85;33
9A3GDR;JN76;14
9A3GDR;JN75;1
9A3GX;JN85;203
9A3JB;JN95;5
9A3JB;JN75;1
9A3K;JN65;2
9A3KG;JN83;5
9A3KRC;JN75;4
9A3LN;JN95;6
9A3LYL;JN85;4
9A3MA;JN73;32
9A3MR;JN73;20
9A3MR;JN85;1
9A3NM;JN85;10
9A3PG;JN75;3
9A3PM;JN85;1
9A3PV;JN85;8
9A3QB;JN95;1065
9A3QB;JN65;1
9A3QB;JO95;1
9A3SAI;JN65;18
9A3SM;JN85;2
9A3YV;JN86;1
9A4AA;JN75;2029
9A4BP;JN75;175
9A4BT;JN86;12
9A4FM;JN95;1
9A4GE;JN95;1
9A4KJ;JN74;174
9A4LT;JN74;2
9A4LT;JN75;2
9A4MZ;JN85;52
9A4PB;JN75;1
9A4QA;JN74;3
9A4TV;JN76;4
9A4TX;JN95;86
9A4WW;JN85;1
9A4ZM;JN64;55
9A4ZM;JN86;25
9A4ZM;JN75;2
9A4ZM;JN63;1
9A4ZP;JN86;3
9A5AFF;JN64;224
9A5AFP;JN86;1
9A5AND;JN94;2
9A5BAA;JN83;1
9A5BOC;JN86;1
9A5C;JN86;5
9A5C;JN75;1
9A5CC;JN83;1341
9A5CMD;JN75;5
9A5CW;JN65;20
9A5E;JN75;21
9A5G;JN75;146
9A5GG;JN85;1
9A5HZ;JN85;11
9A5IG;JN75;2
9A5JU;JN74;3
9A5JU;JN85;2
9A5M;JN95;2
9A5N;JN75;9
9A5RS;JN86;6
9A5ST;JN83;2393
9A5ST;JC01;3
9A5ST;IO84;1
9A5TDL;JN86;4
9A5TW;JN83;2
9A5VLK;JN82;2
9A5VS;JN75;1
9A5Y;JN85;513
9A5ZAR;JN75;21
9A66AA;JN85;1
9A6A;JN75;15
9A6ACN;JN85;1
9A6AZW;JN83;2
9A6BL;JN83;5
9A6DRZ;JN75;1
9A6DZ;JN75;1
9A6JAW;JN86;3
9A6KBQ;JN92;1
9A6KFA;JN85;1131
9A6KSF;JN75;2
9A6LI;JN65;2
9A6OY;JN83;16
9A6R;JN83;1
9A6RMI;JN75;3
9A6T;JN75;12
9A6TT;JN85;838
9A6Z;JN75;14
9A6ZB;JN74;5
9A7ABN;JN95;232
9A7BB;JN75;9
9A7BKU;JN85;2
9A7DA;JN86;4
9A7DAY;JN75;1
9A7DNZ;JN95;4
9A7IJL;JN85;1
9A7JCY;JN74;12
9A7KR;JN76;1
9A7PBV;JN85;9
9A7PLS/P;JN75;1
9A7R/P;JN75;7
9A7R/P;JN73;6
9A7SFQ;JN75;4
9A7TJ;JN75;3
9A7W;JN85;44
9A7Y;JN65;11
9A7YL;JN65;2
9A7YY;JN83;19
9A8A;JN86;14
9A9CW;JN75;5
9A9J;JN85;1
9A9K;JN85;3
9A9TT;JN76;351
9A9TT;JN56;1
9C3JIW;EC24;1
9C4NEV;KM40;1
9C7MJG/R;QK76;1
9D2IGQ;QN27;1
9F2ECJ;LP85;1
9F2ODT;JJ23;1
9F7YMZ/R;MM56;1
9G2HO;JJ06;16
9H1CL;JM75;4
9H1ES;JM75;1
9H1FF;JM75;7
9H1FL;JM75;9
9H1KR;JM75;4
9H2LB;JM75;3
9H2NC;JM75;1
9H2TM;JM75;4
9H4CM;JM76;1
9H4G;JM76;4
9H5BM;JM75;1
9H5DX;JM75;9
9H5JY;JM76;1
9H5SN;JM75;3
9J2BS;KH47;9
9J2FI;KH44;1173
9J2FI;HK44;1
9K2DB;LL49;1
9K2ES;LL39;3
9K2GR;LL49;5
9K2HM;LL49;1
9K2HN;LM30;5
9K2HN;LL39;1
9K2HQ;LL49;4
9K2HS;LL39;9
9K2KH;LL39;9
9K2MP;LL49;1
9K2NO;LL39;23
9K2OW;LL39;3
9K2TV;LL39;3
9K2YD;LL49;7
9K2YD;LL39;2
9K2YM;LL39;49
9K2YM;LL38;1
9K4KTS;PK22;1
9L6QDK/P;PE30;1
9M25MJ;OJ11;4
9M25MJ;OJ14;1
9M25MN;OJ02;2
9M25MY;OJ14;4
9M2ADI;OJ13;1
9M2ART;OJ13;1
9M2BAF;OJ13;1
9M2CDX;OJ11;5
9M2CJ;OJ03;1
9M2CJ;OJ13;1
9M2CKG;OJ13;2
9M2CNC;OJ13;1
9M2COD;OJ02;64
9M2CQC;OJ13;1
9M2DA;OJ12;77
9M2DA;OJ13;1
9M2DCY;OJ05;122
9M2DOC;OJ13;1
9M2ECG;OJ11;114
9M2EGE;OJ02;1
9M2F;OJ05;102
9M2FRI;OJ03;2
9M2HUS;OJ03;66
9M2J;OJ02;1229
9M2J;OF78;1
9M2MAD;OJ02;516
9M2MRS;OJ13;1
9M2ONK;OJ13;1
9M2OZF;OJ15;1
9M2PPM;OJ03;1
9M2S;OJ11;68
9M2SDX;OJ03;97
9M2SDX;OJ30;1
9M2TDX;OJ15;2
9M2TDX;OJ13;1
9M2TO;OJ05;2611
9M2TO;OJ13;1
9M2TO;OJ65;1
9M2TO;OK05;1
9M2WAZ;OJ02;409
9M2YGF;OJ11;1
9M4BCN;OJ05;737
9M4CKT;OJ95;111
9M4CKT;IN89;1
9M4CPJ;OJ11;1
9M4CRP;OJ75;133
9M4DXX;OJ05;932
9M4PBJ;CC61;1
9M61S;OJ85;1
9M62MR;OJ06;1
9M62MT;OJ15;7
9M62MT;OJ03;1
9M62MT;OJ62;1
9M63MR;JO06;1
9M66MB;OJ85;1
9M67MY;OJ03;3
9M6MUL;OJ95;199
9M6NA;OJ75;1
9M6RDY;OJ75;149
9M6SDA;OJ85;8
9M6SDA;OJ62;1
9M8DEN;OJ51;742
9M8DEN;OJ62;1
9M8HAZ;OJ51;3
9M8HAZ;OJ62;1
9M8J;OJ51;1472
9M8LJW;OJ51;4
9N1AA;NL27;1
9O2DOU;OR46;1
9T0IRQ/P;LI72;1
9V1AB;OJ11;1
9V1AZ;OJ11;1
9V1BD;OJ11;1
9V1CD;OJ11;1
9V1DE;OJ11;4
9V1HY;OJ11;220
9V1PL;OJ11;3
9V1SA;OJ11;2
9V1SO;OF78;1
9V1SV;OJ11;1
9V1XX;OJ11;41
9V1YC;OJ11;269
9V1YC;NJ81;1
9V1ZV;OJ11;8
9W2BAF;OJ11;1720
9W2BAF;OJ13;1
9W2BVB;OJ03;6
9W2COD;OJ02;546
9W2COD;OI02;1
9W2COD;OJ13;1
9W2DA;OJ13;1
9W2EJX;OJ03;177
9W2EYR;OJ05;97
9W2FHG;OJ05;585
9W2GEE;OJ11;168
9W2GID;OJ03;2
9W2HGZ;OJ03;202
9W2IXY;OJ03;3
9W2JNO;OJ14;62
9W2SQ;OJ03;4
9W2VGR;OJ06;13
9W2VMW;OJ03;1
9W2XBS;OJ04;109
9W2ZOW;OJ03;1
9W3FHG;OJ05;1
9W6AJA;OJ75;417
9W6MUL;OJ95;87
9W8A;OJ51;417
9W8BAT;OJ51;3
9W8BAT;OJ62;1
9W8HAZ;OJ51;247
9W8HAZ;OM10;1
9W8MAD;OJ51;265
9W8VAT;OJ52;74
9X3JDU;JN57;1
9X7RBP/R;BL49;1
9Y4D;FK90;9
9Y4DG;FK90;33
9Y4DZ;FK90;118
9Y4E;FK90;273
9Y4I;FK91;229
9Y4JAG;FK90;2
9Y4M;FK90;2
9Y4NE;FK90;70
9Y4NE;FK04;1
9Y59IND;FK90;4
9Y59IND;EM80;1
9Y60TT;FK90;37
9Y60TT;FN22;1
9Z4A;FK91;138
9Z4CAC;FK90;15
9Z4CP;FK90;1
9Z4DMD;FK90;1
9Z4DZ;FK90;128
9Z4RG;FK90;3
9Z4S;FK90;10
9Z4Y;FK90;31
A0IXW;PM86;1
A35GC;AG28;1
A35JK;AG28;3
A35JP;AG28;6
A35JP;KH66;1
A35NKP;FM17;1
A41CK;LL93;667
A41DV;LL93;1
A41JM;LL83;3
A41KB;LL93;202
A41MO;LL93;1
A41NH;LL93;1
A41NW;LL93;1
A41ZZ;LL93;73
A41ZZ;EM16;1
A45XR;LL93;127
A45ZZ;LL93;3
A54ZVB;EM77;1
A61BK;LL74;1
A61BR;LL85;2
A61DD;LL85;3
A61DI;LL64;7
A61EK;LL75;453
A61EK;KN41;1
A61FJ;LL74;36
A61MW;LL75;3
A61NN;LL75;9
A61QQ;LL74;3
A61R;LL74;9
A61SD;LL85;1
A65BR;LL75;1
A65CA;LL75;1
A65CW;LL74;849
A65DF;LL75;192
A65DF;QN03;1
A65DR;LL75;3168
A65DR;IM98;1
A65DR;LL56;1
A65DX;LL75;570
A65DX;LL73;6
A65FN;LL75;2
A65HS;LL73;3
A65IM;LL75;1
A65MR;LL74;6
A65RW;LL75;182
A65W;LL75;13
A71AE;LL55;799
A71AE;LL25;1
A71AH;LL55;12
A71AT;LL55;8
A71CT;LL55;6
A71D;FF94;1
A71E;LL55;1
A71QA;LL55;1
A71XX;LL55;6
A7WXL;QN00;1
A92AA;LL56;60
A92AB;LL56;247
A92EE;LL56;2
A92GE;LL56;3
A93LT;LL56;3
A93MO;LL56;1
A96A;LL56;1125
AA0BQ;EN35;1
AA0BV;CM88;2
AA0CW;DM58;2
AA0DM;DM79;1
AA0DY;DM78;35
AA0F;EL09;452
AA0HJ;EM09;5
AA0MZ;EM29;58
AA0N;EN42;16
AA0ND;EM09;5
AA0O;EL87;18
AA0RG;DM78;3
AA0RR;EN31;1
AA1AC;FN41;2
AA1BS;FN43;15
AA1IAT/P;QJ89;1
AA1NK;FN42;52
AA1OU;EM15;3
AA1PQ;FN41;1
AA1SQ;DM33;1
AA1SU;FN34;614
AA1XO;FN33;2
AA1ZZ;EM16;3
AA2AB;FN31;1
AA2BF;FM08;1
AA2BJ;FN30;1
AA2DG;EL87;1
AA2IL;DM12;1455
AA2JL;EL98;5
AA2MA;EM64;139
AA2MF;EL87;470
AA2MZ;FN12;1
AA2Q;EN60;10
AA2T;FN42;2
AA2TR;FN30;253
AA3AE;DM33;1
AA3B;FN20;12324
AA3B;EN20;1
AA3B;FN42;1
AA3B;FN46;1
AA3GG;FM19;1
AA3I;FN20;11
AA3IC;FN20;2
AA3KC;FM09;1
AA3LX;FN00;52
AA3MR;FN00;3
AA3OB;FM19;1
AA3R;FM29;1287
AA3S;FM19;1671
AA3SS;FN32;1
AA3T;FN10;9
AA4AL;FM05;1
AA4AT;EM75;1
AA4CB;EL88;13
AA4CEK;RP66;1
AA4CF;EM74;848
AA4CF;EM84;1
AA4CM;EM70;7
AA4CW;EM63;35
AA4DD;EM86;3945
AA4DD;EM19;1
AA4DD;EM65;1
AA4FF;EM50;3
AA4FJ;EL97;3
AA4IB;EM80;8
AA4JW;EM93;3
AA4KK;EM92;3
AA4LR;EM74;2
AA4LR;EM83;2
AA4M;DM42;13
AA4MB;EM55;1
AA4MD;EL87;3
AA4MY;EM95;7
AA4NP;EL98;24
AA4PA;EM55;2419
AA4PA;EN55;1
AA4R;EN64;20
AA4R;EM64;1
AA4RF;FM07;296
AA4RF;EM98;85
AA4RF;EM97;41
AA4RP;EM74;1
AA4SS;FM07;19
AA4SS;EM97;10
AA4SS;EM96;1
AA4TN;EM56;1
AA4U;EM64;55
AA4V;FM02;7
AA4VT;FM02;1
AA4VV;EM95;303
AA4WX;EM85;2
AA5AH;EM12;99
AA5AM;EM13;4
AA5AT;EM40;274
AA5AU;EL49;3464
AA5AU;EL40;1
AA5B;DM65;6
AA5DE;EM10;41
AA5EC;EM15;1
AA5GI;EM25;3
AA5H;EM15;1
AA5HH;EM21;38
AA5JF;EM83;1089
AA5JW;EM20;1
AA5KD;EM15;264
AA5NA;DM43;2
AA5NI;EM12;1
AA5PK;DM91;3
AA5R;EM10;1
AA5SH;EM40;1
AA5U;EL49;1
AA5UD;EM26;1
AA5UN;EM12;6
AA5UN;EL86;3
AA5VZ;EM12;1
AA5WH;EL09;34
AA5ZT;EM06;12
AA5ZY;EM22;1
AA6AA;DM05;293
AA6AU;EL49;1
AA6B;CM98;2
AA6DW;CM94;1
AA6EX;CM87;1
AA6GJ;DM14;2
AA6IO;DM03;108
AA6JR;DM04;4
AA6MK;CM87;2
AA6OC;CM87;48
AA6PW;DM03;2
AA6RE;CM97;28
AA6RE;FN31;1
AA6XX;DM13;90
AA7A;DM43;2
AA7AZ;DN05;4
AA7BK;CN85;1
AA7E;CN82;4
AA7EA;CN85;98
AA7EW;DM41;10
AA7G;FN31;2
AA7G;FN54;1
AA7GS;DN36;2
AA7J;DN30;3
AA7NM;CN86;4
AA7TC;CN85;2
AA7TS;DM25;1
AA7UN;DN32;1
AA7V;DM43;506
AA7VA;DN40;1
AA7X;DN13;1
AA8GP;EM79;16
AA8IA;EN90;46
AA8IK;EN82;1
AA8KY;EM88;13
AA8MA;EN80;248
AA8RK;EN82;1
AA8RV;EN70;1
AA8SW;EM79;744
AA8SW;EM70;1
AA8WH;EN82;2
AA8Y;DN45;2
AA8YF;EN56;1
AA8YY;EN81;1
AA9CN;EN62;2
AA9D;EN52;11
AA9DU;EN71;1
AA9GE;EN50;44
AA9GL;EM49;3
AA9GR;EM79;5
AA9HM;EN51;2
AA9JS;EN51;4
AA9L;EN62;12
AA9LC;EN50;13
AA9MG;EM67;1
AA9NN;EN61;1
AA9RR;EN62;20
AA9SK;EN52;1
AA9TL;EN61;2
AA9VI;EN52;2
AA9WP;EN63;208
AA9YP;EM69;1
AB0CD;DM79;8
AB0EZ;CN86;1
AB0H;EM37;2
AB0LM;EM26;380
AB0MB;EM29;11
AB0MQ;EN46;1
AB0R;EN35;1
AB0RX;EM48;2
AB0S;EN11;8
AB0TA;EM48;10
AB0VD;DM79;54
AB0YM;DM79;7
AB1A;EM99;5
AB1AU;FN54;11
AB1CD;EM94;1
AB1HL;RR99;109
AB1HL;FN42;44
AB1HL;EN42;1
AB1J;FN42;1040
AB1J;FN20;1
AB1NS;FN43;1
AB1OC;FN42;32
AB1TZ;FN43;1
AB1WG;FN34;201
AB2DP;FN30;1
AB2E;FM29;1115
AB2EZ;FN20;14
AB2NI;FN20;1
AB2OQ;FN02;5
AB2ZU;FN31;1
AB3BO;FM19;1
AB3JV;FM19;2
AB3S;EM47;1
AB3U;FM07;2
AB3XJ;FM18;1
AB3XL;FM19;5
AB3XL;FN20;1
AB3YR;FM18;1
AB4BA;DM79;353
AB4BC;EM96;8
AB4BZ;EM70;2
AB4EJ;EM63;5
AB4EJ;EM68;1
AB4ER;FM18;70
AB4GH;EM77;1
AB4JG;FM05;2
AB4LL;EL96;2
AB4LW;EL98;1
AB4NH;EM55;1
AB4OB;EM70;78
AB4SF;FM17;219
AB4V;FM05;1
AB4WL;EM63;12
AB4WS;EM78;2
AB5CC;EM14;5
AB5EO;DM12;3
AB5EO/6;DM12;3
AB5EO/6;EN12;1
AB5FU;EM50;14
AB5FU;CM87;1
AB5GI;EM30;3
AB5GQ;EM12;15
AB5HN;EM12;1
AB5Q;DM65;1
AB5QG;EM10;2
AB5SE;EM25;482
AB5TF;EM15;1
AB5TH;EM40;1
AB5VJ;FM19;2
AB5XM;EL09;70
AB6BR;CM87;1
AB6G;DM03;28
AB6JR;CM88;4
AB6KX;DM13;3
AB6LL;CM87;2
AB6MB;CM87;3
AB6RT;DM14;23
AB7BW;CN82;3
AB7FB;DM26;3
AB7FB;DM09;2
AB7FM;CN85;132
AB7LE;DN55;2
AB7LT;DM44;12
AB7OI;DN41;4
AB7R;DN13;2
AB7RT;BL11;11
AB8AA;EM48;5
AB8AJ;EN80;1
AB8E;FM08;8
AB8IT;EN82;3
AB8JL;EN90;14
AB8KP;EN73;3
AB8M;EN91;951
AB8MO;EN91;95
AB8O;EM79;8
AB8PS;EN83;3
AB8RL;EM98;9
AB8WD;EN72;5
AB8WW;EM88;1
AB8YF;EM79;2
AB8YZ;EM12;38
AB9AL;EN63;1
AB9B;EN50;4
AB9BH;CN87;1
AB9CN;EN62;91
AB9DR;EL88;2
AB9H;EN62;2
AB9M;EN50;23
AB9PM;EN54;8
AB9QA;EN70;1
AB9QD;EN61;1
AB9QU;EN61;4
AB9QZ;EN41;1
AB9TT;EN53;1
AB9V;EN60;4
AB9XE;EM78;4
AB9YC;EN52;389
AC0B;EN36;1
AC0DA;EN34;1
AC0DQ;EN12;6
AC0DQ;EN11;3
AC0DX;EM37;3
AC0DX/P;EM37;2
AC0EE;EM29;9
AC0IX;EN36;1
AC0M;DM79;2
AC0PN;DN83;3
AC0UH;EN41;1
AC0WL;EM57;3
AC0WM;EM14;6
AC0WN;CN73;194
AC0XB;EN36;2
AC1AS;FN53;1
AC1EG;DM78;3
AC1IX;FN32;1
AC1JM;FN42;1
AC1JR;FN42;13
AC1JR;FN32;1
AC1LC;FN43;3
AC1LL;FN53;1
AC1LU;FN42;2
AC1MT;FN42;1
AC1PI;FN43;2
AC1PK;FN43;423
AC1SM;FN54;5
AC20C;FN20;1
AC2AC;EL96;1
AC2BI;FM19;51
AC2BI;FN19;1
AC2G;FN22;8
AC2GI;FN20;5
AC2GI;FN21;2
AC2IK;FN02;1
AC2JK;FN02;1
AC2KV;FN21;3
AC2KW;EL98;8
AC2OC;FN20;96
AC2OY;FN20;1
AC2PB;FN20;3
AC2QI;FM29;1
AC2RV;FN34;1
AC2SB;FN03;40
AC2ZL;FN21;1
AC3BS;FN10;2
AC3BU;FM19;59
AC3CV;EN91;3
AC3D;EM86;1
AC3DI;FN20;4
AC3EK;FM19;150
AC3EO;FM19;10
AC3EU;FN11;5
AC3FI;FM28;3
AC3FS;FM19;2
AC3GI;FN21;2
AC3GM;FN10;4
AC3HI;FM29;4
AC3HT;FN21;7
AC3II;FN10;2
AC3IY;FM29;1
AC3JR;FN00;4
AC3KE;FN11;1
AC3LX;FN00;7
AC3MW;FM19;1
AC3PV;FN20;1
AC3RA;FN00;167
AC3SS;FM19;24
AC4BV;FM17;5
AC4CA;EM00;173
AC4DH;EM92;3
AC4G;EM65;2
AC4GW;EM77;3
AC4KT;EL98;2
AC4MG;EM73;669
AC4NP;EM95;4
AC4PQ;EM74;310
AC4PS;EM90;1
AC4R;EM72;3
AC4RX;EL87;1
AC4SJ;EM97;4
AC4UK;FM18;9
AC4VM;EM75;3
AC4WF;DM13;1
AC4YD;EM77;3
AC4ZH;EM78;5
AC5AA;EM10;1
AC5JM;EM26;1
AC5MG;EM12;1
AC5XK;FM18;356
AC6A;DM04;1
AC6BW;CM97;325
AC6DF;CN86;54
AC6EG;CM94;558
AC6K;DM14;3
AC6OT;CM87;5
AC6PJ;CM99;1
AC6RM;DM03;2
AC6SC;DM14;3
AC6T;DM04;2
AC6ZM;EM75;27
AC7AZ;DM33;2
AC7GL;DN13;669
AC7GL;CN73;1
AC7NU;CN85;6
AC7P;EL09;2
AC7PB;CN87;2
AC7QO;DN31;3
AC7SG;CN88;4
AC7SG;CN87;1
AC7UT;DN33;7
AC7WY;DN61;3
AC8AZ;EN72;7
AC8DB;EN82;1
AC8JT;EN90;3
AC8LW;EN80;1
AC8M;EN72;2
AC8MR;EN82;1
AC8NE;EM85;1
AC8NW;EN91;1
AC8RH;EN80;1
AC8SM;EM79;1
AC8TE;EN82;2
AC8TO;EN82;712
AC8WS;EN81;3
AC8XI;EN82;1
AC8Y;FM18;383
AC8YA;EN82;2
AC8ZD;EN82;17
AC8ZL;EN72;1
AC8ZU;EM79;374
AC9BA;EN53;1
AC9EM;EN52;2
AC9EM;FN31;1
AC9EV;EN43;1
AC9HP;EM69;67
AC9IR;EN53;12
AC9JU;EN44;21
AC9LF;EN53;1
AC9O;EN52;4
AC9QM;EN70;3
AC9QR;EN53;6
AC9S;EN50;483
AC9SJ;EN61;9
AC9WN;EN51;140
AC9WQ;EN61;4
AC9XH;EN60;1
AC9XW;EN53;21
AC9YY;EN51;1
AC9ZZ;EM58;13
AD0AA;EN35;18
AD0AA;EN24;2
AD0AA;EN34;2
AD0AR;EN41;9
AD0BK;EN14;1
AD0BY;EM57;2
AD0CH;EM29;4
AD0DA;DN31;2
AD0DB;EN25;1
AD0DB;EN43;1
AD0GS;EN41;1
AD0IE;DM78;1
AD0IU;DN70;1
AD0LI;DM69;1
AD0TU;EM39;1
AD0TZ;EM19;2
AD0VC;DM79;3
AD0W;EN21;4
AD1B;FN42;2
AD1C;DM79;284
AD1JF;FM16;2
AD2AG;FN20;6
AD2BL;EM91;1
AD2CD;FN20;1
AD2CM;FM28;2
AD2DD;FN12;1
AD2HL;FN31;79
AD2KX;FN20;1
AD2L;FN11;103
AD2Z;FN12;1
AD3C;FN10;3
AD3I;EM94;1
AD3VO;DM03;2
AD3Y;FM29;3
AD4BB;EM74;2
AD4C;EL97;8
AD4DN;FM04;9
AD4GG;EM55;134
AD4K;FM08;40
AD4NY;EM61;8
AD4TH;FM03;2
AD4TJ;FM08;1383
AD4UL;EN92;2
AD4UL;EL98;1
AD4YJ;EM77;1
AD4Z;EL95;3
AD4ZU;EM47;1
AD5AX;EL29;1
AD5CA;EL18;4
AD5CQ;EL29;1
AD5GH;FN42;1
AD5JK;EM15;4
AD5MO;EM31;1
AD5QA;EM73;1
AD5T;EM54;1
AD5WB;EL29;1
AD5XR;EM42;7
AD5ZA;EM60;3
AD5ZA;EM47;1
AD5ZT;EM32;1
AD6CY;DM04;1
AD6GE;DM03;3
AD6HF;DM15;3
AD6HR;DM37;1
AD6KH;CM95;7
AD6KH;CM97;1
AD6WL;DM14;14
AD7FC;CN96;3
AD7J;DM26;445
AD7MC;CN85;3
AD7N;DN31;231
AD7OY;DM27;1
AD7QC;DM16;2
AD7SH;DN22;4
AD7TS;CN87;2
AD7V;DN50;1
AD7XG;DN07;4
AD8AL;EM89;2
AD8BU;EN61;3
AD8FD;EM79;82
AD8GN;EN72;1
AD8HR;EN80;6
AD8IF;EN72;1
AD8IO;EN81;2
AD8IZ;EM89;117
AD8J;EM85;11
AD8KN;EN72;1
AD8LE;EM79;1
AD8LF;EN72;5
AD8MP;EN82;3
AD8MR;EM89;1
AD8MS;EN83;4
AD8OM;EM79;7
AD8Y;EN91;2
AD9AB;EN63;2
AD9AC;EM59;3
AD9AR;EM69;29
AD9BL;DN67;4
AD9DU;EN52;29
AD9GE;EM69;11
AD9H;EN61;2
AE0BK;DN87;2
AE0CJ;EM48;1
AE0CM;EN34;1
AE0DC;EM49;31
AE0DM;DM59;3
AE0DX;EN42;701
AE0JM;DN70;242
AE0LB;EM29;4
AE0NB;DM79;1
AE0PB;EM18;4
AE0PL;EN10;12
AE0PT;EM19;5
AE0PT;FN40;1
AE0QG;EN10;3
AE0SR;EN11;2
AE0SR;EL88;1
AE0TB;EN32;18
AE0UB;EM38;4
AE0XJ;EN34;3
AE0XL;EN34;3
AE1G;FN42;1
AE1N;FN42;119
AE1TG;FN54;2
AE2EC;FN21;9
AE2EE;FN02;2
AE2NY;FN30;1
AE2T;FN03;1
AE3D;FM18;103
AE3S;FM19;1
AE3T;FN20;9
AE3T;FM19;2
AE4AN;FM17;2
AE4CC;EM13;53
AE4CW;EM73;3
AE4EK;EL88;1
AE4FQ;EM64;22
AE4FQ;EL98;1
AE4FQ;EM74;1
AE4GH;EM77;1
AE4IM;FM05;1
AE4IN;EM62;2
AE4M;EM64;1
AE4NT;EL98;58
AE4S;EM70;12
AE4WC;FM07;1
AE4WG;EL99;55
AE4WX;FM05;1
AE4XO;EM82;1
AE5EO;EL29;1
AE5FM;EM13;1360
AE5FY;EM12;3
AE5JD;EL16;13
AE5JH;EL07;5
AE5LQ;EL29;12
AE5TG;EL29;2
AE5TI;EM45;1
AE5UV;EM12;1
AE5X;EM20;49
AE6CC;CM97;1
AE6CH;CM97;50
AE6FN;CM87;3
AE6JV;CM97;554
AE6NM;EL09;1
AE6NN;DM13;1
AE6PRE;KL04;1
AE6Q;DM43;3
AE7AA;DN28;68
AE7AB;DN28;2
AE7CW;DM34;1
AE7PH;DM43;1
AE7PT;DM34;1
AE7QT;DM16;4
AE7QT;CN86;1
AE7RN;DN45;14
AE7SI;CN85;1
AE7W;CN85;1
AE8AT;EM89;218
AE8FP;EM89;3
AE8JF;EN82;2
AE8JG;EM89;10
AE8S;EM79;7
AE8SP;EN82;2
AE8TF;EN82;117
AE9J;EM69;7
AE9LL;EM79;453
AE9LL;EM97;1
AE9O;EN61;1
AE9P;EN61;1
AE9Q;DM42;1
AE9R;EM69;1
AF0E;DM68;7
AF0E;DM79;1
AF0G;EM28;510
AF0M;DM78;1
AF0S;DM78;1
AF2D;FM08;1
AF2F/2;FN20;1
AF2F/W4;FM25;34
AF3K;EL96;1
AF3M;FM03;1
AF4AA;EM74;3
AF4CD;FM16;4
AF4HS;EM82;12
AF4JK;FM17;2
AF4MT;EL96;4
AF4NM;EM76;1
AF4OD;EM72;15
AF4T;EM86;1570
AF4T;FM86;1
AF4Y;EM87;1
AF4ZE;FM05;31
AF5AR;EM34;6
AF5BV;EM20;2
AF5CC;EM04;939
AF5CC;DM92;1
AF5CC;FN20;1
AF5CC;RM04;1
AF5DE;EM25;2
AF5ID;EM16;1
AF5JM;EM22;2
AF5JM;EM23;1
AF5KZ;EM12;1
AF5Q;EM04;5
AF5T;DM13;14
AF5T;DM12;4
AF5XZ;EM12;294
AF5XZ;EM74;1
AF6DR;CM87;1
AF6DW;CM87;4
AF6GM;DM12;4
AF6JO;DM12;5
AF6O;DM14;8
AF6PH;CM98;1
AF6PK;CM98;191
AF6PM;DN17;2
AF6QI;CM98;1
AF6SA;CM98;2046
AF6TF;CM98;2
AF7AV;CN87;1
AF7EL;DM33;7
AF7HG;DN45;1
AF7NW;CN86;3
AF7NX;CN84;195
AF7NX;DN00;1
AF7RV;CN87;1
AF7SQ;DM42;1
AF7WH;DN17;1
AF7Z;DN40;36
AF8C;EN81;29
AF9A;EM69;1
AF9W;DM42;3
AG0A;DM78;1
AG0N;DN81;14
AG1A;FN42;9
AG2J;FM29;550
AG2J;FN29;1
AG2J;PM29;1
AG2K;FN31;167
AG2TH;DM43;1
AG3U;FN00;4
AG4DW;EM74;2
AG4EX;EM78;2
AG4H;EM63;1
AG4JO;EM74;8
AG4KN;EM04;1
AG4OA;EM86;2
AG4OB;EM86;4
AG4OS;EM64;1
AG4Q;FM19;8
AG4QD;EM73;9
AG4SO;FM09;5
AG4ZV;EM63;2
AG5BG;EL09;1
AG5CN;EM25;4
AG5FP;EM51;1
AG5HC;EM35;257
AG5IN;EM40;1
AG5JU;EL09;9
AG5JVL;JD11;1
AG5JW;EM40;802
AG5P;EM34;1
AG5PC;EM12;101
AG5SQ;EM15;1
AG5U;EM10;1
AG5UN;DM93;3
AG5VE;EM20;4
AG5WE;EM35;18
AG5WY;EM50;1
AG5XI;EL09;8
AG5YM;EM12;1
AG5ZH;EM50;2
AG6JA;CM87;101
AG6QV;CN87;4
AG6RS;DM03;1
AG6TT;CM97;1
AG6WH;CM87;1
AG6X;DM12;39
AG7AB;DM44;136
AG7AB;DM43;2
AG7E;DM09;1
AG7EM;DM42;3
AG7HY;CN84;1
AG7IG;DN17;10
AG7JG;DM42;2
AG7JV;FN64;2
AG7KU;DM43;7
AG7O;DM79;2
AG7PZ;CN92;3
AG7RN;CN87;4
AG7SM;CN87;1
AG7SU;CN85;1
AG7TH;CN84;24
AG7UN;DN13;427
AG7WI;CN86;168
AG7WN;DN17;1
AG8A;EL87;23
AG8AR;FM15;1
AG8M;DM33;3
AG8P;EN62;2
AG9S;EN61;3
AG9SG;EM12;140
AH0U;CM97;1
AH2EJ;QK23;37
AH2EJ;NA44;1
AH2O;FN30;2
AH6HR;FM17;2
AH6HY;BL11;19
AH6JA;BK29;1
AH6JS;DN43;1
AH6KO;BK29;49
AH6NF;BL11;61
AH6NF;OI66;1
AH6OC;BL11;89
AH6P;DM26;1
AH6SU;EM51;6
AH6SZ;BL10;824
AH6U;BL10;66
AH6U;BK29;2
AH6WN;BL01;6
AH7C;BL11;2
AH7D;CM87;34
AI0Y;EN34;208
AI0Y;EN08;6
AI0Y/9;EN34;1
AI1ME;FN42;3
AI1V;FN31;13
AI2D;FM29;15
AI2I;FM29;17
AI2M;FN13;1
AI2N;FN13;1
AI3JSW;DB14;1
AI3KS;FM19;324
AI3Q;FN21;916
AI4AK;EM74;1
AI4DB;EM55;1
AI4EW;FM05;7
AI4FR;EL88;341
AI4IE;EM78;1
AI4KA;EM70;26
AI4LU;EM77;3
AI4MS;DM33;4
AI4QT;EM74;22
AI4QT/P;EM74;2
AI4RB;EL97;1
AI4SP;EM73;1
AI4TT;EL97;6
AI4TY;EM66;4
AI4UC;FM19;2
AI4WW;EL96;248
AI4ZD;EM95;1
AI5DQ;EM32;1
AI5DZ;EM12;2
AI5FZ;EM54;11
AI5G;EM13;1
AI5HG;EM54;438
AI5HG;EM11;1
AI5II;EM72;8
AI5IN;EM20;1
AI5LC;EL09;1
AI5MB;EM12;2
AI5MI;DM62;1
AI5NE;EM00;3
AI5NO;EM12;1
AI5NR;DM63;1
AI5PH;EM15;1
AI5PP;EM54;1
AI5R;EM12;1
AI5SF;EM16;6
AI5SM;EM47;1
AI6B;CM88;5
AI6DG;CM98;2
AI6DO;DM03;3
AI6GM;CM87;1
AI6HD;DM13;1
AI6KG;CM87;1
AI6KM;DM12;1
AI6MH;DM12;1
AI6MQ;DM07;2
AI6MW;DM04;2
AI6UI;CM97;4
AI7AQ;DM43;2
AI7BL;CN85;2
AI7EQ;CN94;1
AI7LU;CN94;2
AI7NC;CN84;23
AI7OZ;CN87;381
AI7PC;DM33;3
AI7PS;CN87;2
AI7TX;CN97;6
AI7WT;DM44;1
AI8F;EM74;9
AI8F;EM47;1
AI8Y;EN91;1
AI9F;EM58;6
AI9H;EM68;1
AI9K;EM48;2
AI9L;DM35;4
AI9Q;CN85;3
AI9T;EM69;3143
AJ0SE;CM87;71
AJ1AJ;FN42;12
AJ3C;FN20;1
AJ3M;FM18;67
AJ4A;EM77;16
AJ4AV;EM73;1
AJ4BD;EM96;1
AJ4F;EL29;353
AJ4FF;FM08;1
AJ4HW;EM75;23
AJ4LN;FM19;5
AJ4MP;EM78;1
AJ4OA;FM17;1
AJ4P;EM75;1
AJ4RJ;EM74;3
AJ4TF;EM96;18
AJ4TF;EL29;1
AJ4TJ;FN10;1
AJ4UQ;FM02;75
AJ4UQ;EM83;1
AJ4W;EM64;7
AJ4XM;EL96;31
AJ5E;FM02;208
AJ5S;EM42;6
AJ5V;EM16;1
AJ6BD;CM87;1
AJ6BH;CM97;2
AJ6CE;CM89;1
AJ6CU;CM87;1
AJ6CY;CM97;300
AJ6FB;CN81;3
AJ6HO;DM14;1
AJ6HT;CM87;1
AJ6KX;CM87;1
AJ6LG;CM97;2
AJ6MF;DM13;88
AJ6N;DM03;1
AJ6NB;DM15;2
AJ6RX;DM14;92
AJ6T;EM66;79
AJ6T;EM64;19
AJ6TE;FM19;2
AJ6TL;DM03;7
AJ6V;CM87;3288
AJ6V;DM87;1
AJ6VY;CM87;1
AJ6WB;DM14;1
AJ6X;CM87;3
AJ7AY;CN85;2
AJ7B;CN88;1
AJ7H;DM33;1
AJ7M;CN88;1
AJ7S;CN82;3
AJ8U;EL96;13
AJ9C;EN70;5
AJ9X;FM19;6
AJ9X;FM18;1
AK0DX;DM79;3
AK0MR;DM59;9
AK1P;FN42;2
AK1P/1;FN42;1
AK1W;FN42;1
AK2AK;FN20;1
AK2B;CM98;1
AK2F;FN20;3
AK3B;FM19;4
AK3F;FM19;4
AK3Y;FM19;1
AK4AO;FM18;577
AK4BW;EM70;3
AK4D;EM95;2
AK4HP;EM47;1
AK4LK;DM78;4
AK4LK;DM79;2
AK4N;EL99;1
AK4PR;EM64;2
AK4QR;EM64;2
AK4R;EM65;1
AK4RF;NM14;5
AK4T;EM74;2
AK4TW;FM16;1
AK4XO;EM95;2
AK4Z;EM75;7
AK5CT;EM54;7
AK5DA;EM22;6
AK5Q;EM00;2
AK5X;EM12;1
AK5Y;EL09;254
AK5Y;EM54;1
AK6A;CN84;857
AK6AS;DM08;2
AK6BE;CM95;2
AK6CS;DM03;5
AK6FK;DM13;1
AK6LW;CM87;59
AK6OE;DM13;1
AK6R;DM13;6
AK7LV;DM26;3
AK7W;DM42;345
AK7W;FM04;1
AK8A;EN62;2
AK8CZ;EN91;3
AK9B;DM61;27
AK9S;EN61;7
AL0A;FN43;2
AL3X;FM18;1
AL6A;BP51;129
AL7B;BP51;4
AL7DS;EN61;9
AL7JR/7;DM37;1
AL7JX;BO49;2
AL7KT;EM86;5
AL7LO;BP51;398
AL7T;EN25;2
AL7TC;BP51;8
AL9G;BP51;1
AM5FAB;IM98;1
AM6AUW/R;KB78;1
AN8HZW;HD83;1
AP2AJM;MM63;2
AP2AM;MM63;1
AP2HA;MM63;518
AP2HA;MM50;1
AP2IN;MM63;3
AP2IN;MM61;1
AP2MKS;MM63;8
AP2MKS;MM50;1
AP2MO;MM71;1
AP2NK;MM63;2
AP2TN;ML34;6
AP75IN;MM51;1
AP75PAK;MM51;1
AP75TN;MM51;2
AS6SA;CM98;1
AT3MOON;ML82;1
AT5KLH;ML82;1
AT5NHE;OE88;1
AY9W;FE64;827
AZ1D;FF94;2024
AZ1D;FF98;1
AZ3E;FF93;5
AZ5D;FF96;995
AZ6STC;BL60;1
B1CRA;ON80;1
B1DSA;ON80;1
B23EMU;NL34;1
B4CRA;OM86;2
B4FP;EL89;1
B61X;FK90;1
B69CMY;LB04;1
B6MPL;LM74;1
B82CXE/R;LC47;1
BA1GG;OM79;1
BA1PK;ON80;853
BA1PK;JN80;1
BA1PK;OI32;1
BA2BA;PN47;578
BA2BA;ON80;1
BA2BI;PN44;57
BA3GG;PM01;90
BA3KY;ON40;247
BA3KY;ON80;1
BA3MM;OM78;556
BA3QIQ;OM99;3
BA3RG;OM78;4
BA3TM;OM89;16
BA3TY;OM67;4
BA3TY;QM67;1
BA3XM;OM87;558
BA3XM;OM56;1
BA3XM;OM89;1
BA46KC;OM65;1
BA4DL;PM01;254
BA4DL;OL67;23
BA4DL;DM01;1
BA4EG;PM01;2
BA4EO;PM01;1
BA4IE;OM86;11
BA4IE;OF78;1
BA4IT;PM05;169
BA4IZZ;OM95;265
BA4IZZ;OM64;2
BA4KR;OM86;1
BA4MY;OM86;10
BA4OO;OM96;10
BA4QDS;OM92;2
BA4QYB;OM91;5
BA4RKS;OM92;1
BA4SCP;PM01;220
BA4SD;PM01;4
BA4SE;PM01;1
BA4SEX;PM01;244
BA4SEX;PM95;1
BA4SQI;OM91;76
BA4TAW;PM05;3
BA4TAW;ON80;1
BA4TB;PM01;490
BA4TB;PN01;1
BA5AB;PL09;6
BA5AG;PM00;5
BA5AL;OM90;2
BA5AN;PM00;2
BA5AU;PM00;4
BA5AU;OM91;1
BA5CJ;PL07;16
BA5CW;PM00;16
BA5HAM;PM00;2
BA6IM;OM65;2
BA6KC;OM65;2258
BA6KC;PM00;1
BA7BK;OL67;5
BA7IO;OL73;2
BA7IWL;OL63;2
BA7JMO;OL72;256
BA7JMO;OL62;95
BA7KTA;OL63;100
BA7LAB;OM49;139
BA7LAB;IN89;1
BA7LAB;QM49;1
BA7LAC;OL63;2
BA7LCS;OL62;66
BA7LFI;OL63;5
BA7LFQ;OL51;106
BA7LGW;OL62;2
BA7LIP;OL62;3
BA7LIX;OL62;1
BA7LLU;OL63;1
BA7LTZ;OL62;180
BA7LTZ;OL63;1
BA7LUI;OL63;226
BA7LUO;OL63;2
BA7MTH;OL83;50
BA7MZK;OL72;2
BA7NDZ;OL62;1
BA7NFA;OL62;4
BA7NQ;OL63;6
BA7NXE;OL72;1
BA7NZC;PN29;3
BA7OTL;PO22;5
BA7SAY;OL53;4
BA8AEK;OM20;117
BA8DV;OM20;489
BA9BF;OM91;122
BA9BF;OM64;53
BD0BK;NN33;1
BD0BK;ON80;1
BD0EI;NN33;1
BD1MWH;OM16;1
BD1TX;OM99;1
BD2AAJ;PN47;27
BD2BN;PN35;1
BD2CO;PN48;394
BD2CO;KO00;1
BD2CO;PM48;1
BD2EI;PN35;14
BD2FW;PN27;2
BD2IAQ;PN13;59
BD2LA;PN42;8
BD2PM;PN33;7
BD2PM;PM86;1
BD2RJ;PM19;72
BD2TBJ;PN01;48
BD3CB;OM88;1
BD3GNI;ON40;496
BD3ML;OM77;8
BD3MN;ON70;33
BD3MUU;OM76;355
BD3OD;OM78;113
BD3OJ;OM76;32
BD3OLO;OM78;1
BD3OZH;OM78;2
BD3POT;OM78;3
BD3PPA;OM78;309
BD3PZF;OM78;1
BD3QT;OM78;8
BD3QT;ON78;1
BD3RK;OM77;1
BD3RQ;OM16;1
BD3SK;OM89;1
BD3SO;OM69;1
BD3TE;OM89;255
BD4AAQ;PM01;4
BD4AAQ;OF78;1
BD4BVE;ON80;1
BD4CRN;PM01;46
BD4ITM;OM95;1018
BD4JN;OM86;793
BD4LB;PM06;1
BD4MCG;OM95;126
BD4MN;OM95;2
BD4OT;OM96;1
BD4QA;OM91;62
BD4QB;OM91;255
BD4QXR;OM84;332
BD4REC;OM91;2
BD4RHV;OM91;95
BD4RHV;OM92;66
BD4SDO;PM01;537
BD4SDX;PM01;376
BD4SEC;PM01;2
BD4STG;OM91;9
BD4SUH;OM91;3
BD4SUV;OM92;1
BD4SVU;OM92;615
BD4SVU;OM02;1
BD4TSK;PM01;1
BD4TXE;OM94;6
BD4TZH;PM01;1
BD4TZY;PM01;3
BD4UJ;PM02;966
BD4UMS;OM92;2
BD4UMZ;PM02;1
BD4UN;PM02;1425
BD4UNT;OM92;3
BD4UOS;OM92;3
BD4UOZ;OM92;2
BD4USZ;OM92;10
BD4UTJ;OM91;2
BD4VGZ;OM84;513
BD4VLQ;OM91;1
BD4VOJ/QRP;PM01;4
BD4VQK;PM01;1
BD4WBT;PM01;6
BD4WBT;ON80;1
BD4WC;PM01;2
BD4XEC;PM02;16
BD4XGP;OM91;2
BD4XNS;PM01;1070
BD4XUN;OM91;2
BD4XZC;OM93;75
BD4XZC;OM92;1
BD5BPA;PL08;231
BD5CAM;PL09;7
BD5HNQ;PM00;3
BD5II;OL89;3
BD5UQ;OL94;1
BD6AHP;OM92;28
BD6AS;OM90;2
BD6IF;OM64;124
BD6JN;OM64;2450
BD6JN;IN89;1
BD6JO;OM73;3
BD6QW;OM70;616
BD6RAV;OM62;4
BD6RAV;ON80;1
BD6RN;OM70;1073
BD6SM;OM50;693
BD7BS;OL69;8
BD7BW;OL65;3
BD7GB;OL68;3
BD7IBN;OL62;1
BD7IIS;OL62;291
BD7IIS;OL63;1
BD7ISO;ON80;3
BD7ISO;OL72;2
BD7JHZ;OL63;1
BD7JMR;OL62;3
BD7JMR;OM20;1
BD7JNA;OL63;5
BD7KWU;OL62;15
BD7LMA;OL63;159
BD7LMA;KM72;1
BD7LMA;OL43;1
BD7LMB;OL62;2783
BD7LMB;OL63;2132
BD7LNE;OL62;1
BD7LZM;OL62;1
BD7NFN;OL63;2
BD7NSK;OL62;464
BD7NSK;OL63;1
BD7NVL;OL62;1
BD7NWF;OL72;223
BD7OA;OL73;167
BD7OEH;OL63;2
BD7OH;OL72;6
BD7OVG;OL72;347
BD7OVG;OL63;1
BD7OXR;OL62;221
BD7OXR;OM16;1
BD7PA;OL63;1
BD7PCA;OL83;63
BD7PKB;OL73;1
BD7PRC;OL63;104
BD7PRC;PO13;5
BD7TBP;OL42;2
BD8AHK;OM20;17
BD8ALS;OM20;336
BD8ALS;JM20;1
BD8BTP;OM10;1
BD8CBX;OM20;75
BD8CG;OL39;258
BD8CHI;OM21;347
BD8CNL;OL28;8
BD8CQW;OM20;6
BD8DEJ;ON80;2
BD8DFK;OM20;1
BD8DHZ;OL28;1
BD8DMC;OM20;3
BD8DOK;OL29;7
BD8DOK;ON80;2
BD8DUH;OM20;1
BD8ELZ;OM31;106
BD8ENU;OM21;124
BD8ENU;KO38;1
BD8ENX;OM20;1
BD8FTC;OM20;35
BD8FWW;OL19;1
BD8GK;OL39;6
BD8NBG;OL36;9
BD8NBG;OL67;1
BD8SN;OL15;2
BD8TE;OL15;3
BD9AC;OM44;308
BD9AC;OM48;6
BD9AC/9;OM44;1
BD9AC/9;OM48;1
BD9ATY;OM44;4
BD9DM;OL72;3
BD9NDM;HP60;1
BG0ATE;NN31;281
BG0ATE;PM95;1
BG0BBB;NN33;32
BG0BPZ;NN33;333
BG0BPZ;OM20;1
BG0BPZ;PM53;1
BG0CAB;NN33;1749
BG0CAP;NN33;1
BG0CFD;NN33;2
BG0DAP;NN33;14
BG0DFS;NN03;2
BG0DKV;NN33;106
BG0DLA;NN24;733
BG0DLL;NN00;1
BG0DMU;NN25;1
BG0DRM;NN01;1
BG0DVD;MM99;271
BG0DVD;KQ99;1
BG0EFD;NN33;1
BG0EJN;NN44;578
BG0EJN;NN16;113
BG0EJN;NN24;1
BG0ELR;NN34;2
BG0EOQ;NN33;1
BG0ETY;NN33;478
BG0GE;OM06;2
BG0IV;PM00;3
BG1AL;OM89;21
BG1EHD;OM89;1
BG1EJS;ON80;1
BG1HE;OM89;3
BG1LPG;OM89;119
BG1LYZ;OM89;7
BG1REN;ON80;29
BG1SB;ON80;5
BG1SVF;OM89;87
BG1SVF/QRP;OM89;1
BG1TPT;OM89;79
BG1URZ;ON80;1
BG1WNU;ON80;385
BG2ASC;PN17;673
BG2ATH;PN26;6
BG2AUE;PN35;4
BG2AYK;PN35;5
BG2AZY;PN35;1
BG2BFG;PN26;6
BG2BRQ;PN26;1
BG2CTF;PN35;1
BG2DHZ;PN26;1
BG2DIH;PN26;5
BG2DVL;PN35;83
BG2EFX;PN26;8
BG2ELG;PN17;1
BG2ENW;PN35;518
BG2EVB;PN36;1
BG2EWN;PN26;1
BG2EZM;PN56;14
BG2EZM;ON80;1
BG2GFW;PN56;1
BG2GNR;PN17;260
BG2HE;PN11;1
BG2IHF;PN23;14
BG2JET;PN42;343
BG2KAJ;PN23;452
BG2KAJ;PN11;2
BG2KAJ;OM89;1
BG2KUD;PN21;6
BG2KVG;PN23;1
BG2KZT;PN53;1
BG2LAS;PN23;1
BG2LAU;PN23;192
BG2LCG;PN52;154
BG2LLU;PN23;1
BG2LNV;PN23;10
BG2LXX;PN23;11
BG2LZP;PN15;2
BG2MCU;PN23;20
BG2MER;PN23;2
BG2MGR;PN23;378
BG2ROV;PM09;1
BG2TAN;PM09;1
BG2TFW;ON80;1
BG2TFW;PN11;1
BG2UKX;PN01;6
BG2UTJ;PM08;152
BG2VMI;PM08;3
BG2WAH;PN11;7
BG2WMA;PN11;7
BG3CTD;OM89;5
BG3CTD;OM85;1
BG3GBZ;ON40;203
BG3GBZ;OI76;1
BG3GFI;ON40;14
BG3GRU;ON50;6
BG3GRU;ON40;1
BG3HMQ;ON40;507
BG3ILY;ON40;337
BG3ITB;ON50;389
BG3IYX;ON40;1
BG3JGE;ON40;86
BG3KKZ;ON40;100
BG3NBD;OM99;1
BG3OJZ;OM78;2
BG3OJZ;ON80;2
BG3PRF;OM78;201
BG3RZA;ON70;9
BG3UFC;OM55;663
BG3UPS;OM67;2
BG3UTD;OM67;2
BG4ACY;PM01;4
BG4FRZ;PM01;3
BG4GTL;PM01;100
BG4HY;PM00;1
BG4HYK;PM00;192
BG4HYK;PM01;23
BG4IAJ;OM96;2
BG4IWL;OM96;169
BG4LSA;OM86;3
BG4LSA;OF78;1
BG4NMT;OM86;1
BG4OXQ;OM86;1151
BG4OXQ;ON80;2
BG4OXQ;KM65;1
BG4OXQ;KM86;1
BG4QNE;OM92;1
BG4QOJ;PM01;2
BG4RJT;OM92;13
BG4RJT;ON80;1
BG4SE;OM92;126
BG4TRN;PM01;10
BG4UCZ;PM02;25
BG4UQX;PM02;10
BG4URH;PM02;1
BG4UVR;PM01;369
BG4UVY;PM02;23
BG4UWQ;PM01;13
BG4VOL;OM94;1
BG4VOL;ON80;1
BG4WOM;OM92;556
BG4WOM;OM91;27
BG4XXR;PM03;5
BG5AEY;PM00;11
BG5AIH;PM00;1
BG5AOM;PM00;2
BG5ATV;PM00;218
BG5AXZ;OM90;1
BG5BAA;PM00;1747
BG5BAA;OL99;1461
BG5BAA;PL07;270
BG5BAA;ON80;3
BG5BAA;IO91;1
BG5BAA;KD41;1
BG5BAA;OM80;1
BG5BAA;RR73;1
BG5BDY;PL08;1
BG5BJD;PL09;1
BG5BQB;PM00;3
BG5BVI;PM00;1
BG5CAH;PL09;11
BG5CCB;PL09;2
BG5CNL;PL09;972
BG5CPM;PL09;3
BG5CPW;PL09;5
BG5DON;OL99;2
BG5DOY;OM90;15
BG5DOY;OM92;3
BG5DVA;PM00;1
BG5EFD;PM00;1
BG5EGC;PL08;1
BG5EIB;PM00;10
BG5FCH;PL08;539
BG5FLP;PM00;1
BG5GDP;PM00;439
BG5GFU;PL09;9
BG5GLJ;PL09;6
BG5GLV;PL09;14
BG5GLV;IN99;1
BG5GLV;ON80;1
BG5GVK;PM00;49
BG5HKI;OM90;6
BG5ILE;OL77;22
BG5ILX;OL78;3
BG5IOW;OL78;6
BG5IRF;OL79;3
BG5IVJ;OL67;199
BG5IZL;OL78;4
BG5IZL;ON80;2
BG5JGG;OL79;279
BG5TOX;PM00;37
BG5TOX;OL96;1
BG5TVX;OL94;2
BG5UER;OL96;1
BG5UEZ;OL84;305
BG5UIH;ON80;1
BG5USO;OL96;2
BG5UZW;OL96;8
BG5VAH;OL94;1
BG5VCP;OL94;4
BG5VCU;OL96;181
BG5VES;OL95;3
BG5VEX;OL96;1
BG5VGK;OL96;3
BG5VIN;OL85;1
BG5VLI;OL94;2
BG5VLI/QRP;OM16;1
BG5VLI/QRPP;OM16;1
BG5VSB;OL97;1
BG5VVK;OL96;2
BG5VWF;OL96;1
BG6AWC;OM81;2
BG6BB;OM80;1
BG6FEA;OM91;5
BG6GQE;OM82;50
BG6GQE;PL74;1
BG6HFD;OM82;72
BG6HLQ;OM81;28
BG6HNO;OM81;4
BG6HTI;OM80;34
BG6HXD;OM83;252
BG6HXG;OM83;10
BG6IC;OM75;1
BG6IMK;OM16;1
BG6IRO;OM64;2
BG6IYU;OM64;1
BG6JYE;OM74;1
BG6KCS;OM65;2
BG6KPQ;OM74;193
BG6KPQ;OF78;2
BG6LH;OM89;21
BG6LRC;OM64;3
BG6OJB;OM74;227
BG6OQI;OM64;388
BG6QBV;OM70;2398
BG6QBV;OM60;1
BG6QEY;OM60;19
BG6QJZ;OM70;125
BG6RCW;ON80;1
BG6RI;OM70;2
BG6RJN;OM62;223
BG6RJN;OM60;2
BG6SNJ;OM50;1067
BG6SRM;OM61;2
BG6TCN;OM70;1
BG6TVZ;OM70;1
BG6TWC;OM61;51
BG6TWT;OM70;116
BG6UFZ;OM50;89
BG6UFZ;OM60;9
BG6VBM;OM52;473
BG6VBM;PM02;1
BG6VGZ;OM50;2
BG6VMR;OM70;1
BG6WA;OM70;3
BG7BES;OL67;11
BG7DCS;OL57;2
BG7DKN;OL67;262
BG7DSU;OL65;1
BG7DSU;OL72;1
BG7FPZ;OL56;3
BG7GRE;OL47;218
BG7HEJ;OL63;1
BG7HOF;OL69;2
BG7IKK;OL63;1
BG7LJ;OL72;4
BG7MQO;OL73;1
BG7MWX;OL63;1
BG7NF;OL62;1
BG7NRG;OL63;14
BG7OO;OL63;10
BG7PHA;OL72;7
BG7QOA;OL42;1
BG7SA;OL42;15
BG7SAY;OL53;6
BG7SFE;OL52;27
BG7SSK;ON80;1
BG7TCM;OL55;39
BG7TNB;OL55;23
BG7TPJ;OL54;6
BG7XNG;OL42;2
BG7XVX;OL52;665
BG7XVX;OI52;1
BG7XVX;OL42;1
BG7XWK;OL63;1
BG7YB;OL50;1
BG7YYN;OL50;9
BG7ZAG;OL50;57
BG8AAK;OM20;171
BG8AMG;OM20;350
BG8BPH;OM20;2
BG8BXM;OM20;240
BG8DIV;OM20;1247
BG8DX;OL39;2
BG8EPV/QRP;OF78;1
BG8EQH;OM20;1
BG8GAM;OL39;2458
BG8GAM;OL93;1
BG8JLD;OL39;2
BG8JUQ;OL49;1
BG8KFP;OL39;355
BG8KST;OM30;1
BG8KUQ;OL39;3
BG8KVC;OL39;200
BG8LMY;OL39;1
BG8LNG;OL39;1
BG8LSX;OL39;1
BG8LTD;OL39;1
BG8NMC;OL36;33
BG8NMC;OM44;1
BG8NMJ;OL15;1
BG8NT;OL36;1
BG8PC;OL26;373
BG8PK;OL36;16
BG8PN;OL36;4
BG8SOH;OL02;1
BG8SRK;OL05;6
BG8TFN;OL15;16
BG8VZ;OL15;6
BG9CHE;OM44;163
BG9DYJ;OM55;83
BG9FJD;OM44;3
BG9FJD/QRP;JN03;1
BG9GAM;OM16;1
BG9HKP;OM16;39
BG9IMZ;OM16;5
BG9JDI;OM16;1
BG9MM;OM38;1
BG9NJY;OM38;6
BG9OF;OM38;18
BG9OXA;OM38;1
BG9OXN;OM38;2
BH1APZ;OM96;1
BH1BIP;ON80;166
BH1CQZ;OM89;31
BH1HWF;ON80;1053
BH1HWF;OM80;1
BH1HWF;QN80;1
BH1IZQ;OM89;230
BH1JSS;ON80;3
BH1LKO;OM89;1
BH1LKO;ON80;1
BH1NCH;ON80;1
BH1OHX;OM89;3
BH1PFJ;OM89;7
BH1RGL;ON80;31
BH1RGL;OM80;1
BH1RQN;OM89;1
BH1TSU;ON80;2
BH1TTE;ON80;3
BH1TZO;OM89;497
BH1TZO;ON80;2
BH1TZO;OM86;1
BH1VCS;OM89;1
BH1VLK;OM89;685
BH1WQR;OM89;2
BH2QNF;PN11;1
BH2RMF;PM19;157
BH2RSJ;PN11;215
BH2SMF;PN11;5
BH2SYP;PN11;143
BH2TVR;PM08;218
BH2UEZ;PM08;5
BH2VQG;OM76;112
BH2VSQ;PN11;49
BH2VYJ;PN11;195
BH2VYJ;PN71;1
BH2VYP;PN11;11
BH2VYP;AI49;1
BH2VYP;ON80;1
BH2XAQ;PN11;1
BH2XAY;PN11;1
BH2XIH;PN11;2
BH2XPS;PN11;1
BH2XWG;PN10;1
BH3AGU;OM89;1
BH3AGU;ON80;1
BH3BBJ;OM89;669
BH3BFE;OM89;765
BH3CCG;OM49;1
BH3DBF;OM89;108
BH3DEL;OM89;432
BH3DHE;OM89;335
BH3EQB;OM88;3
BH3EQB;ON80;1
BH3ERS;OM21;140
BH3FUT;OM99;1
BH3GGN;OM49;311
BH3GJJ;PN13;34
BH3HAC;OM49;19
BH3HAF;ON50;6
BH3HAO;OM49;267
BH3HGP;ON92;1
BH3HJA;OM49;1
BH3MXC;OM99;5
BH3PDP;OM99;63
BH3SCC;OM67;209
BH3TF;OM55;1
BH3TF;ON80;1
BH3US;OM56;1
BH3WBQ;OM56;45
BH3WBQ;ON80;1
BH3XZT;OM67;36
BH4BNQ;PM01;24
BH4DCE;PM01;121
BH4DTS;PM01;2
BH4ELP;PM01;7
BH4ERB;PM01;1
BH4ESB;PM01;4
BH4FBB;PM01;3
BH4FCY;PM01;170
BH4FFN;PM01;14
BH4FIG;PM01;125
BH4FRV;PM01;158
BH4FRV;ON92;1
BH4FSD;PM01;799
BH4FSK;PM01;96
BH4FSK/QRP;PM01;1
BH4FTG;PM01;15
BH4FTI;PM01;1
BH4FUO;PM02;488
BH4FXO;PM01;3
BH4GAN;PM01;1
BH4GBC;PM01;536
BH4GLB;PL09;52
BH4GTG;PM01;2
BH4HFJ;PM01;257
BH4HJH;PM01;34
BH4HJH;ON80;1
BH4HKZ;PM01;1
BH4IGO;OM86;3
BH4KOB;PM06;26
BH4KOB;ON80;1
BH4LLP;PM06;80
BH4LZH;OM86;3
BH4PSA;OM96;5
BH4QYX;PM01;1
BH4RWP;OM91;7
BH4SCF;PM01;20
BH4SKY;PM01;31
BH4SRB;PM01;3
BH4TIH;OM91;52
BH4TKN;PM01;2
BH4TNQ;PM01;84
BH4TSH;OM91;1
BH4TVU;PM01;6
BH4UTT;PM02;33
BH4WHA;OM91;1
BH4XBU;OM91;478
BH5BSD;PM00;1
BH5FAE;PL09;1
BH5HFK;OL99;2
BH5HGI;PM00;750
BH5HQQ;PM00;2
BH5HSU;PM00;67
BH6AGG;OM82;1
BH6AWZ;OM81;2
BH6AXS;OM81;2
BH6BEZ;OM81;26
BH6IDD;OM64;410
BH6IE;OM64;436
BH6IE;OM63;2
BH6IFK;OM64;271
BH6JDR;OM64;639
BH6JOR;OM72;1
BH6JOR;ON80;1
BH6KJL;OM64;3
BH6KOK;OM64;107
BH6KWC;OM64;3
BH6LIG;OM65;1427
BH6LIG;PM86;1
BH6ODC;OM64;15
BH6RQG;OM70;62
BH6RWQ;OM60;3
BH7ACO;OL68;7
BH7ACO;OL67;2
BH7DAO;OL68;1
BH7EUE;OL68;3
BH7FBP;OL66;167
BH7GMQ;OL68;1
BH7HQT;OL68;102
BH7JPV;OL63;2
BH7JUO;OL62;1
BH7MML;OL63;6
BH7MVY;OL63;449
BH7PBE;OL62;1
BH7PFH;OM16;1
BH7QP;OL33;8
BH8AVW;OM21;18
BH8BME;OM21;2
BH8BME;ON80;1
BH8BMZ;OM21;1
BH8DOE;OL28;2
BH8DRE;OM10;438
BH8DRE;OM20;2
BH8EEB;OM22;4
BH8ESR;OM22;3
BH8FSI;OM10;1422
BH8FSI;IM59;1
BH8FSI;OI33;1
BH8FSI;PM10;1
BH8FTC;OM10;1
BH8FXY;PL09;2
BH8HWF;ON80;1
BH8MBF;OL36;1
BH8MDV;OL26;255
BH8MDV;OI61;1
BH8NNU;OL36;16
BH8NNU;RR73;1
BH8NSC;OL36;15
BH8OCO;OL36;1
BH8OCW;OL36;19
BH8OTW;OL25;1
BH8PHG;OL37;380
BH8PSM;OL36;1
BH8PVC;OL36;1323
BH8UKJ;OL14;4
BH8UMP;OL15;1
BH8UOU;OL15;1
BH8URS;OL01;4
BH8VHK;OL15;4
BH8VRO;OL15;1
BH8VXB;OL01;3
BH8XAI;OL14;1
BH9AED;OM34;2
BH9AXP;OM42;1
BH9BCK;OM44;2
BH9BGW;OM48;3
BH9BJI;OM44;11
BH9CA;OM44;1
BH9CXX;OM44;1
BH9DKK;OM45;1
BH9DSS;OM44;4
BH9ELJ;OM44;447
BH9EMQ;OM44;81
BH9FDZ;OM44;1
BH9FPK;OM34;6
BH9FPZ;OM34;1
BI1AWQ;OM89;1
BI1DSA;ON80;58
BI1EIH;ON80;154
BI1FJK;ON80;10
BI1FQO;ON80;9
BI1KFY;ON80;3
BI1LWV;OM89;6
BI1MCZ;OM89;3
BI1MHK;ON80;2
BI1MHK;PM00;1
BI1NEN;ON80;2
BI1NKM;ON80;51
BI1NKM;OM89;49
BI1NLM;OM89;188
BI1PTQ;ON80;522
BI1QJQ;ON80;62
BI1RFV;OM89;98
BI1RNW;OM89;1
BI1RRE;ON80;199
BI2QNZ;PM08;1
BI3ASB;OM89;43
BI3DHZ;OM10;1
BI3MXN;OM99;1
BI3NFU;OM99;3
BI3ODE;OM78;1
BI3OGV;OM99;59
BI3PIE;OM99;1
BI3PXQ;OM76;2
BI3QXJ;OM78;1
BI3SUN;OM67;19
BI3TGK;ON80;1
BI3XGJ;OM68;402
BI3XZU;ON90;472
BI4IIZ;OM86;306
BI4IK;OM86;41
BI4IWL;OM86;2011
BI4JAO;PM05;42
BI4JAO;ON80;5
BI4JAT;PM06;2
BI4JGQ;OM96;1
BI4JJO;OM86;13
BI4KKF;OM86;2
BI4KYG;OM86;103
BI4KYT;OM86;1660
BI4KYT;JM86;1
BI4KYT;PM74;1
BI4LBW;OM86;92
BI4LGS;ON80;1
BI4LGS;PM06;1
BI4MFK;PM01;434
BI4MFK;ON80;1
BI4MPH;PM07;1
BI4MZJ;OM85;1
BI4PPP;OM87;11
BI4QMU;PM01;47
BI4QZW;PM01;2
BI4SDT;PM01;10
BI4SWY;PM01;1
BI4SWY;PM02;1
BI4TGJ;OM91;8
BI4TGL;OM91;112
BI4UMB;OM92;9
BI4UMB;ON80;1
BI4VIP;OM92;96
BI4WLT;OM94;3
BI4WRP;OM91;470
BI4WWO;PM01;1
BI4XDT;OM86;1
BI4XDT;PM01;1
BI4XWZ;OM91;1
BI4XYA;OM91;8
BI6IVB;OM64;1
BI6IZS;OM64;1
BI6IZS;ON80;1
BI6KAE;OM64;1
BI6LDD;OM64;6
BI6LFJ;OM64;106
BI6LMG;OM65;1
BI6NSK;OM64;576
BI6NSL;OM64;446
BI6NYO;OM65;45
BI6NYO;ON80;1
BI6OIZ;OM65;253
BI6ONW;OM73;1
BI6PWC;OM64;9
BI6PWL;OM64;11
BI7ALG;OL78;2
BI7JAC;OL63;433
BI7JMD;OL62;193
BI7JMD;OL63;191
BI7JMN;OL62;4
BI7JMN;OK21;1
BI7LER;OL62;2
BI7MCK;OM16;1
BI7NEJ;OL63;1
BI7NIC;OL63;1
BI7NOT;OL63;1
BI7NVL;OL72;1
BI8AQ;OM20;378
BI8AWT;OM21;1
BI8CKU;OM20;847
BI8CKU;MO27;1
BI8CKU;OM93;1
BI8CZM;OM20;4373
BI8CZM;QM20;1
BI8DEQ;OM20;369
BI8DEQ;OL72;1
BI8DHZ;OM10;953
BI8DTL;OM20;1
BI8EJQ;OM20;4
BI8ETE;OM10;3
BI8EUY;OM10;2
BI8FRF;OL28;424
BI9AME;OM44;1
BI9BEP;OM44;1
BI9BPY;OM44;1
BI9BQ;OL42;1
BJ7BDQ;HL54;2
BK1JCC;LE57;1
BN7NWF;OL72;1
BP6NJK/R;RN39;1
BQ4FYC/P;BD61;2
BQ4QGI;LC89;1
BQ6UVC/R;PO23;1
BS0KFZ;QG34;1
BT9ISO;RK32;1
BU2BB;PL04;1
BU2BV;PL05;1
BU2BW;PL05;1
BU2EQ;PL05;45
BU2FF;PL05;260
BU2FG;PL05;3
BU2GA;LO31;1
BU2GA;PL05;1
BU4KYT;OM86;1
BU4UN;PM02;1
BV0SC;PL03;2
BV0SC;PL04;1
BV1EK;PL05;2
BV2EI;PL04;1
BV2EI/P;PL05;1
BV2ER;PL05;12
BV2FB;PL05;1
BV2KI;PL05;521
BV2LR;PL05;10
BV2NF;PL05;6
BV2TV;PL05;1
BV3VB;PL04;3
BV400;PL04;1
BV4VR;PL02;11
BV4WD;PL04;1
BV5OQ;PL03;2
BV5OS;PL03;6
BV6KM;PL03;5
BV7CW;PL02;1
BV7RJ;PL02;2
BV7RR;PL02;16
BV7SH;PL02;2
BV7SP;PL02;2
BV7SP;PL04;1
BW/DJ4JB;OL93;2
BW2/JA1QQV;PL05;3
BW2/JA1QQV;PN05;1
BW2/JP1RIW;PL05;892
BW2/JP1RIW;PL04;1
BX2AAA;PL05;1
BX2ADE;PL05;4
BX2AEU;PL04;1
BX2AGL;PL04;1
BX2AGP;PL05;2
BX2AGV;PL05;318
BX2AIN;PL04;3
BX2AJL;PL04;14
BX2AKA;PL05;4
BX2AKA;PL04;1
BX2AKH;PL05;2
BX2AMC;PL05;1
BX4AQ;PL04;1
BX6ABC;PL03;14
BX6ABC;PL02;4
BX6ABC/QRP;PL02;1
BX6ABV;PL02;10
BX7ACA;PL04;1
BY1BZH;OM89;535
BY1CJL;OM89;77
BY1HT;ON80;220
BY1HT;CN80;1
BY1QH;ON80;272
BY1RX;OM89;4314
BY1RX;IN89;1
BY2HIT;PN35;583
BY2KI;PL05;9
BY4JN;OM86;309
BY5HS;OM96;26
BY6DX;OM81;925
BY6DX;OM51;1
C02JD;EL83;2
C02JLV;EL83;1
C02KL;EL83;1
C21TS;RI39;41
C31CT;JN02;2
C31KC;JN02;20
C31LK;JN02;2
C31MF;JN02;2
C31VM;JN02;3
C37AC;JN02;1
C62FSN;RO41;1
C6ACB;FL15;2
C71VXA/R;LI43;1
C77HBP;CJ54;1
C86HMU;MG63;1
CA2JAT;FF49;2
CA2OGG;FF46;177
CA3DRL;FF46;1
CA3FJK;FF46;1
CA3HXY;FF46;1
CA3KRF;FF46;1
CA3KRM;FF46;51
CA3PBR;FF46;1
CA3SOC;FF46;2
CA3SQH;FF46;2
CA3TSK;FF46;138
CA3VKL;FF46;4
CA3ZSM;FF46;1
CA4JMR;FF34;2
CA4JWI;FG40;1
CA6SNT;FF30;619
CA6VVJ;FF30;4
CA6WNE;FF30;176
CA7FKZ;FE38;144
CB1DX;FG49;131
CB1K;FG49;62
CB2IAL;FF46;2
CB2R;FF46;1
CB3A;FF46;1111
CB3BS;FF46;1
CB3R;FF46;1528
CB3R;FF41;1
CB3VS;FF46;719
CB6RA;FF31;1
CD2DJO;PB28;1
CD2EBM;FF46;44
CD3BLE;FF46;3
CD3EAP;FF46;1
CD3EVY;FF46;2
CD3GAS;FF46;13
CD3VKL;FF46;101
CD6SNT;FF30;578
CD6VVJ;FF30;1
CD7CKU;FE37;3
CD7OFZ;FE38;2
CD7RWK;FE38;3
CE0YHF/CE3;DG52;1
CE0YHF/CE3;FN20;1
CE1ANF;FG46;5
CE1BF;FG46;138
CE1DBS;FG49;3
CE1DR;FG46;1
CE1EW;FG42;2
CE1JST;FG46;2
CE1LEW;FG46;11
CE1LTL;FG41;2
CE1OEB;FG46;120
CE1PTT;FH41;40
CE1SH;FG49;2
CE1TT;FH41;1
CE1WGM;FG42;731
CE2AWW;FF47;1
CE2CMH;FF46;1
CE2DMR;FG40;1
CE2EC;FG40;7
CE2EP;FF46;19
CE2GT;FF47;2
CE2JL;FF47;98
CE2PQT;FF47;1
CE2SCZ;FF49;2
CE2SV;FF47;30
CE2UDY;FF46;7
CE3ALY;FF46;2
CE3ARU;FF46;2
CE3BKN;FF46;40
CE3BMI;FF46;2
CE3BT;FF46;1
CE3BVF;FF46;3
CE3CMH;FF46;201
CE3ERM;FF46;3
CE3ETE;FF46;1
CE3FFC;FF46;10
CE3FZL;FF46;2
CE3GBA;FF46;1
CE3GC;FF46;7
CE3GCA;FF46;346
CE3GKU;FF46;1
CE3GRU;FF46;82
CE3HWU;FF46;1
CE3JBD;FF46;1
CE3JRN;FF46;1
CE3KRM;FF46;706
CE3LI;FF46;1
CE3NR;FF46;3
CE3NY;FF46;1
CE3OQA;FF46;2
CE3QY;FF46;1
CE3RHA;FF46;3
CE3RIF;FF46;143
CE3RLW;FF46;3
CE3SOC;FF46;13
CE3TDM;FF46;10
CE3TL;FF46;12
CE3TMM;FF46;10
CE3TSK;FF46;584
CE3TSK;FF64;1
CE3UOB;FF46;4
CE3VBK;FF46;5
CE3VM;FF46;1
CE3VNA;FF46;6
CE3VNA;FG40;2
CE3VRT;FF46;3
CE3WR;FF46;1
CE4AC;FF45;3
CE4BPK;FF45;5
CE4BRO;FF44;2
CE4FOQ;FF44;1
CE4HG;FF44;6
CE4KTM;FF43;2
CE4MBH;FF44;2
CE4PPC;FF33;1
CE4RWS;FF44;8
CE4UGK;FF45;1
CE4WT;FF33;1345
CE4WT;FF23;1
CE5CSV;FF32;12
CE5DXU;FF32;3
CE5MMS;FF33;1
CE5MRA;FF32;7
CE5PDZ/R;EL90;1
CE5VKK;FF33;5
CE6KKP;FF31;45
CE6LTU/P;AO41;1
CE6SAX;FF31;2
CE6TK;FF31;3
CE6TYN;FF33;146
CE6TYN;FF30;2
CE6TYN;FF46;1
CE6UFF;FF30;14
CE7GFN;FE38;3
CE7KF;FE36;4
CE7TS;FE37;2
CE7VP;FE36;282
CE7VPQ;FE36;270
CE8EIO;FD46;6
CE8WCI;FD46;10
CM0AVB;LC71;1
CM2AML;EL83;15
CM2ARZ;EL83;104
CM2ASE;EL83;2
CM2CHR;EL83;332
CM2DAH;EL83;118
CM2EPT;EL83;2
CM2IU;EL83;323
CM2IU;EL92;1
CM2JR;EL83;1
CM2RSV;EL83;953
CM2RSV;FL11;2
CM2RSV;EL32;1
CM2RSV;EL82;1
CM2RSV;EL85;1
CM2RSV;EM80;1
CM2RSV;FK00;1
CM2RSV;FK29;1
CM2RSV;FK78;1
CM2RSV;FL20;1
CM2RSV;FL83;1
CM2RSV;KP32;1
CM2RSV;RR73;1
CM3DAI;EL82;1
CM3DCD;EL82;24
CM3EFM;EL82;38
CM3HVY;EL82;5
CM6AW;FL02;25
CM6TC;FL02;579
CM6WY;EL92;1
CM6WYZ;FL01;420
CM7JAA;FL11;21
CM8CF;FL20;1
CM8EGS;FL10;3
CM8JFL;FL10;161
CM8JFL;FK33;1
CM8MM;FK29;1
CM8NM;FK29;1
CM8NMN;FK29;483
CN2GS;IM85;2
CN8AAD;IL48;2
CN8AM;IM63;4
CN8NIL;IM63;2
CN8NS;IM63;5
CN8NY;IM75;4
CN8PA;IM63;252
CN8PG;IM64;2
CN8YZ;IM63;83
CO1BZA;HM49;1
CO2AJ;EL83;8
CO2AME;EL83;24
CO2AV;EL83;10
CO2BK;EL82;3
CO2CMI;EL83;5
CO2CW;EL83;324
CO2DP;EL83;4
CO2DP;EL92;1
CO2EAP;EL83;1
CO2ECO;EL83;1
CO2ER;EL83;1
CO2GL;EL83;9
CO2HQ;FL01;1
CO2II;EL83;3
CO2JAR;EL73;4
CO2JD;EL83;1242
CO2JLV;EL83;665
CO2KL;EL83;593
CO2KR;EL83;220
CO2LD;EL83;8
CO2LKY;EL83;5
CO2NX;EL83;4
CO2OQ;EL83;1
CO2QU;EL83;890
CO2QU;OF78;1
CO2QU;OM65;1
CO2RQ;EL83;3
CO2SG;EL83;21
CO2TL;EL83;457
CO2TL;FL02;1
CO2TZ;EL83;4
CO2VDD;EL83;3
CO2VE;EL83;62
CO2VE;FL01;1
CO2WL;EL83;5
CO2WP;EL83;5
CO2XK;EL83;15
CO2XN;EL83;4
CO2XX;FL02;1
CO2YQ;EL83;331
CO2YT;EL83;4
CO3DK;EL82;26
CO3HI;EL82;2
CO3HI;EL83;2
CO3HK;EL82;10
CO3JA;EL93;238
CO3JN;EL82;1
CO3JR;EL93;9
CO3JV;EL82;4
CO3JY;EL93;3
CO3LE;EL82;5
CO3LT;EL93;10
CO3LY;EL82;29
CO3LY;EL92;2
CO3MKD;EL82;1
CO3SAR;EL93;4
CO3VR;EL93;1
CO3WMF;EL92;5
CO3WR;EL82;1
CO4XT;EL81;1
CO5DOR;EL93;3
CO5HCM;EL93;2
CO5MK;EL93;8
CO5WE;EL92;7
CO5WE;EL93;5
CO6DS;FL02;7
CO6FMH;FL02;2
CO6HLP;FL02;7
CO6KVA;FL02;1
CO6LE;FL02;177
CO6LSB;FL02;51
CO6OV;FL02;413
CO6OZ;FL01;1
CO6QK;FL02;9
CO6RD;FL01;44
CO6RD;EL93;1
CO6RD;FL20;1
CO6SE;EL91;16
CO6SRS;FL02;3
CO6WD;FL01;4
CO6WIL;FL02;3
CO6XDX;FL02;7
CO6XE;FL01;1014
CO6XX;FL02;31
CO6XX;FL01;1
CO7DSR;FL11;777
CO7EPP;FL02;1
CO7ER;FL11;1
CO7FR;FL11;14
CO7GTE;FL11;1
CO7HNS;FL11;264
CO7HNS;FL01;1
CO7IG;FL01;4
CO7JC;FL11;3
CO7MS;FL01;42
CO7MTL;FL11;2
CO7OH;FL01;2
CO7OI;FL01;7
CO7OJ;FL11;4
CO7OK;FL01;1
CO7QC;FL11;8
CO7QC;EL92;1
CO7SV;FL11;2
CO7YOD;FL11;16
CO8CY;FL20;1
CO8HO;FL10;1
CO8IH;FL20;615
CO8IH;EM85;1
CO8IH;GF07;1
CO8LY;FL20;711
CO8LY;FL10;1
CO8LY;FM29;1
CO8LY;FN20;1
CO8MCL;FL20;708
CO8MCL;EL96;1
CO8MNN;FK29;1
CO8NDZ;FL10;10
CO8NMN;FK29;1842
CO8OH;FL10;12
CO8RBD;FL10;505
CO8RCP;FL20;7
CO8RH;FL20;9
CO8RH;EL92;1
CO8RS;FL20;1
CO8SJ;FL20;706
CO8TDL;FL10;3
CO8TS;FL20;4
CO8VWZ;FL20;4
CO8WN;FL20;751
CO8WZ;FL20;392
CO8WZ;PL20;1
CO8XE;FL01;1
CO8XJ;FL10;1
CO8YL;FL20;1
CO8ZZ;FL10;120
CO8ZZ;EL92;1
CP1FF;FH53;6
CP6CL;FH82;13
CP6EE;FH82;1
CP6UA;FH82;32
CP7XEG;NL78;1
CQ0ODX;EL83;1
CQ7F;IN50;1810
CR7AXN;IM59;2
CR7BFZ;IM58;1
CR7BJL;IM59;1
CR7BTW;IN52;4
CR7BUJ;IM58;2
CS23FPC;IM58;2
CS7/PD1ABC;IM59;2
CS7ADA;IM58;1
CS7AKZ;IM58;1
CS7ALG;IM58;1
CS7ALY;IN50;1
CS7AUC;IN51;1
CS7AUJ;IM57;1
CS7AUT;IM67;6
CS7AVD;IM58;2
CS7AVG;IM58;2
CS7AWL;IM58;1
CS7AXH;IN61;72
CS7AXN;IM59;19
CS7BCP;IM58;6
CS8ABF;HM77;94
CS8ACT;HM77;1
CT1/F5AUI;IM59;1
CT1AIU;IM67;1
CT1ANO;IN51;2
CT1AOZ;IM59;2
CT1APN;IM59;11
CT1AXS;IM59;5
CT1BCP;IN50;5
CT1BFP;IM59;96
CT1BGE;IM58;1
CT1BOP;IM58;1
CT1BRN;IN51;1
CT1BSD;IM58;7
CT1BWU;IM59;36
CT1BWU;IM69;1
CT1BXT;IM59;3
CT1BXX;IN51;1
CT1CBC;IM58;4
CT1CEM;IM58;4
CT1CGO;IM58;1
CT1CVL;IM58;1
CT1DIZ;IM68;5
CT1DNU;IM58;2
CT1EDG;IM58;406
CT1EDK;IM67;5
CT1EEB;IN50;2
CT1EEQ;IM59;3
CT1EEQ;IM58;2
CT1EEX;IM58;4
CT1EHK;IM58;106
CT1EKD;IM59;139
CT1END;IM58;327
CT1END/M;IM69;66
CT1END/M;IM58;1
CT1EQQ;IN51;4
CT1EWD;IM58;1
CT1EWX;IM67;1
CT1EXP;IN51;1
CT1FAW;IM58;1
CT1FCX;IM59;3
CT1FHW;IM58;3
CT1FIO;IN50;1
CT1FIU;IN50;13
CT1FMX;IM59;20
CT1FNG;IM58;1
CT1FOE;IM57;3
CT1FOQ;IN50;828
CT1FPQ;IN50;1
CT1FUH;IN60;1
CT1GFK/P;IM67;3
CT1GYD;IN51;3
CT1ILT;IN50;1113
CT1ILT;KN04;1
CT1IW;IM58;1
CT1JML;IM58;2
CT1JSP;IM59;1
CT1KNL;IN50;1
CT1KNM;IM58;6
CT1PT;IM58;2
CT1WO;IM58;1
CT2ECS;IM57;4
CT2FEY;IN50;3455
CT2FEY;JN45;1
CT2FEY;RR73;1
CT2FFC;IM59;2
CT2FPY;IN50;5
CT2FQA;IN50;2
CT2FXY;IM59;1
CT2FZZ;IM67;21
CT2GLO;IM59;1
CT2GQA;IM58;27
CT2GQN;IM67;65
CT2GRV;IN50;3
CT2GRV;IM59;1
CT2HEX;IM58;26
CT2HKY;IM69;1
CT2IAL;IM58;1
CT2IGD;IM58;1
CT2ITA;IN60;18
CT2IUK;IM59;2
CT2JCB;IM59;3
CT2JKJ;IM58;3
CT2JKJ;IM59;1
CT2JNM;IN50;1
CT2JQD;IN51;1
CT2KCK;IM59;15
CT2KNA;IM58;1
CT3/F1JXQ;IM12;1
CT3/F1JXQ;RR73;1
CT3CK;IM12;162
CT3HF;IM12;808
CT3HN;IM12;1
CT3HU;IM13;12
CT3HU;IM12;1
CT3IQ;IM12;30
CT3KN;IM12;5336
CT3KN;KO02;1
CT3MD;IM13;69
CT3MD;IM12;1
CT3ML;IM12;1
CT4NH;IM58;2
CT4NH;IM69;1
CT4NH/P;IM59;2
CT4NH/P;IM58;1
CT4QYP;QJ05;1
CT4RC;IM67;3
CT4SU;IN51;2
CT4VB;IM58;2
CT4VB/1;IM59;3
CT4VB/1;IM23;1
CT4VB/1;IM58;1
CT4VB/1;IN99;1
CT5GSI;IN51;2
CT5KAO;IM57;2
CT7/F5AUI;IM59;116
CT7ABA;IN60;3
CT7ABD;IM58;1
CT7AGZ;IM57;2
CT7AHM;IM58;3
CT7AIC;IM58;12
CT7AIU;IM67;44
CT7AIX;IM59;970
CT7AJB;IN60;1
CT7AKG;IN60;185
CT7AKT;IM57;4
CT7AKW;IM58;1
CT7AMZ;IM59;6
CT7ANG;IM67;13
CT7ANZ;IN60;6
CT7AOL;IN60;103
CT7AOM;IN60;1
CT7AON;IM58;243
CT7AOS;IN51;2
CT7AOV;IM59;1
CT7APD;IN51;4
CT7AQD;IN50;9
CT7AQH;IM58;162
CT7AQS;IM69;1
CT7ARQ;IN51;1
CT7ATA;IN50;8
CT7AUH;IN51;1
CT7AUP;IM58;753
CT7AUT;IM67;67
CT7AUT;IN50;1
CT7AXN;IM59;9
CT7AYG;IN51;1
CT7BCL;IM59;3
CT8/W3UA;HM77;215
CT8ACA;HM76;3
CT9/DD8ZX;IM12;3
CT9/DL2TM;IM12;3
CU2AP;HM77;24
CU2GI;HM77;2
CU2JX;HM77;2
CU3AC;HM68;825
CU3AT;HM68;15
CU3BL;HM68;2
CU3CO;HM68;1
CU3CW;HM68;2
CU3DP;HM68;3
CU3EM;HM68;29
CU3EQ;HM68;25
CU3HN;HM68;52
CU5ACD;HM68;1
CU5AM;HM58;14
CU6BL;HM58;5
CU7AA;HM58;8
CU7AM;HM58;2
CU7MD;HM58;1
CU8AF;HM49;21
CX1AR;GF15;7
CX1BBN;GF15;1
CX1BBS;GF15;1
CX1CV;GF25;1
CX1CW;GF25;1
CX1DA;GF25;1
CX1DK;GF25;3
CX1FK;GF15;1
CX1NU;GF16;2
CX1RK;GF25;3
CX1RL;GF25;2
CX1TH;GF25;2
CX1TP;GF25;3
CX2ACB;GF25;1
CX2AQ;GF25;193
CX2AQ;GF15;13
CX2BAH;GF15;4
CX2CC;GF15;8
CX2CN;GF15;328
CX2CN;FG15;1
CX2CQ;GF15;1
CX2CW;GF15;330
CX2DAJ;GF15;6
CX2DSN;GF15;523
CX2KN;GF15;1
CX2OS;GF17;1
CX2RA;GF25;62
CX2SA;GF18;14
CX3ABD;GF15;25
CX3AK;GF15;1
CX3AL;GF15;1496
CX3AT;GF15;1
CX3BA;GF15;3
CX3CQ;GF15;1
CX3CT;GF15;4
CX3DAC;GF15;3
CX3DDO;GF15;2
CX3DMP;GF25;2
CX3OE;GF17;2
CX3VB;GF27;5
CX3VO;GF27;1
CX4AAJ;GF25;2
CX4ACH;GF15;5
CX4AD;GF15;17
CX4AE;GF15;1
CX4BAN;GF15;2
CX4BW;GF17;1
CX4DAE;GF25;5
CX4DPG;GF25;187
CX5ABM;GF15;103
CX5AE;GF15;4
CX5AZ;GF15;1
CX5CBA;GF15;36
CX5ETG;GF15;1
CX5RZ;GF25;2
CX5TS;GF36;8
CX5UA;GF26;74
CX6TU;GF25;344
CX6VM;GF27;85
CX7ACH;GF15;8
CX7AT;GF25;9
CX7BBR;GF15;859
CX7BJ;GF25;1
CX7CO;GF15;14
CX7DW;GF25;1
CX7FH;GF15;5
CX7SS;GF25;3132
CX7SS;OI32;1
CX8ABF;GF15;12
CX8AF;GF15;842
CX8BG;GF15;10
CX8CJ;GF15;1
CX8DS;GF15;6
CX8DSK;GF25;13
CX8FB;GF06;6
CX90RCU;GF15;15
CX90RCU;GF05;1
CX9AB;GF25;1
CX9ARH;GF15;125
CX9AU;GF15;807
CX9BU;GF25;9
CX9BU;GF15;2
CX9CPE;GF15;1
CX9DHB;GF25;1
CZ5RFT;GO52;1
D0IBM;KN88;2
D15HFH;RC42;1
D1AW;KN87;1
D1CQ;KN87;1
D1CTT;KN87;5
D1DX;KN87;29
D1FF;KN88;5
D1IKM/P;JN48;11
D21HBN;JI42;1
D2UY;JI64;60
D44CH;HK85;6
D4UM;HK86;559
D4UM;HK85;1
D4UM;OF78;1
D86SYB;AQ73;1
D8RBD;EN35;2
D97XZZ;BO66;1
DA0AA;JN59;1318
DA0AA;JO31;1
DA0AA;JO32;1
DA0RR;JO41;2421
DA0RR;JO40;10
DA0RR;IN99;1
DA0RR;JO01;1
DA0RR;JO21;1
DA0RR;JO47;1
DA1BB;JO52;4
DA1DO;JN49;3
DA1ST;JO41;1
DA1TB;JN48;2
DA1TE;JO50;130
DA1VID;JO31;1
DA2ML;JN68;1
DA3W;JO52;5
DA6AD;JO60;6
DA6BOC;JO51;1
DA6DA;JO41;125
DA6DD;JO31;1
DA6DX;JO71;4
DA6JH;JO33;1
DA6JPH;JO43;2
DA6KI;JO43;8
DA6SL;JO31;4
DA6TW;JN39;282
DA6WA;JO30;3
DA6WM;JO61;1
DA7T;JO43;2
DA7T;JO40;1
DB0EI;JO30;1
DB1BD;JN58;1
DB1BDL;JO31;2
DB1BW;JO62;452
DB1CD;JO30;1
DB1EF;JO41;90
DB1HEF;JN57;6
DB1KHN;JO30;2
DB1RUL;JN49;2
DB1SN;JN48;3
DB1SO;JN58;4
DB1TH;JN68;2
DB1WR;JO53;2
DB1YKA;JO41;2
DB2B;JO52;99
DB2BJT;JO33;140
DB2HA;JO52;2
DB2HBV;JN58;5
DB2HG;JO53;1
DB2LP;JO43;5
DB2OE;JO41;1
DB2PJ;JN39;60
DB2QM;JO31;10
DB2VS;JN39;3
DB2WD;JN39;13
DB2ZJ;JO50;1
DB2ZR;JO40;1
DB2ZW;JO40;5
DB2ZW/P;JO63;4
DB3EH;JO42;2
DB3FS;JO30;1
DB3K;JN58;1
DB3KB;JO31;2
DB3KE;JO30;44
DB3MAX;JO64;2
DB3MB;JO60;1
DB3OI;JO52;13
DB3TA;JN48;16
DB3VU;JN39;67
DB3ZY;JO40;1
DB4BIN;JO42;1
DB4BJ;JO43;12
DB4FO;JN59;1
DB4KBR;JO61;5
DB4KPU;HR46;1
DB4MB;JO30;18
DB4MS;JN49;2
DB4REB;JO31;130
DB4SJP;JO52;1
DB4VI;JN39;1
DB4WD;JN39;3
DB5ABS;JO50;6
DB5AM;JN48;2
DB5FG;JO31;29
DB5FW;JO40;3
DB5GSS;JO42;3
DB5HA;JO31;2
DB5JH/P;JO63;2
DB5PJ;JN49;26
DB5ZP;JO40;6
DB6BH;JO43;1
DB6FO;JO41;1
DB6LL;JO43;1
DB6WZ;JO32;1
DB7BH;JO51;1
DB7DZ;JO31;1
DB7GE;JN39;8
DB7KK;JO61;114
DB7VX;JN39;1
DB7YI;JN58;397
DB8AH;JO31;2
DB8APG;JO41;2
DB8BN;JO52;1
DB8BT;JO42;1
DB8EB;JO31;5
DB8GK;JO62;1
DB8WK;JO33;2
DB9HL;JO53;2
DB9SH;JN58;683
DB9VE;JN39;1
DC0AC;JO30;4
DC0AL;JO40;187
DC0AZ;JN57;1
DC0IT;JN48;6
DC0KK;JO41;2
DC1AVL;JO30;39
DC1EKG;JO32;1
DC1IAJ;JN48;7
DC1KS;JN58;1
DC1LTK;JO53;1
DC1OA;JO43;1
DC1PM;JO30;2
DC1RDB;JN58;2
DC1RT;JO41;2
DC1TK;JN69;3
DC1UH;JO50;2
DC1VKR;JN39;1
DC1XU;JO53;2
DC1YL;JN48;4
DC2CB;JO31;117
DC2GD;JN38;4
DC2HB;JO62;76
DC2MAC;JN68;2
DC2OD;JO42;3
DC2RC;JN59;2
DC2TL;JO31;106
DC2WX;JN39;7
DC2ZC;JN49;1
DC3HSB;JO40;1
DC3IR;JN49;1
DC3JD;JO31;1
DC3LC;JO54;2
DC3LH;JO53;112
DC3PH;JN58;1
DC3PT;JO30;1
DC4BU;JO33;1
DC4CP;JO30;2082
DC4CP;JN58;1
DC4CP;JN88;1
DC4DI;JO41;8
DC4DO;JO40;1
DC4ML;JO31;2
DC4P;JO30;1
DC4THF;JO62;3
DC5AJ;JO30;1
DC5CH;JO62;488
DC5EG;JO31;1
DC5ES;JO31;13
DC5IMM;JO60;1
DC5IU;JN49;3
DC5PPM;JN59;14
DC5QV;JO53;4
DC5RE;JO31;2
DC5SWL;JO40;2
DC5TT;JN49;1
DC6DB;JO31;2
DC6KI;JO30;3
DC6KW;JO30;1
DC6MY;JN58;114
DC6NF;JN49;21
DC7AI;JO44;1
DC7DS;JN68;1
DC7FS;JO62;1
DC7KM;JO62;156
DC7MA;JN39;241
DC7PM;JN49;2
DC7WH;JO30;1
DC8GY;JN68;1
DC8KU;JO30;2
DC8QT;JO40;2
DC8RA;JN39;49
DC8SG;JO40;2
DC8SM;JN48;1
DC8SQ;JN48;1
DC8TM;JN49;12
DC8VA;JN39;1
DC8YZ;JN59;1
DC9DK;JO33;2
DC9FN;JN39;1
DC9JVN;JN59;1
DC9QC;JO43;145
DC9RI;JO40;2
DC9RI;JO32;1
DC9TS;JO31;7
DC9YH;JO40;1
DD0AM;JO41;3
DD0BG;JN49;1
DD0KT;JN57;1
DD0RW;JN68;1
DD0TM;JN48;139
DD0UM;JN49;1
DD0VE;JO60;2
DD1EG;JO31;4
DD1GN;JN69;2
DD1JD;JO31;17
DD1JN;JO50;1
DD1KW;JO30;1
DD1NK;JO31;1
DD1RK;JN68;1
DD1UN;JN49;11
DD1UN;JO22;1
DD1UU;JN58;1
DD1VB;JN39;122
DD1YZ;JN68;3
DD1ZA;JN49;1
DD1ZQ;JO40;1
DD2BU;JO33;162
DD2FP;JO31;1
DD2ML;JN68;1258
DD2ML;LC96;1
DD2MON;JO41;4
DD2NI;JN49;1
DD2PI;JO30;2
DD2ZG;JN49;1
DD3FH;JO50;1
DD3KF;JO30;6
DD3VV;JN39;150
DD4JK;JO31;1
DD5DD;JO50;1
DD5GG;JN39;3
DD5HN;JO53;3
DD5KD;JO31;1
DD5MA;JO30;83
DD5ZT;JO64;1
DD5ZZ;JO40;246
DD6AJ;JO62;6
DD6CS;JO31;12
DD6IO;JO62;6
DD6UAT;JO62;1
DD6UJS;JO62;270
DD6UJS;JO32;1
DD6UVO;JO62;1
DD6WF;JO62;1
DD6ZJ;JO62;213
DD6ZJ;EM50;1
DD6ZV;JO62;7
DD7BQ;JO43;7
DD7BW;JO32;2
DD7EE;JO41;23
DD7EJ;JO31;1
DD7GU;JN39;4
DD7IW;JN39;5
DD7IW;JO40;1
DD7MK;JO43;35
DD7NT;JO71;6
DD7RN;JN68;4
DD7UW;JO71;2
DD7YB;JO40;7
DD7ZT;JO40;1
DD8EI;JO31;1
DD8JB;JO31;3
DD8JJ;JO31;1
DD8KO;JO30;4
DD8UST;JO52;3
DD8VX;JO30;13
DD8XX;JN57;1
DD8ZX;JO40;1
DD9WG;JN39;2
DD9WG;JO51;1
DD9WL;JN49;3
DD9WW;JO42;4
DE0MCF;FI58;1
DF0DBB;JO43;5
DF0JEN;JO50;5
DF0SY;JN49;16
DF0TEC;JO73;319
DF0TF;JN49;1
DF1AG;JO52;4
DF1ALA;JO30;1
DF1AN;JO63;2
DF1ANG;JO30;1
DF1ASC;JO30;2
DF1AX;JN59;2
DF1BN;JN68;3
DF1DN;JO41;261
DF1DU;JO40;2
DF1FT;JO32;2
DF1GU;JN47;5
DF1HL;JO32;4
DF1IAE;JN58;4
DF1JC;JO31;22
DF1JM;JO30;280
DF1KAG;JO60;5
DF1KBN;JO30;4
DF1KG;JO32;1
DF1KSP;JO30;1
DF1KW;JO31;45
DF1LON;JO31;1800
DF1LX;JO42;84
DF1ML;JN67;2
DF1MP;JO40;3
DF1OLS;JO41;2
DF1OY;JO40;1
DF1SD;JN48;250
DF1SD;JN46;1
DF1UWE;JO51;5
DF1VB;JO31;9
DF1WR;JN39;5
DF1WR;JI33;1
DF1WR;JO33;1
DF1YE;JO62;2
DF1YWM;JN48;1
DF1ZN;JN47;1
DF1ZW;JO41;80
DF2AP;JO50;248
DF2BI;JO33;1
DF2F;JO31;1448
DF2FE;JO51;2
DF2GN;JN57;2
DF2GW;JO33;1
DF2IAC;JN49;2
DF2JK;JO30;1
DF2KD;JO30;18
DF2KD;FN20;1
DF2KD;JN30;1
DF2KK;JO31;2
DF2LH;JO53;641
DF2LV;JO44;1
DF2MC;JN67;54
DF2MR;JO40;3
DF2NU;JN58;1
DF2NV;JN59;4
DF2QZ;JO31;7
DF2SD;JO31;668
DF2TG;JO63;461
DF2TT;JN58;16
DF2UA;JN49;29
DF2UU;JN48;7
DF3BAW;JO43;2
DF3DT;JO43;36
DF3F;JO31;1
DF3GY;JN48;1
DF3IAL;JN39;68
DF3IS;JN49;33
DF3IU;JN49;3
DF3JO;JO31;4
DF3MC;JN57;25
DF3MIB;JO30;8
DF3NA;JN59;3
DF3NK;JO60;26
DF3NW;JN59;12
DF3QL;JO40;72
DF3QL;JN47;1
DF3RD;JO43;2
DF3TN;JN49;8
DF3TZ;JN48;1
DF3UA;JN49;1
DF3VG;JN48;20
DF3WI;JO30;4
DF3YG;JO33;4
DF3YG;JO62;1
DF40BGK;JO51;1
DF4AX;JO41;1
DF4BR;JO43;1
DF4IP;JN49;2
DF4JH;JN68;2
DF4LB;JO62;2
DF4NR;JO50;11
DF4OC;JO42;1
DF4SI;JN58;1
DF4SZ;JN58;15
DF4WA;JO30;3
DF4WC;JN49;1624
DF4WC;JO55;1
DF4WN;JN39;1
DF4WQ;JN39;5
DF4XF;JO60;1
DF4ZL;JN49;1413
DF5DY;JO41;3
DF5EI;JO31;71
DF5EI;JN49;1
DF5EN;JO31;12
DF5FT;JO40;1
DF5GO;JO62;1
DF5JU;JO33;4
DF5KA;JO33;12
DF5MS;JB47;1
DF5MS;JN47;1
DF5RF;JO40;1
DF5WI;JO30;1
DF5YS;JO62;1
DF6CZ;JN58;1
DF6DBF;JO31;1
DF6JF;JO31;108
DF6JF;JN48;1
DF6KA;JO31;3
DF6NI;JO51;1
DF6NP;JN59;1
DF6OD/P;JO42;1
DF6ON;JO52;3
DF6QN;JO41;151
DF6UY;JN48;2
DF6VI;JN58;1
DF6WE;JO31;4
DF6WZ;JN39;6
DF6WZ/P;JN39;1
DF6XN;JO32;2
DF6XX;JO30;2
DF6YC;JO41;3
DF7AX;JO41;97
DF7C;JO31;128
DF7CB;JO31;525
DF7DC;JO31;11
DF7EE;JO40;311
DF7EF;JO30;62
DF7ER;JO52;3
DF7GG;JO42;6
DF7IS;JN49;1
DF7JC;JO31;1
DF7JS;JO31;3
DF7NO;JN59;1
DF7OA;JO41;1
DF7RA;JO40;31
DF7RG;JN68;62
DF7SF;JN48;2
DF7TV;JN48;122
DF7TW;JO40;1
DF7WY;JO30;1
DF8AA;JO60;31
DF8AN;JO41;39
DF8AN/P;JO44;1
DF8DO;JO31;5
DF8DU;JO31;58
DF8FT;JO40;1
DF8HS;JO53;2
DF8IJ;JN48;2
DF8IU;JN49;17
DF8MH;JO33;11
DF8MV;JN58;2
DF8PN;JO30;1
DF8QB;JO31;5079
DF8QB;JO51;1
DF8RJ;JO42;1
DF8RU;JN68;5
DF8TN;JN49;1
DF8TS;JN59;1
DF8VL;JN39;1
DF8XC;JO41;840
DF9AO;JO51;4
DF9EY;JO31;18
DF9GD;JN48;1
DF9HI;JO31;3847
DF9HI;JN65;1
DF9HI;JO21;1
DF9HI;PM74;1
DF9JL;JO31;7
DF9JS;JO31;1
DF9JS;JO32;1
DF9KF;JO31;5
DF9ML;JO41;6
DF9NV;JN59;1
DF9PG;JO41;2
DF9RB;JN59;12
DF9SJ;JN48;1
DF9SP;JN58;1
DF9UX;JN47;5
DF9VJ;JO42;3
DF9VN;JN47;1
DF9YF;JO42;7
DG0CAW;JN49;2
DG0DZ;JO61;190
DG0EF;JO60;2
DG0EK;JO60;2
DG0JJH;JO60;6
DG0JK;JO60;19
DG0JK;JO51;1
DG0JK;JO59;1
DG0JW;JO60;4
DG0KS;JO64;2
DG0KT;JO64;1
DG0LD;JN58;1
DG0LFG;JO61;263
DG0MG;JO60;1
DG0NE;JO63;1
DG0OAT;JO62;2
DG0OCG;JO50;1
DG0OCY;JO60;13
DG0OFT;JO50;4
DG0OIK;JO61;3
DG0OME;JO51;4
DG0RB;JO60;1
DG0WOL;JO60;2
DG1ABC;JO31;1
DG1AS;JO53;487
DG1AW;JN49;2
DG1CMZ;JO60;1
DG1DCW;JO30;1
DG1DJK;JO43;1
DG1DTL;JO61;1
DG1ELG;JO31;6
DG1EZ;JO31;11
DG1FFD;JO41;5
DG1GCI;JN38;1
DG1HBA;JO61;3
DG1HBA;KM17;1
DG1IAH;JN39;3
DG1IU;JO40;1
DG1JK;JO31;1
DG1JWN;JO62;1
DG1KDD;JO31;8
DG1KHN;JO30;2
DG1KIW;JO30;2
DG1KRJ;JO31;1
DG1KSA;JO30;11
DG1LHM;JO53;7
DG1LJP;JO53;20
DG1LRH;JO61;1
DG1NFB;JN59;1
DG1NPM;JO31;1
DG1OAM;JN59;2
DG1PS;JN48;1
DG1PU;JO30;3
DG1RMY;JO62;17
DG1ROL;JN58;1
DG1SCD;JN58;1
DG1SJ;JO31;1
DG1SR;JN49;3
DG1VB;JO61;1
DG1VL;JO61;102
DG1YBN;JO32;108
DG1YBN;JO31;39
DG1YBN;JO22;1
DG1YFF;JO42;1
DG2BAS;JO33;64
DG2BPW;JO30;121
DG2BWG;JO62;1
DG2CAJ;JN58;2
DG2CAJ;JO40;1
DG2EBG;JO31;1
DG2EKO;JN48;1
DG2ELK;JO31;6
DG2FAJ;JN68;5
DG2GG;JN47;1
DG2GMW;JN48;12
DG2GRK;JN38;2
DG2GTG;JN38;6
DG2KW;JO61;2
DG2MCM;JN57;13
DG2MEL;JN67;1
DG2NBN;JN59;1
DG2PHE;JO51;3
DG2RBH;JN68;2
DG2SAT;JN48;3
DG2SAX;JN48;1
DG2SEG;JN48;2
DG2SRL;JO61;3
DG2SUK;JO53;2
DG2TPM;JN57;3
DG2TPM;JO57;1
DG2VJ;JO70;3
DG2XB;JO42;1
DG2YFZ;JO41;9
DG3ABZ;JO52;20
DG3AWF;JO50;3
DG3AWN;JO50;2
DG3AZ;JO53;1
DG3BD;JO30;87
DG3BZ;JO31;867
DG3DAF;JO41;1
DG3FAW;JO40;119
DG3FBL;JN49;2
DG3FFM;JO41;10
DG3HO;JO33;2
DG3HVH;JO51;5
DG3IAM;JN48;7
DG3IAM;JO30;1
DG3IS;JO31;2
DG3JKB;JO31;1
DG3KCU;JO31;6
DG3KCW;JO31;3
DG3MDE;JN58;1
DG3NAB;JO40;203
DG3NCZ;JO50;18
DG3NEV;JN59;1
DG3SDK;JO64;8
DG3SFR;JN47;2
DG3VG;JO71;1
DG3VL;JO61;1
DG3YKW;JO41;13
DG4BH;JO30;1
DG4BRT;JO43;13
DG4CG;JN68;4
DG4EU;JO31;1
DG4FAD;JO40;1
DG4FFF;JO40;8
DG4HAD;JO54;2
DG4IT;JN49;1
DG4KAI;JN69;1
DG4LXM;JO61;2
DG4MAM;JN58;1
DG4MD;JN58;3
DG4NEC;JN59;1
DG4SCG;JN48;1
DG4UVR;PM01;1
DG4VD;JO61;1
DG4YIR;JO42;3
DG4YT;JO31;2
DG59W;JO30;1
DG5AAG;JO51;5
DG5BCR;JO33;81
DG5CR;JN68;3
DG5CST;JO60;26
DG5DR;JN69;5
DG5EM;JO31;1
DG5HP;JO43;1
DG5HR;JO53;1
DG5LEO;JO31;1
DG5LP;JN48;2444
DG5LP;JO40;1
DG5LP;JO48;1
DG5MEX;JN58;1
DG5MH;JN57;3
DG5MLA;JN58;104
DG5MMW;JN57;1
DG5NBO;JN59;2
DG5NET;JN59;1
DG5OAV;JO42;3
DG5PI;JN49;11
DG5PI;JO51;1
DG5PW;JO30;43
DG5RC;JN68;3
DG5RN;JN59;131
DG5SFW;JN49;1
DG5SMY;JN49;3
DG5TF;JN58;2
DG5TM;JO51;1
DG5YHX;JO31;3
DG5YL;JO31;6
DG5YPR;JO32;1
DG6BI;JO43;1
DG6DAF;JO41;4
DG6EAH;JO42;2
DG6FFS;JO41;1
DG6ITP;JO71;1
DG6JW;JO31;7
DG6MAH;JN58;91
DG6MAN;JN58;1
DG6MCQ;JN58;1
DG6MDG;JN47;28
DG6MDG;KN47;1
DG6RAH;JN69;3
DG6SCK;JN48;2
DG6TOM;JN58;8
DG6UAX;JN48;160
DG6VC;JN39;10
DG6YGE;JO42;1
DG7AK;JO53;185
DG7BBU;JO43;2
DG7BST;JO42;4
DG7FBB;JO40;5
DG7FEQ;JO40;30
DG7JB;JO31;4
DG7LAE;JO53;54
DG7LAZ;JO43;9
DG7LBB;JO53;7
DG7MB;JO43;5
DG7MGN;JN57;2
DG7MKE;JO40;1
DG7NAO;JN59;1
DG7NFT;JN59;11
DG7RAF;JN68;1
DG7RF;JO52;1
DG8AAC;JO52;2
DG8AC;JO30;1
DG8AL;JN48;1
DG8BCG;JO43;1
DG8DBW;JO31;3
DG8DC;JO31;2
DG8EV;JO31;9
DG8FBV;JN49;4
DG8JA;JO31;1
DG8LBB;JO53;1
DG8MPI;JO72;10
DG8NCO;JO50;3
DG8NCY;JO50;1
DG8NFB;JN59;25
DG8RAD;JN58;1
DG8WA;JO40;1
DG8YHO;JO41;6
DG9AK;JN49;3
DG9BEO;JO43;718
DG9FFM;JN49;16
DG9KBH;JO30;1
DG9LAY;JO41;3
DG9LBD;JO54;5
DG9MA;JN58;1
DG9MAQ;JN58;3
DG9MDM;JN67;199
DG9NAY;JN58;14
DG9NDT;JN59;3
DG9SDN;JO52;19
DG9SEH;JN48;15
DG9VH;JN39;267
DG9XN;JO52;6
DH0BRO;JO62;2
DH0DM;JO61;39
DH0GBC;JN69;4
DH0GHU;JN38;2
DH0GME;JN48;1
DH0HAN;JN59;2
DH0KAI;JO30;2
DH0KW;JN49;1
DH0RAK;JN49;108
DH0VB;JO51;2
DH0YAH;JO32;30
DH0ZAL;JN49;2
DH1ADW;JO31;7
DH1ADW;JO51;1
DH1AKG;JO60;14
DH1AL;JO31;4
DH1BAQ;JO32;3
DH1BAS;JO42;1
DH1BBF;JO33;13
DH1DA;JN48;3
DH1DH;JN58;1
DH1EE;JN48;1
DH1FA;JO31;1
DH1HF;JO30;26
DH1IOL;JN39;1
DH1JG;JO31;1
DH1KJ;JN48;17
DH1KM;JO30;3
DH1KU;JO30;2
DH1KU;JO51;1
DH1MJ;JO30;1
DH1NFK;JN49;1
DH1NGL;JO50;5
DH1NGL;JO41;1
DH1NSP;JN59;2
DH1OK;JN48;10
DH1OL;JN39;532
DH1OL;JN38;1
DH1OL;JO40;1
DH1PS;JO31;9
DH1RQA;JO62;1
DH1TS;JO30;1
DH1TST;JO62;12
DH1VY;JN39;3
DH1VZ;JN39;16
DH1YBF;JO41;7
DH2AP;JO42;6
DH2BH;JO33;1
DH2DAM;JO31;4
DH2ES;JN48;7
DH2FAA;JO40;1
DH2FD;JO50;49
DH2KAB;JO30;1
DH2LAB;JO54;5
DH2NJS;JO50;31
DH2OAC;JO42;4
DH2OAC;JN39;1
DH2PA;JN49;2
DH2PAQ;JN49;1
DH2PC;JN49;3
DH2RTW;JO31;780
DH2SK;JN49;4
DH2WA;JN47;100
DH3FBT;JO30;2
DH3GAR;JN49;1
DH3GE;JO31;1
DH3HW;JO31;3
DH3KR;JO30;3
DH3LAT;JO44;1
DH3MIT;JN58;6
DH3MLI;JN57;2
DH3OAH;JO41;2
DH3PL;JO62;1
DH3RD;JN39;1
DH3UN;JO31;2
DH3ZK;JO41;672
DH4AAA;JO52;1
DH4BM;JO50;216
DH4FAJ;JN49;1
DH4FR;JO43;30
DH4FR;JP42;1
DH4HN;JO31;26
DH4JQ;JO31;1
DH4LAR;JO44;1
DH4NBB;JN59;3
DH4PAP;JO30;12
DH4VG;JN39;1
DH4YAQ;JO31;7
DH5BM;JO41;22
DH5BO;JO43;9
DH5GS;JO30;1
DH5HS;JO31;4
DH5LS;JN59;1
DH5MM;JO52;8
DH5NC;JN49;8
DH5RUM;JO62;1
DH5SA;JN49;2
DH6BB;JO33;7
DH6BH;JO33;3943
DH6BH;JO51;1
DH6DAO;JO41;249
DH6FAJ;JO41;3
DH6VL;JN39;3
DH7AGZ;JO62;1
DH7AHO;JN48;2
DH7DA;JO61;1
DH7NK;JO40;2
DH7OL;JO41;3
DH7OM;JO43;3
DH7RG;JO62;1
DH7SB;JN48;4
DH7TS;JO62;4
DH7WW;JO60;1
DH7WW/P;JO60;2
DH8AMG;JO42;7
DH8BAB;JO43;2
DH8BAO;JO43;1
DH8BQA;JO73;1387
DH8FB;JO52;1
DH8GV;JO33;1
DH8IAB;JO30;2
DH8KAL;JO30;1
DH8KN;JO31;7
DH8LAA;JO44;2
DH8ND;JO42;153
DH8WC;JO50;39
DH8WC;JO33;1
DH8WR;JO50;616
DH9AG;JO42;1
DH9AT;JN67;1
DH9DR;JO31;4
DH9DX/P;JO31;280
DH9DX/P;JO52;1
DH9ET;JN57;3
DH9FAX;JO40;1
DH9MAB;JO33;1
DH9OK;JO51;2
DH9PH;JO30;3
DH9TB;JN48;1
DH9YBE;JO41;1
DJ0ABM;JN48;5
DJ0AH;JN57;14
DJ0BS;JO52;1
DJ0CL;JN47;2
DJ0DX;JN59;21
DJ0DX;JN58;2
DJ0FX;JN67;27
DJ0MAB;JN49;24
DJ0MEK;JO62;1
DJ0OP;JO53;26
DJ0WJ;JO40;10
DJ0WJ;JO50;1
DJ0WO;JN57;1
DJ0YI;JN48;160
DJ0ZK;JO32;1
DJ1AA;JO41;94
DJ1FTI;JN58;2
DJ1JAY;JO50;475
DJ1JAY;JO54;10
DJ1JE;JO31;1
DJ1JR;JO51;10
DJ1KE;JN58;3
DJ1KW;JN68;28
DJ1NT;JO31;5
DJ1OJ;JN58;2106
DJ1OJ;LO87;1
DJ1PQ;JN49;6
DJ1PQ;JO49;1
DJ1SL;JO42;3
DJ1SP;JN48;2
DJ1TO;JO62;1
DJ1TT;JO60;6
DJ1TU;JN48;1074
DJ1XT;JO44;224
DJ2DL;JO31;9
DJ2FL;JO30;6
DJ2FR;JN58;211
DJ2IO;JO31;157
DJ2KR;JO54;1
DJ2LY;JO40;1
DJ2LY;JO54;1
DJ2MS;JO30;15
DJ2OJ;JO41;1
DJ2PW;JN39;14
DJ2QV;JN58;577
DJ2QV;JO31;1
DJ2QV;JO51;1
DJ2QV;JO57;1
DJ2TG;JO30;62
DJ2TG;JO31;28
DJ2VA;JO40;4
DJ2WK;JN48;1
DJ2XY;JO53;1
DJ2YA;JO40;326
DJ2ZX;JO42;1
DJ3AA;JN48;18
DJ3BF;JO31;1
DJ3CH;JO42;1
DJ3CS;JO50;5
DJ3FS;JO41;7
DJ3HW;JO30;2
DJ3HW;JO42;2
DJ3JD;JO52;125
DJ3LE;JO44;8
DJ3NJ;JO50;6
DJ3NJ;JO00;1
DJ3TF;JN59;14
DJ3ZF;JN49;6
DJ4DI;JO40;1
DJ4DN;JO31;49
DJ4FAN;JN49;12
DJ4IP;JN49;9
DJ4JB;JO44;2
DJ4JZ;JO30;15
DJ4KW;JO53;2
DJ4LK;JN59;2
DJ4MM;JO52;3
DJ4MO;JN57;1
DJ4PX;JN48;1
DJ4TP;JO30;16
DJ4TW;JN39;39
DJ4WM;JO42;42
DJ4WT;JN49;167
DJ4XR;JN58;47
DJ5CT;JO30;2002
DJ5DG;JO40;1
DJ5FI;JN49;1
DJ5FS;JO42;8
DJ5JD;JO33;3
DJ5KX;JO30;1
DJ5UW;JN58;85
DJ5YS;JN58;12
DJ5YS;JN68;9
DJ6AG;JO51;2
DJ6CV;JN49;1
DJ6EA;JN48;1
DJ6GI;JO43;23
DJ6HR;JO31;3
DJ6JZ;JO31;7
DJ6MK;JN67;2
DJ6OI;JO41;24
DJ6OL;JO52;3
DJ6TB;JN67;56
DJ6TK;JO44;22
DJ6UG;JN57;1
DJ6VX;JO31;61
DJ6YX;JO52;10
DJ7BU;JN59;2
DJ7GS;JN47;35
DJ7JB;JO62;9
DJ7JC;JO31;1
DJ7LA;JO33;2
DJ7LT;JO30;1
DJ7MF;JO60;2
DJ7NT;JO30;1
DJ7SH;JN58;1
DJ7TO;JO61;2
DJ7TW;JN49;12
DJ7UC;JO62;22
DJ7XB;JO52;5
DJ7XY;JO31;6
DJ7YP;JO42;755
DJ7YP;JO41;1
DJ8AW;JO53;1
DJ8EW;JN58;174
DJ8KM;JO30;2
DJ8NQ;JO43;4
DJ8OG;JO40;157
DJ8QP;JN68;8
DJ8QP;JO51;1
DJ8RP;JN48;3
DJ8RS;JO54;71
DJ8SC;JN37;1
DJ8TX;JO40;4
DJ8UK;JO42;4
DJ8VC;JO32;1
DJ8YN;JN48;3
DJ8YN;JO51;1
DJ9BX;JO63;3
DJ9DZ;JO31;1
DJ9ER;JO31;6
DJ9FBA;JN39;26
DJ9FK;JO41;3
DJ9GS;JN49;1
DJ9HR;JN57;20
DJ9HX;JN49;2
DJ9JD;JO62;6
DJ9KG;JO42;1
DJ9MH;JO50;740
DJ9NY;JO41;20
DJ9RM;JN49;1
DJ9SO;JO53;1
DJ9WJ;JO52;93
DJ9XB;JN49;105
DJ9ZL;JO30;1
DK0AU;JO42;1
DK0BER;JO62;8
DK0BO;JO31;1
DK0BT;JN59;528
DK0BT;LN59;1
DK0DG;JN37;1
DK0EE;JN58;4
DK0FNF;JO50;4
DK0GYB/P;JO51;2
DK0HAN;JO31;5
DK0HS;JO30;1
DK0LR;JO33;1
DK0OA;JO41;2
DK0OF;JO33;478
DK0SD;JN48;1
DK0SN;JO43;2
DK0SU;JN48;2
DK100DDSR;JO43;1
DK1AJ;JO42;65
DK1AN;JO40;1
DK1AQ;JO43;3
DK1AT;JO43;2
DK1BF;JO33;8
DK1BJ;JO42;20
DK1BN;JO30;31
DK1BT;JO43;857
DK1BX;JO41;1
DK1CE;JN48;4
DK1CO;JO63;4
DK1ES;JO30;1
DK1FDX;JO61;4
DK1FDX;JO71;1
DK1FF;JO50;1
DK1FIN;JO54;1
DK1FS;JN49;1
DK1FW;JN48;1
DK1FY/P;JO72;1
DK1GP;JO30;92
DK1GP;JO33;1
DK1HL;JO42;1
DK1IO;JO42;1
DK1IO;JO51;1
DK1KC;JN58;705
DK1KC;LN58;1
DK1KIK;JO31;5
DK1KW;JN58;1
DK1LRS;JO43;669
DK1LRS;JO53;1
DK1MAX;JN58;29
DK1MBY;JN58;3
DK1MCS;JN57;1
DK1MI;JN49;1
DK1NJ;JN48;42
DK1PU;JO30;2
DK1REM;JN47;6
DK1RF;JO42;5
DK1RTL;JO31;23
DK1RWR;JO31;3
DK1SH;JN58;1
DK1TBL;JN39;9
DK1TS;JO31;2
DK1UJ;JO31;11
DK1VB;JO30;1
DK1WB;JO52;2
DK1XAM;JO42;9
DK1XAM/QRP;JO42;1
DK1ZX;JN69;3
DK2AJ;JO51;412
DK2AMS;JO61;1
DK2AT;JO50;419
DK2BK;JN49;4
DK2CC;JO63;425
DK2CF;JO41;1
DK2CI;JO50;2
DK2DB;JN48;2
DK2DQ;JO31;329
DK2EE;JO32;549
DK2EE;JN39;384
DK2EE;JO40;4
DK2EU;JO31;7
DK2HM;JN58;1
DK2JP;JO73;2
DK2KI;JO31;1
DK2LC;JN68;1
DK2NG;JO52;3
DK2NO;JN49;3
DK2OY;JO44;682
DK2OY;JO40;1
DK2PZ;JN58;2
DK2VM;JN39;3
DK2WC;JO31;37
DK2WHS;JO44;2
DK2XV;JN49;2
DK2YCT;JO32;1
DK2ZO;JN49;12
DK3BK;JO53;224
DK3EL;JO31;9
DK3FD;JO40;2
DK3GI;JN59;35
DK3HV;JO31;22
DK3IG;JO63;3
DK3JW;JN67;75
DK3KM;JO30;1
DK3NSN;JN59;2
DK3PB;JO20;1
DK3PG;JN68;4
DK3PM;JO64;56
DK3PZ;JO53;2
DK3RA;JO53;2207
DK3TA;JO50;11
DK3TNA;JO62;207
DK3WH;JO51;221
DK3WJ;JO50;103
DK3WL;JO50;3
DK3WN;JN49;3005
DK3WN;IO92;1
DK3WN;KB28;1
DK3WW;JO62;1
DK3XX;JO43;17
DK4AH;JO51;2
DK4FH;JO64;1
DK4FP;JN48;5
DK4GO;JN47;1
DK4IO;JN49;1
DK4JJ;JO30;4
DK4LK;JN58;2
DK4LR;JN49;3
DK4LR;JO33;1
DK4OG;JO42;1
DK4OX;JO52;1
DK4RH;JO31;31
DK4RH;JO51;1
DK4RH/QRP;JO31;1
DK4RL;JO61;4
DK4SR;JN49;4
DK4TG;JO31;1
DK4VY;JO43;1
DK4WK;JO30;1
DK4YB;JN68;206
DK5AC;JO50;17
DK5AL;JO51;1
DK5AN;JO51;2
DK5ATT;JN48;1
DK5BM;JN48;1
DK5BO;JO43;5
DK5CM;JO32;2
DK5CX;JO61;2
DK5DC;JO31;5
DK5DW;JN68;2
DK5ED;JO52;3
DK5EN;JN58;13
DK5EO;JO31;2
DK5GP;JO60;2
DK5HH;JO43;5
DK5IR;JN49;3
DK5LQ;JO44;1
DK5MJ;JN57;1
DK5NC;JO52;2
DK5NSF;GA62;1
DK5OPA;JO30;21
DK5RH;JO54;1
DK5RL;JO61;8
DK5SF;JN48;1
DK5SM;JO51;1
DK5SV;JO40;19
DK5TA;JN68;5
DK5UP;JO60;2
DK5UR;JO40;1
DK5WL;JN39;13
DK5WO;JO30;32
DK6AH;JN48;11
DK6AJ;JO52;1
DK6AR;JO51;1
DK6CQ;JN58;1
DK6CS;JO31;16
DK6DG;JO53;3
DK6ED;JN49;2
DK6GY;JN37;4
DK6IM;JN49;1
DK6JT;JO40;1
DK6KJ;JO30;26
DK6LF;JO60;1
DK6MG;JO30;2
DK6MR;JO30;1
DK6MS;JO31;45
DK6OR;JN49;2
DK6PW;JO62;6
DK6PW;JO51;1
DK6SG;JN48;1
DK6SG;JO51;1
DK6WH;JO50;10
DK6WS;JO30;2
DK6XY;JO53;4
DK7AE;JO42;8
DK7AO;JO50;2
DK7BI;JO43;1
DK7EQ;JN49;22
DK7GH;JN38;9
DK7HN;JN48;2
DK7HW;JO53;17
DK7IO;JN39;2
DK7JL;JO62;16
DK7LE;JO54;3
DK7LOT;JO40;3
DK7MM;JO50;1
DK7MT;JO31;5
DK7NF;JN59;1
DK7NL;JN59;4
DK7OM;JO53;2
DK7RR;JN68;1
DK7SB;JN58;2
DK7TX;JO31;2
DK7UH;JN39;1
DK7UY;JO44;33
DK7XD;JO43;7
DK7ZT;JO40;2903
DK7ZT;JO51;6
DK7ZT;IO64;1
DK7ZT;JO30;1
DK7ZT;JO31;1
DK7ZT;JO62;1
DK7ZT;OI32;1
DK80ZUSE;JO71;4
DK8AP;JO51;101
DK8AZ;JO30;10
DK8CX;JO61;10
DK8DAY;JN68;4
DK8EW;JO62;5
DK8FG;JO54;11
DK8HC;JO42;4
DK8HC/P;JO42;10
DK8IF;JN49;15
DK8IF;JO72;1
DK8IOF;JO61;1
DK8IZ;JN49;3
DK8JS;JN57;1
DK8OC;JO42;2
DK8OM;JO62;6
DK8PR;JN49;1
DK8QH;JO41;7
DK8QS;JO32;2
DK8RE;JO61;4
DK8RG;JO60;1
DK8RW;JN67;1
DK8VR;JN39;1
DK8VX;JN39;20
DK8WA;JN49;1
DK8WQ;JO40;1
DK8WQ/P;JO40;1
DK8XY;JO53;116
DK8YY;JO50;1
DK8ZZ;JO30;557
DK9BF;JO42;6
DK9BG;JO42;8
DK9BM;JO41;418
DK9BO;JO31;4
DK9CG;JN58;12
DK9DA;JO33;101
DK9EJ;JN49;1
DK9FE;JO40;396
DK9GZ;JO61;1
DK9HI;JO42;1
DK9HN;JO53;1
DK9IP;JN48;399
DK9JC;JN39;12
DK9JI;JO31;8
DK9JQ;JO31;5
DK9KW;JO32;2
DK9LF;JO43;9
DK9NP;JN59;17
DK9NP;JO40;2
DK9NP;JN85;1
DK9NP;JO51;1
DK9RC;JN58;3
DK9WB;JO30;1
DK9WI;JO30;11
DK9ZE;JN49;70
DK9ZI;JN49;5
DK9ZQ;JO41;37
DK9ZZ;JO32;7
DKEJW;JN67;1
DL/SP7TBS;KO01;2
DL/UA1AFE;JO62;2
DL/UA1AFE;JO30;1
DL/UA1AFE;JO50;1
DL/UA1AFE;JO51;1
DL/UA1AFE;JO53;1
DL/UA1AFE;JO73;1
DL/UA1AFE;KO59;1
DL0BBL;JN59;1
DL0BBZ;JN58;65
DL0CS;JO44;885
DL0DG;JO31;1
DL0EFD;JO61;1
DL0FHC;JO50;10
DL0GC;JO31;1059
DL0GC;JO43;1
DL0GEO;JO33;11
DL0HAL;JO51;1
DL0HAM;JO62;1
DL0HDL;JO52;1
DL0IBF;JO31;2
DL0IE;JO31;2
DL0IF;JN49;246
DL0IFM;JN47;413
DL0IFM;JO20;1
DL0JS;JO62;4
DL0KYF;JO51;136
DL0KYF/P;JO51;1
DL0LK;JO53;3
DL0MO;JN57;1
DL0MT;JN48;1859
DL0PE;JO52;596
DL0PPP;JO52;3438
DL0PPP;JO51;1
DL0PPP;QD73;1
DL0PRL;JO31;1
DL0PS;JO41;1
DL0ROS;JN67;16
DL0RUS;JN58;422
DL0TN;JN48;1
DL0VG;JO63;638
DL0XK;JN39;1
DL100TC;JO40;2
DL1AAA;JO21;1
DL1AAH;JO52;6
DL1ADI;JO50;20
DL1AE;JO31;179
DL1AFH/P;JO30;1
DL1AG;JN48;1
DL1AL;JO30;1
DL1AMQ;JO50;7
DL1AMT;JN39;1
DL1ANF;JN58;18
DL1AOQ;JO50;29
DL1API;JO51;3
DL1AQY;JO50;1
DL1ARS;JN48;7
DL1ASR;JO51;43
DL1AUW;JO51;4
DL1AXB;JO50;8
DL1AXX;JO31;3
DL1BAH;JO33;3
DL1BBO;JO43;1
DL1BBO;JO51;1
DL1BBR;JO33;2
DL1BFR;JO32;144
DL1BJA;JO43;1
DL1BJL;JO33;236
DL1BJO;JO43;107
DL1BJW;JO43;3
DL1BKX;JO42;4
DL1BOB;JN58;210
DL1BOB;JN59;1
DL1BU;JN39;3
DL1CC;JO72;8
DL1CPU;JC70;1
DL1CWA;JN48;1
DL1CWR;JO40;1
DL1DAW;JO31;9
DL1DBR;JO41;621
DL1DCT;JO31;2
DL1DEU;JN59;1
DL1DEU;JO51;1
DL1DGE;JN67;1
DL1DH;JN49;3
DL1DH;JN59;3
DL1DOS;JN59;308
DL1DQR;JO71;2
DL1DUK;JO61;1
DL1DUR;JO70;2
DL1DV;JN39;20
DL1DVE;JO61;1
DL1DVE/P;JO71;1
DL1DXX;JO31;2
DL1DY;JO31;16
DL1EAL;JO31;1110
DL1EAL;JN55;1
DL1EAL;JN75;1
DL1EB;JO31;1
DL1EBW;JO31;6
DL1ECN;JO32;1
DL1EFX;JO30;5
DL1ELO;JO31;1
DL1EMA;JO31;85
DL1ESZ;JO31;1
DL1FAM;JN49;10
DL1FCU;JN49;67
DL1FDK;JO40;2
DL1FKB;JO30;134
DL1FSK;JN49;3
DL1FTY;JO62;1
DL1FX;JN49;2
DL1FYV;JN59;2
DL1GAJ;JN49;2
DL1GAJ;JN37;1
DL1GAN;JN58;2
DL1GFM;JN48;23
DL1GKC;JN49;1
DL1GLO;JN47;22
DL1GPS;JN48;3
DL1GWN;JN37;2
DL1GWW;JN48;57
DL1HCN;JO53;2
DL1HDL;JO53;19
DL1HEM;JO31;1
DL1HHH;JN47;1
DL1HKL;JN68;3
DL1HMA;JO40;2
DL1HQN;JO61;5
DL1HRC;JO61;2
DL1HSI;JO51;228
DL1HTB;JO40;2
DL1HUF;JO61;2
DL1HUH;JO61;146
DL1HXA;JO51;2
DL1IGB;JN39;12
DL1IP;JN49;3
DL1IP;JN79;1
DL1JCI;JO60;1
DL1JEL;JO60;4
DL1JKH;JO54;1
DL1JPF;JO60;33
DL1JRI;JO60;4
DL1JW;JO42;1
DL1KCP;JO30;3
DL1KDA;JO30;3
DL1KFL;JO31;4
DL1KHD;JO40;2
DL1KHU;JO43;1
DL1KL;JO43;2
DL1KSW;JO30;4
DL1KVN;JO31;1
DL1LCK;JO54;2
DL1LMD;JN39;1
DL1LOD;JO61;101
DL1LOL;JO51;1
DL1LSL;JN48;2
DL1LTG;JO62;1
DL1LU;JO61;5
DL1LZ;JO31;348
DL1MBG;JN68;3
DL1MEV;JN58;2
DL1MFK;JN58;6
DL1MFT;JN58;2
DL1MKW;JO40;82
DL1MMK;JN58;2
DL1MPR;JN58;69
DL1NAX;JO50;1
DL1NCH;JO31;25
DL1NCH;JN59;1
DL1ND;JN59;1
DL1NEG;JO50;3
DL1NEM;JN69;2
DL1NEO;JN59;7
DL1NGS;JO50;1
DL1NO;JN49;1
DL1NOD;JO63;13
DL1NRC;JN39;4
DL1OHM;JN39;6
DL1OPI;JO31;1
DL1PAB;JO62;2
DL1PUM;IJ06;1
DL1PWJ;JO31;1
DL1QC;JO52;1
DL1R;JN58;5
DL1RAE;JN68;6
DL1RAP;JO60;2
DL1RB;JO41;1
DL1REM;JO32;83
DL1RHK;JO41;2
DL1RI;JO40;159
DL1RLB;JO62;2
DL1RMT;JO52;1
DL1RMY;JO62;2
DL1RNW;JO62;40
DL1RON;JO60;2
DL1RPR;JO62;69
DL1RTS;JO62;4
DL1RV;JN47;72
DL1SCZ;JN48;70
DL1SEW;JN48;1
DL1SGH;JN58;1
DL1SHA;JN67;1
DL1SL;JN48;11
DL1SMA;JN48;3
DL1SO;JO53;242
DL1SP;JN49;9
DL1SP;JN59;1
DL1STG;JO31;296
DL1STG;KO85;1
DL1SUZ;JO53;49
DL1SVA;JO64;76
DL1SVI;JO60;1
DL1SWN;JO53;5
DL1TAM;JO50;2
DL1TKL;JO73;1
DL1TR;JN48;1
DL1TRK;JO63;9
DL1TS;JN58;4
DL1TZ;JO62;2
DL1UDO;JO31;39
DL1USB;JO60;1
DL1VJL;JO60;15
DL1VL;JN39;1
DL1VST;JO44;1
DL1VVQ;JO60;27
DL1WWE;JN58;1
DL1XMW;JN58;3
DL1YBI;JO42;3
DL1YCF;JN39;1
DL1YCG;JO31;1
DL1YCL;JO31;15
DL1YCL;JO51;1
DL1YDT;JO32;1
DL1YDX;JO31;4
DL1YEG;JO42;77
DL1YFS;JO41;8
DL1YKQ;JN67;8
DL1YTT;JO31;7
DL1ZU;JO40;8
DL20IKT;JO61;2
DL24EURO;JO41;1
DL250CDF;JO42;55
DL250CDF;JO64;3
DL2AAK;JO52;1
DL2ADI;JO42;5
DL2ADI;JO40;1
DL2AL;JO51;71
DL2ALE;JO50;3
DL2AMD;JO50;38
DL2AMM;JO50;1
DL2AND;JO60;2
DL2AO;JN58;1
DL2AOM;JO61;8
DL2AOM;JO60;1
DL2ART;JO30;51
DL2ARW;JO60;2
DL2AXA;JO50;7
DL2BCM;JO43;2
DL2BFK;JN49;1
DL2BIS;JN49;63
DL2BMH;JN49;4
DL2BO;JO31;9
DL2BR;JO31;1
DL2BS;JO32;6
DL2CBB;JO53;4
DL2CS;JO42;15
DL2DBI;JO31;946
DL2DCQ;JO40;1
DL2DCX;JO31;461
DL2DIE;JN67;2
DL2DN;JN48;1
DL2DQL;JO61;2
DL2DQN;JO61;1
DL2DXD;JO61;2
DL2DYA;JO64;2
DL2EAD;JN47;1
DL2ECY;JO33;1
DL2EH;JN48;2
DL2EJF;JO40;1
DL2EMU;JO30;417
DL2FAG;JO40;4
DL2FBG;JO40;3
DL2FBQ;JN49;19
DL2FHS;JN49;4
DL2FI;JO50;1
DL2FK;JN48;8
DL2FM;JO32;2
DL2FX;JN58;3
DL2GAK;JN48;2
DL2GHM;JN38;1
DL2GMI;JN47;104
DL2GPK;JN47;44
DL2GWA;JN48;1
DL2GX;JO50;4
DL2HIR;JN58;49
DL2HRE;JO51;1
DL2HRT;JO51;3
DL2HS;JO31;1
DL2HUC;JO51;2
DL2HWH;JO61;1
DL2HWX;JO51;1
DL2HYH;JO51;333
DL2IAN;JN39;11
DL2IAU;JN49;2
DL2IF;JO60;1
DL2IKE;JO61;525
DL2IKE;JP61;1
DL2JAA;JO60;4
DL2JAP;JO60;1
DL2JAU;JO60;1
DL2JLB;JO60;8
DL2KAC;JO30;4
DL2KBQ;JO30;1
DL2KBX;JO30;208
DL2KBX/P;JN57;2
DL2KDF;JO30;11
DL2KMH;JO31;3
DL2KMK/P;JO64;1
DL2KTH/P;JO64;1
DL2KV;JO42;73
DL2KWA;JO54;776
DL2LBO;JO53;3
DL2LDE;JN68;7
DL2LI;JO30;1
DL2LTM;JO61;22
DL2MCI;JN57;3
DL2MEL;JN58;9
DL2MGH;JN67;2
DL2MHM;JN39;6
DL2MIH;JN58;103
DL2MIJ;JN58;7
DL2NAE;JN59;1
DL2NAU;JO50;3
DL2NBJ;JN59;8
DL2NBJ;JO99;1
DL2NBU;JN59;3
DL2NBU;JN58;1
DL2NBY;JN59;358
DL2NDL;JN59;1
DL2NO;JO43;1
DL2OAM;JO52;44
DL2OHL;JO31;17
DL2PK/P;JO40;55
DL2PR;JO40;175
DL2PS;JO31;1
DL2RH;JO32;71
DL2RMC;JN59;1
DL2RMC;JN68;1
DL2RMM;JO61;4
DL2ROB;JO62;2
DL2ROD;JO62;1
DL2RPN;JO62;11
DL2RSW;JO62;1
DL2RTG;JO62;2
DL2RUM;JO40;247
DL2RVL;JO62;1
DL2SAX;JN48;165
DL2SAX;JN58;2
DL2SDY;JN49;3
DL2SIM;JN58;4
DL2SSB;JO31;1
DL2SUH;JO53;2
DL2TIM;JN49;2
DL2TP;JO30;2
DL2TR;JN49;190
DL2UH;JN48;256
DL2USR;JO71;1
DL2UW;JO31;69
DL2VE;JN47;9
DL2VEL;JN37;22
DL2VER;JN49;5
DL2VLL;JO61;1
DL2VM;JO61;1
DL2VN;JO50;15
DL2VN;JO51;2
DL2VPO;JO61;2
DL2WJT;JO41;1
DL2WMM;JO31;1
DL2WWM;JO31;368
DL2WWM;JO33;1
DL2XM;JN58;1
DL2YAJ;JN49;22
DL2YCD;JO31;1
DL2YED;JO31;7
DL2YEY;JO41;2
DL2YMG;JO31;11
DL2YMR;JO41;1
DL2YZ;JO30;1
DL2ZJA;JO54;2
DL2ZM;JN59;7
DL30;JO30;1
DL3ABD;JO52;1
DL3ADI;JO64;3
DL3AG;JO52;3
DL3AHA;JO42;2
DL3AN;JO40;1
DL3ANK;JO50;110
DL3APM;JO51;1
DL3AQJ;JO50;3
DL3ARK;JO50;16
DL3AS;JO62;8
DL3BCU;JO43;56
DL3BE;JO42;5
DL3BH;JN48;14
DL3BQA;JO73;3
DL3BRE/P;JO62;1
DL3BRE/P;JO63;1
DL3BWG;JO62;5
DL3CR;JN39;1
DL3CT;JO50;1
DL3DCW;JO31;3
DL3DLP;JO33;1
DL3DQL;JO61;295
DL3EBB;JO42;2
DL3EBJ;JO31;12
DL3EL;JO40;5
DL3FAV;JO30;2
DL3FBB;JO40;3
DL3FCG;JO40;47
DL3FCG;IL18;1
DL3FCS;JO40;3
DL3FSB;JO53;3
DL3GA;JN47;1
DL3GC;JO33;2
DL3GD;JN38;1
DL3GJ;JO53;5
DL3HAH;JO30;1
DL3HBF;JO53;24
DL3HBT;JO53;2
DL3IAE;JN49;2
DL3IAK;JN49;6
DL3IG;JN47;1
DL3ING;JN58;1
DL3JHK;JO62;2
DL3JJ;JO60;4
DL3JVN;JO52;1
DL3JWA;JN58;3
DL3KAV;JO30;2
DL3KBB;JO30;3
DL3KF;JO41;1
DL3KJ;JO53;1
DL3KRI;JO52;290
DL3KSB;JO30;1
DL3KUD;JO53;2
DL3KVR;JO64;3
DL3LBK;JO54;4
DL3LBM;JO30;16
DL3LBP;JO53;3
DL3LC;JO62;5
DL3LD;JN48;1
DL3LO;JO51;7
DL3LP;JO41;4
DL3LST;JO61;2
DL3MCG;JN58;6
DL3MHO;JN58;2
DL3MHT;JN58;1
DL3MIB;JN57;9
DL3MN;JO33;1
DL3MR;JO71;36
DL3MSB;JO31;1
DL3NBU;JN59;7
DL3NDD;JO40;1
DL3NOC;JO63;1
DL3O;JO30;429
DL3O;JO41;1
DL3OCF;JO51;9
DL3OCF;JO52;1
DL3OH;JN48;41
DL3OI;JN58;3
DL3PI;JO31;1
DL3RAJ;JN68;7
DL3RAR;JN68;4
DL3RC;JO44;1
DL3SBD;JN48;1
DL3SC;JN58;1
DL3SET;JN48;118
DL3SKY;JN48;2
DL3SS;JO41;2
DL3TC;JO50;4
DL3TI;JO63;1
DL3TN;JO31;8
DL3TOM;JN68;19
DL3VDL;JO60;5
DL3VLL;JO61;2
DL3VZL;JO61;1
DL3XAC;JO53;5
DL3XS;JN49;1
DL3YAV;JO42;2
DL3YAZ;JN38;1
DL3YBR;JO32;1
DL3YCW;JO42;100
DL3YCX;JO32;789
DL3YDY;JN47;2
DL3YEE;JO42;4
DL3YEM;JO41;1
DL3YL;JO40;180
DL3ZBH;JO40;38
DL3ZID;JO53;2
DL4A;JN48;793
DL4A;JN59;1
DL4ABN;JO51;2
DL4APB;JO31;1
DL4APJ;JO50;46
DL4APK;JO50;2
DL4AX;JN38;3
DL4BBY;JO32;1
DL4BBY/QRP;JO32;1
DL4CF;JO51;3
DL4CH;JO43;29
DL4CQ;JO31;5
DL4DAC;JO31;2
DL4DBL;JO31;1
DL4DBM;JO31;2088
DL4DCD;JO41;1
DL4DE;JO41;2
DL4DGA;JN57;1
DL4DTL;JN49;5
DL4DW;JO40;526
DL4DW;JO33;1
DL4DWA;JO61;2
DL4EDC;JO31;2
DL4FAP;JN49;1
DL4FBZ;JO41;20
DL4FCH;JO40;1
DL4FCK;JO50;5
DL4FCS;JN48;1
DL4FJ;JN49;5
DL4FMA;JN57;1
DL4FMX;JO52;1
DL4FNE;JO61;557
DL4FOX;JN67;3
DL4FOX;JO51;1
DL4GBA;JN47;2
DL4GCJ;JN47;1
DL4GHS;JO62;9
DL4GI;JN75;1
DL4GK;JN48;5
DL4HDK;JN58;1
DL4HTR;JO61;2
DL4IAZ;JN48;1
DL4IS;JN48;1
DL4JCP;JO60;9
DL4JG;JO31;5
DL4JR;JO51;4
DL4KAG;JO30;1
DL4KBK;JO30;7
DL4KG;JN48;12
DL4KSD;JO71;2
DL4KUG;JO64;27
DL4KW;JO30;420
DL4LGV;JO42;24
DL4LT;JO40;699
DL4LTM;JO61;1
DL4MAR;JN47;1
DL4MCA;JN58;140
DL4ME;JO50;2038
DL4ME;JO21;1
DL4MFA;JN57;507
DL4MFF;JN57;3
DL4MFR;JN58;7
DL4MGD;JN57;4
DL4ML;JN48;1
DL4MM;JO61;3
DL4MWH;JO50;2
DL4MX;JN59;1
DL4MY;JO30;39
DL4NDO;JN59;4
DL4NFB;JN59;1
DL4NP;JO50;1
DL4NWM;JN59;3
DL4OAJ;JO30;7
DL4OCE;JO52;3
DL4OCF;JO52;2
DL4PAC;JO30;2
DL4QB;JO31;3
DL4RAQ;JN58;1
DL4RBR;JN59;1
DL4SEQ;JN48;5
DL4SFC;JN48;2
DL4SZB;JO63;207
DL4TL;JN59;11
DL4TM;JN67;1
DL4UCS;JO50;3
DL4VBU;JN39;3
DL4VK;JN58;4
DL4WF;JN58;8
DL4WP;JN48;1
DL4XU;JO53;1
DL4YA;JO51;1
DL4YAO;JN58;16
DL4YCD;JO40;1
DL4YCG;JO42;1
DL4YDR;JO32;2
DL4YM;JO41;43
DL4ZBY;JO40;2
DL4ZD;JO32;3
DL4ZM;JO61;1
DL50WAF;JO41;2
DL5AN;JN49;10
DL5AO;JN59;5
DL5ARM;JO50;1
DL5ASK;JO50;1257
DL5AWI;JO50;14
DL5AWR;JO50;14
DL5AX;JO52;4
DL5AXI;JO50;3
DL5AZZ;JN58;18
DL5BAV;JO43;1
DL5BAW;JO43;2
DL5BCF;JO33;1066
DL5BCQ;JO42;4
DL5BL;JO52;3
DL5BO;JO43;1
DL5BTE;JO72;2
DL5BWG;JO72;4
DL5CAT;JO31;5
DL5CD;JO60;3
DL5CU;JO64;2
DL5CV;JO40;153
DL5CX;JO64;2
DL5CX;JO63;1
DL5DAC;JO31;6
DL5DCK;JO31;1
DL5DM;JO41;3
DL5DM/P;JO31;2
DL5DQZ;JO61;53
DL5DSM;JO71;1
DL5DTG;JO63;237
DL5DZL;JO71;1
DL5EBS;JO31;8
DL5EP;JO31;21
DL5FCW;JO40;5
DL5FDP;JN49;1
DL5FU;JO61;4
DL5GAC;JN47;7
DL5GBP;JO51;1
DL5GE;JO31;4
DL5HF;JO43;2
DL5HO;JO30;2
DL5JAG;JO60;451
DL5JAN;JO40;9
DL5JBW;JO62;574
DL5JH;JO31;3
DL5JMN;JO60;10
DL5KA;JO30;1
DL5KBT;JN58;1
DL5KL;JO30;1
DL5KLX;JO62;1
DL5LH;JO54;11
DL5LS;JO54;197
DL5ME;JO52;1
DL5MFS;JN58;2
DL5MFW;JN57;4
DL5MK;JO61;2
DL5MX;JO50;50
DL5NAV;JO33;648
DL5NCC;JN49;1
DL5NCN;JN59;1
DL5NDA;JN59;3
DL5NDD;JN58;253
DL5NDH;JO50;1
DL5NO;JN58;72
DL5OAZ;JO42;2
DL5OBY;JO42;4
DL5OCD;JO42;1
DL5OCE;JO52;3
DL5OG;JO51;1
DL5PP;JN39;6
DL5QL;JO31;1
DL5RCN;JN68;1
DL5RDQ;JN59;3
DL5RFK;JO31;39
DL5RK;JN68;656
DL5RMH;JN68;226
DL5RMM;JO62;1
DL5SD;JO62;1
DL5SDN;JN48;210
DL5SFB;JN48;3
DL5SFB;JO51;1
DL5SG;JO60;1
DL5SGO;JO61;1
DL5SKH;JO40;103
DL5ST;JO60;1
DL5STX;JN59;14
DL5SUA;JO53;8
DL5TT;JN48;6
DL5TX;JN58;2
DL5UR;JN58;16
DL5WF;JO60;1
DL5WS;JO61;1
DL5WW;JO63;115
DL5YCL;JO31;1
DL5YEE;JO42;3
DL5YSD;JO42;1
DL5YT;JN49;1
DL5ZBA;JO40;27
DL5ZBE;JO41;2
DL5ZP;JO63;1
DL5ZR;JO40;3
DL6AAO;JO41;3
DL6ABF;JO51;1
DL6AM;JO42;1
DL6ATI;JO51;1
DL6AWJ;JO50;7
DL6BAD;JO43;5
DL6BAD/P;JO43;1
DL6BCL;JO33;2
DL6BEN;JO44;42
DL6BI;JO43;1
DL6BM;JO31;408
DL6CHF;JO52;20
DL6CIB;JO52;2
DL6CM;JO61;1
DL6CMF;JO52;2
DL6DAC;JO31;1
DL6DBF;JO31;1
DL6DH;JO41;1
DL6DW;JN58;8
DL6EE;JO31;12
DL6EL;JN57;15
DL6EV;JO60;1
DL6FCK;JO40;53
DL6FKR;JN57;251
DL6FS;JN49;43
DL6GCE;JN58;25
DL6GT;JN68;1
DL6HBQ;JO53;212
DL6HW;JN48;1
DL6JAN;JO60;21
DL6KAI;JO33;5
DL6KCN;JO30;1
DL6KWU;JN59;2
DL6LAG;JO44;4
DL6LAM;JO44;1
DL6LAY;JO43;1
DL6LBI;JO43;7
DL6LE;JN39;3
DL6LIM;JP44;1
DL6MFL;JN58;4
DL6MGR;JO52;2
DL6MI;JN58;6
DL6MIG;JO52;6
DL6MRS;JO52;2
DL6NAC;JO50;7
DL6NAN;JN58;1
DL6NBS;JN59;261
DL6NCY;JO50;318
DL6NDJ;JN59;1
DL6NDN;JO50;453
DL6NW;JO31;2
DL6OAJ;JO42;1
DL6OCH;JO42;1
DL6RBH;JN69;81
DL6RDM;JN68;1
DL6REX;JO40;3
DL6RS;JN48;1
DL6SDA;JN49;1
DL6SDZ;JN48;5
DL6SFR;JN47;184
DL6TK;JO42;89
DL6TY;JO44;2
DL6UAA;JO62;7
DL6UCK;JO71;15
DL6UM;JO60;5
DL6UOF;JO71;1
DL6USA;JO61;1
DL6VMA;JO52;1
DL6WA;JO31;4
DL6WAB;JO41;133
DL6WJ;JO42;19
DL6WM;JO30;1
DL6WO;JO41;1
DL6WR;JO51;1
DL6WWM;JO54;1
DL6WZ;JN59;1
DL6YAO;JO31;32
DL6YCE;JO33;3
DL6YDR;JO32;6
DL6YDX;JO32;3
DL6YEK;JO42;2
DL6YJB;JO31;2
DL6YVE;JO33;2
DL6ZBN;JO40;280
DL6ZBQ;JO30;1
DL6ZOG;JO52;9
DL6ZZ;JO30;1
DL70GREIF;JO64;2
DL73TXL;JO62;2
DL7AB;JN47;270
DL7AB;JO62;1
DL7ACA;JO40;35
DL7ACN;JN49;4
DL7ADB;JO51;1
DL7AOJ;JO40;139
DL7AOJ;JN29;1
DL7AOJ;JO57;1
DL7APJ;JO62;4
DL7APT;JO62;12
DL7ARV;JO62;26
DL7AUB;JO62;3
DL7AUO;JO62;5
DL7BJK;JO62;1
DL7BO;JO62;19
DL7CF;JO31;22
DL7CG;JO42;3
DL7COC;JN49;1
DL7CX;JO60;7
DL7DF;JO62;2
DL7DJ;JO41;12
DL7FD;JO62;16
DL7FE;JN49;1
DL7FER;JN49;12
DL7FP;JO40;38
DL7GAL;JN47;10
DL7GCW;JN47;2
DL7HMO;JN39;4
DL7JAF;JO62;3
DL7JLC;JO62;6
DL7JU;JO62;3
DL7JZ;JN48;1
DL7KB;JO31;1
DL7KC;JN48;429
DL7KQ;JO42;7
DL7KST;JO62;1
DL7LE;JO31;6
DL7MAW;JO62;1
DL7MDX;JN59;16
DL7NV;JO31;5
DL7OZI;JO62;1
DL7PBS;JN47;2
DL7PIP;JO31;1341
DL7PIP;JO80;1
DL7PJ;JN39;5
DL7RSE;JO31;1
DL7RU;JO54;2
DL7TX;JN49;12
DL7TY;JO62;10
DL7UFN;JO62;1
DL7UG;JO62;2
DL7UGO;JO62;1
DL7UHD;JO62;271
DL7UIO;JN48;2
DL7UKA;JO50;3
DL7UKM;JO62;7
DL7UM;JO33;298
DL7URB;JO62;1
DL7USC;JO62;1
DL7UST;JO62;2
DL7UVO;JO62;3
DL7UXG;JO62;2
DL7VAR;JO62;432
DL7VDX;JO62;3
DL7VGU;JO41;1
DL7VJA;JO62;1
DL7VOG;JO62;139
DL7VTE;JO62;7
DL7VTW;JO62;271
DL7WWH;JN69;1
DL7XP;JO41;3
DL7XU;JO62;3
DL7YX;JO30;2
DL7ZF;JO62;1
DL7ZR;JO62;2
DL8AKI;JO51;1
DL8ARJ;JO50;61
DL8ATI;JO50;1
DL8AY;JN39;2
DL8BAO;JO32;3
DL8BBK;JO42;5
DL8BDD;JO43;1
DL8BDR;JO43;3
DL8BDU;JO43;19
DL8BEJ;JO42;1
DL8BGD;JN67;2
DL8CE;JO42;2
DL8CKL;JN57;128
DL8CKL;JO64;39
DL8CW;JO30;4
DL8DAQ;JO31;1
DL8DBN;JO41;1
DL8DBR;JO41;1
DL8DZ;JO41;4
DL8EAY;JO31;1
DL8EX;JO42;53
DL8FBD;JO40;60
DL8FCE;JN49;1
DL8GAM;JO30;10
DL8GAM;JO61;1
DL8GBR;JN38;7
DL8GBS;JN38;1
DL8GP;JN39;1
DL8HB;JO42;1
DL8HXP;JO53;1
DL8IN;JN39;2
DL8KAZ;JO30;1
DL8KS;JO41;1
DL8LAS;JO54;3
DL8LBY;JO43;3
DL8LDN;JO43;43
DL8LE;JN68;108
DL8LR;JN39;136
DL8LRZ;JO61;1
DL8LSK;JO61;4
DL8LTD;JO43;3
DL8MAK/P;JO50;3
DL8MAZ;JN58;1
DL8MBF;JN68;12
DL8MDC;JN58;6
DL8MFF;JN58;155
DL8MFH;JN57;2
DL8MKG;JO52;1
DL8MRE;JO31;10
DL8NCU;JN59;4
DL8NDN;JN59;1
DL8NDS;JN49;1
DL8NDV;JN59;46
DL8NEB;JO50;36
DL8NO;JO22;1
DL8OBF;JO44;1327
DL8OBF;JO52;388
DL8OBF;JO50;1
DL8OH;JO33;41
DL8OU;JO42;3
DL8RB;JN39;3
DL8RBL;JN68;15
DL8RBR;JN68;14
DL8RCH;JN68;1
DL8RWO;JN58;1
DL8SBD;JN49;6
DL8SCG;JN48;90
DL8SDC;JN48;163
DL8SEE;JO42;2
DL8STK;JO31;2
DL8TG;JO52;320
DL8TV;JN49;22
DL8UD;JO43;6
DL8UFO;JO51;1
DL8UFO;JO61;1
DL8UNO;JO71;9
DL8UNO;JO40;1
DL8UNO;JO62;1
DL8UVG;JO71;6
DL8WEM;JN48;4
DL8WKF;JO62;1
DL8WYJ;JO61;1
DL8YBK;JO31;5
DL8YBL;JO31;7
DL8YED;JO32;52
DL8YHR;JO41;9
DL8YMR;JO41;1
DL8YS;JO31;1
DL8ZAJ;JO40;23
DL8ZAW;JO40;7
DL8ZBA;JN49;6
DL8ZLG;JO52;2
DL8ZU;JO41;3
DL8ZY;JN59;1
DL9AKA;JO50;4
DL9ATW;JO61;3
DL9BBE;JO31;9
DL9BJ;JO43;2
DL9CT;JO40;2
DL9DAJ;JO31;3
DL9DAN;JO41;73
DL9DAT;JN39;1
DL9DBF;JO40;23
DL9FB;JO51;184
DL9FBF;JN49;2
DL9GWA;JO64;1
DL9IQ;JO40;6
DL9IU;JO50;54
DL9IU;IN99;1
DL9KAH;JO30;1
DL9KBP;JO31;1
DL9KDW;JO52;1
DL9KM;JN68;38
DL9KV;JO31;4
DL9LA;JN68;2
DL9LAV;JO54;1
DL9MAC;JN58;12
DL9MBZ;JN58;1
DL9MEU;JN58;494
DL9MFC;JN68;1
DL9MRF;JO52;1
DL9MV;JN58;2
DL9NC;JO41;1
DL9NCR;JO50;293
DL9NCR;NO00;1
DL9NDM;JO60;1
DL9NEI;JN58;2
DL9NO;JN59;633
DL9OBY;JO41;2
DL9OE;JO52;3
DL9OHA;JO40;241
DL9OHA;JN40;1
DL9PA;JO52;2
DL9PH;JN57;4
DL9PN;JN39;6
DL9PST;JO62;3
DL9QB;JO50;95
DL9QB;JO44;1
DL9QJ;JO43;2
DL9RDM;JN68;2953
DL9RNO;JN58;4
DL9RP;JN58;2
DL9SAD;JN48;8
DL9SAR;JN48;2
DL9SCL;JN03;1
DL9SCL;JN48;1
DL9SF;JN67;1
DL9SUB;JO53;2
DL9UXF;JO30;64
DL9VN;JO41;3
DL9WRM;JO61;2
DL9WRM/QRP;JO61;1
DL9XJ;JO53;1
DL9YAO;JO31;3
DL9YEH;JO31;3
DL9YJ;JN49;2
DL9YNG;JN48;2
DL9YY;JN49;1
DL9ZAL;JO41;29
DL9ZAL/QRP;JO41;2
DM0Y;JO73;86
DM1AD;JO52;1
DM1AOK;JO50;1
DM1DK;JO40;1
DM1FS;JN39;1
DM1HR;JO62;12
DM1JH;JO60;188
DM1LHK;JO40;1
DM1MB;JN49;3
DM1RG;JO62;2
DM1RT;JO50;14
DM1TRO;JN57;4
DM1TS;JO61;1
DM1YS;JO30;14
DM1YS;JO51;1
DM2AB;JN49;1
DM2AU;JO50;4
DM2AYO;JO62;1
DM2BM;JO53;2
DM2BPG;JO51;574
DM2CFH;JO51;1
DM2CNE;JO73;5
DM2CYN;JO60;1
DM2DM;JO41;1
DM2DMI;JO50;5
DM2DMI;JO41;1
DM2DW;JO63;1
DM2DXA;JO64;10
DM2EHE;JO73;2
DM2FDO;JO62;4
DM2FK;JO51;18
DM2GG;JO51;31
DM2GM;JN49;4
DM2GON;JO60;1
DM2HEY;JO51;609
DM2HK;JO62;3
DM2JJ;JN49;1
DM2MAT;JO62;1
DM2PE;JN49;2
DM2RR;JO71;5
DM2SP;JO62;4
DM2TO;JO61;1
DM2TS;JO71;2
DM2UDA;JO44;16
DM2VC;JO31;3
DM2XM;JO61;4
DM30RSV;JN03;2
DM30RSV;JO40;1
DM3AZ;JO62;2
DM3CH;JN39;4
DM3F;JO61;110
DM3FML;JO60;3
DM3HZN;JO60;1
DM3KS;JN39;1
DM3PT;JN58;1
DM3PYA;JO63;11
DM3RCK;JO62;1
DM3RSV;JO50;1
DM3VPJ;JO50;1
DM3X;JO63;417
DM3X;JO64;2
DM3XD;JO62;3
DM3XIF;JO71;5
DM3XRF;JN39;674
DM3YBN;JO60;2
DM4BO;JO62;6
DM4EK;JN48;1
DM4ET;JO52;15
DM4FC;JO63;1
DM4JK;JO62;2
DM4JU;JO62;1
DM4LH;JO50;1
DM4RE;JO61;2
DM4RK;JO31;1
DM4SH;JO30;12
DM4ST;JO50;1
DM4ZUL;JO71;1
DM5AF;JO31;2
DM5BB;JO62;3
DM5CF;JO60;2
DM5CS;JO30;2
DM5DX;JO64;2
DM5EL;JO61;126
DM5EL;JO71;1
DM5EM;JN59;2
DM5HF;JO43;1
DM5JBN;JO60;196
DM5KA;JO61;1
DM5KK;JO60;43
DM5KM;JO43;8
DM5KN;JO30;1
DM5KW;JO60;1
DM5ME;JO52;7
DM5MH;JO51;1
DM5MT;JN48;1
DM5OKR;JO50;21
DM5QM;JO62;2
DM5RC;JO71;2
DM5TI;JN68;29
DM5TM;JN59;1
DM5WGL;JO62;28
DM5WH;JO40;416
DM5XT;JN47;1
DM6JKC;JO60;1
DM6KG;JO40;2
DM6MA;JO64;2
DM6SB;JO33;1
DM6YY;JO32;1
DM7C;JO60;47
DM7CW;JO43;133
DM7GBW;JO71;1
DM7RO;JN55;1
DM7TW;JN48;82
DM7W;JN58;2
DM8ANE;JN58;261
DM8BJF;JO62;1
DM8ET;JO54;3
DM8HM;JO51;1
DM8MH;JO51;8294
DM8MH;JO81;1
DM8MH;KO00;1
DM8MH;LO06;1
DM8PV;JO60;4
DM8SU;JO30;2
DM9EE;JO41;73
DM9LSB;JN48;3
DM9PT;JN49;1
DM9YL;JO60;1
DN2FBG;JO40;53
DN4OBD;JO43;1
DN5DF;JO30;2
DN5LN;JO31;1
DN5MT;JN48;829
DN7GMW;JO31;7
DN7ZM;JN39;2
DN9AHB;JO51;1
DN9BT;JO40;1
DN9CG;JO32;1
DN9DSP;JO31;2
DN9EL;JO60;6
DN9FM;JN69;242
DN9HC;JO51;2
DN9KB;JO71;1
DN9KL;JO71;1
DN9MAW;JO42;1
DN9NP;JO62;2
DN9NW;JO30;4
DN9RM;JN59;1
DN9STW;JO51;1
DN9WSV;JN58;1
DN9ZZ;JO32;3
DO1ABL;JO53;2
DO1ABW;JO42;5
DO1AKM;JO31;3
DO1APS;JO64;2
DO1ARK;JN58;1
DO1ARR;JO52;174
DO1ASS;JN59;1
DO1AT;JO50;2
DO1BA;JN48;11
DO1BBM;JO40;1
DO1BCK;JO33;1
DO1BDB;JO63;3
DO1BDH;JO32;3
DO1BEN;JO30;2
DO1BFS;JO43;18
DO1BJF;JO42;3
DO1BKI;JO41;8
DO1BRD;JO30;1
DO1BRO;JO43;2
DO1BWO;JN48;8
DO1CHM;JO31;1
DO1CS;JO60;20
DO1CST;JO31;1
DO1CTL;JO60;4
DO1DAH;JO31;2
DO1DBB;JO52;7
DO1DBB;JO53;1
DO1DCB;JO31;4
DO1DGX;JO31;2
DO1DOS;JN59;4
DO1DQ;JO31;4
DO1DTR;JN58;1
DO1EA;JO43;3
DO1EDK;JO31;264
DO1EHS;JO31;1
DO1EK;JO42;2
DO1EKG;JO32;4
DO1EMA;JO31;3
DO1EPM;JO41;8
DO1ETK;JO31;1
DO1FDK;JO41;171
DO1FFO;JO53;11
DO1FFO;JN53;1
DO1FHQ;JN49;11
DO1FZL;JO61;11
DO1GBA;JN49;7
DO1GBA/P;JN49;2
DO1GMT;JN59;1
DO1HAB;JO30;3
DO1HDS;JO50;7
DO1HFS;JN67;122
DO1HJK;JO41;9
DO1HKL;JN39;1
DO1HP;JN69;3
DO1IGB;JN39;2
DO1IJB;JN48;1
DO1JGS;JO50;1
DO1JJK;JO31;34
DO1JKO;JO52;4
DO1JMS;JO32;2
DO1KDF;JO31;1
DO1KHW;JO30;11
DO1KRI;JO31;2
DO1KRT;JO30;135
DO1KS;JO31;2
DO1LIM;JO54;4
DO1LKG;JO53;1
DO1LM;JO54;1
DO1LMD;JN39;1
DO1LPH;JN58;5
DO1LR;JO53;3
DO1MBM;JO64;6
DO1MDE;JN58;4
DO1MDM;JN58;4
DO1MDO;JO50;3
DO1MER;JO43;10
DO1MGN;JO50;7
DO1MH;JN57;20
DO1MHR;JN58;2
DO1MKH;JO61;4
DO1MLK;JO30;1
DO1MPP;JO41;1
DO1MRK;JN49;1
DO1NAE;JN59;1
DO1NGH;JO50;1
DO1NJB;JO50;7
DO1NOW;JO62;4
DO1NWA;JO50;1
DO1OAY;JO41;1
DO1OHL;JO61;1
DO1OJ;JO31;3
DO1PE;JO31;7
DO1PGR/1;JO31;1
DO1PSN;JO63;1
DO1RA;JO41;1
DO1RMS;JO50;11
DO1RW;JO31;5
DO1RWM;JO31;7
DO1SBS;JO32;1
DO1SC;JO50;1
DO1SDH;JO40;1
DO1SGL;JN48;2
DO1SHK;JO31;4
DO1SJF;JN48;4
DO1SKA;JO63;1
DO1SSB;JN48;968
DO1TAM;JO50;3
DO1TBE;JN48;4
DO1TBO;JO42;2
DO1TDV;JN39;6
DO1TEI;JO33;4
DO1TKL;JO42;2
DO1TOM;JO64;6
DO1UDF;JO71;1
DO1UE;JO52;5
DO1UP;JO33;3
DO1VT;JO32;5
DO1WBL;JO61;2
DO1WFW;JO60;57
DO1WGK;JN49;4
DO1WRB;JO51;1
DO1XT;JO31;18
DO1YA;JO30;1
DO1YHJ;JO32;6
DO1YKL;JO41;3
DO1YMP;JO31;1
DO1YSF;JO61;1
DO1ZJ;JO51;8
DO1ZTR;JO63;1
DO2ADH;JN58;2
DO2ANW;JN57;288
DO2ARK;JN48;2
DO2AST;JO41;479
DO2AST;JO50;1
DO2BBC;JO41;2
DO2BK;JN48;2
DO2CPH;JO41;6
DO2DAP;JN67;32
DO2DK;JO30;3
DO2EBW;JO62;11
DO2EBW;JO51;1
DO2FU;JO31;1
DO2FU;JO51;1
DO2GB;JO31;2
DO2GRH;JO61;4
DO2HC;JO50;5
DO2HEY;JO51;143
DO2HKR;JO43;1
DO2HKV;JO50;14
DO2HO;JO33;1
DO2HV;JO53;1
DO2JKO;JO31;1
DO2JRG;JO30;3
DO2JUF;JO52;1
DO2KH;JN59;4
DO2KHG;JO40;1
DO2KST;JN68;2
DO2LMH;JO44;2
DO2LU;JO53;331
DO2MOG;JO31;253
DO2MS;JO40;5
DO2NAP;JN59;6
DO2NEH;JN59;1
DO2NLS;JO50;1
DO2OO;JO30;1
DO2PAT;JO31;2
DO2PY;JO32;7
DO2PZ;JO62;11
DO2QS;JO62;10
DO2RBD;JO31;3
DO2RG;JO52;1
DO2RS;JN47;1
DO2RSJ;JO41;1
DO2RW;JO41;5
DO2SBS;JO71;440
DO2SBS;JO51;2
DO2SGW;JO31;28
DO2SHX;JO53;5
DO2SK;JN59;3
DO2SMH;JN47;6
DO2STA;JO40;5
DO2SW;JN49;5
DO2SX;JO71;2
DO2TF;JO31;2
DO2TM;JN38;5
DO2TMJ;JO42;3
DO2TSG;JN67;2
DO2TSG;JO71;2
DO2UDO;JO31;12
DO2WAL;JO61;3
DO2WD;JO61;1
DO2WJ;JN39;2
DO2WZ;JO61;2
DO2XU;JO43;2
DO2YKO;JN37;2
DO2YMR;JO31;1
DO2ZZ;JN48;5
DO3BN;JO30;1
DO3BOX;JO30;4
DO3BZ;JO64;2
DO3CAT;JO32;664
DO3DM;JO31;2
DO3DY;JO41;3
DO3EF;JO40;1
DO3FRH;JO31;3
DO3GE;JO31;2
DO3GE;JN31;1
DO3HKF;JO41;1
DO3HM;JN39;5
DO3HTV;JO32;1
DO3HUM;JO61;3
DO3HW;JN48;1
DO3IF;JO60;1
DO3JMK;JO62;2
DO3JP;JN49;1
DO3JSM;JO51;5
DO3KN;JO62;1
DO3LZ;JN49;2
DO3MBJ;JN58;1
DO3MBJ/P;JN58;4
DO3MBJ/P;JN54;1
DO3ME;JO31;15
DO3MPH;JN67;1
DO3MSB;JO31;2
DO3MWH;JO50;3
DO3MY;JO30;2
DO3NN;JN59;24
DO3OI;JO52;56
DO3OYZ;JO41;1
DO3RCX;JN68;60
DO3RD;JO43;1
DO3RG;JO60;6
DO3RSK;JO30;4
DO3SJ;JO60;3
DO3SW;JO54;1
DO3UW;JO31;639
DO3VE;JO52;4
DO3VE/QRP;JO52;1
DO3VS;JO31;6
DO4AAM;JO52;5
DO4BMW;JO40;39
DO4COL;JO60;3
DO4CZ;JO63;2
DO4DAN;JO40;1
DO4DXA;JN58;942
DO4DXA;FM19;1
DO4DXA;JO43;1
DO4DXA;JO53;1
DO4DXA;OF78;1
DO4EU;JO31;2
DO4FB;JO52;5
DO4FE;JO60;79
DO4FEY;JO50;2
DO4FJ;JO40;1
DO4FZ;JO54;1
DO4GHS;JO62;6
DO4HBK;JO50;2
DO4HO;JO41;2
DO4IF;JO51;2
DO4LZ;JO31;1
DO4MAS;JO52;2
DO4MHH;JO31;2
DO4MTB;JO41;4
DO4OD;JO43;951
DO4PW;JN48;1
DO4RK;JO62;3
DO4RP;JN68;1
DO4RTC;JN59;1
DO4SCW;JN49;1
DO4SH;JO30;18
DO4TH;JO52;1
DO4TP;JO31;20
DO4TYW;JO42;42
DO4UR;JO30;1
DO4VE;JN48;1
DO4WKL;JN57;6
DO4XY;JO40;1
DO4YAS;JO41;8
DO4ZH;JO64;3
DO5ABC;JO31;1
DO5AL;JO50;1
DO5AMV;JO42;2
DO5AQ;JO31;1
DO5AU;JN48;2
DO5CR;JO42;1
DO5DOM;JO41;145
DO5DT;JO42;4
DO5EF;JO43;1
DO5FRM;JN39;1
DO5GD;JN58;2
DO5GSH;JO31;4
DO5GU;JO50;5
DO5GU;JO51;1
DO5HCS;JO53;2
DO5HJK;JO31;1
DO5HOK;JO41;11
DO5HOK;JO42;2
DO5HVO;JO54;1
DO5IG;JN49;48
DO5JKV;JO61;1
DO5KHR;JO30;1
DO5LE;JN59;1
DO5MAD;JO31;1
DO5MF;JN58;3
DO5MO;JO44;3
DO5MP;JO50;3
DO5NU;JO53;4
DO5NW;JO52;1
DO5OT;JO62;248
DO5PIP;JO61;1
DO5RBB;JO40;4
DO5RO;JN49;1
DO5RRS;JO50;6
DO5SB;JN59;16
DO5SPA;JN58;1
DO5STX;JN59;6
DO5TW;JO51;1
DO5UH/P;JO61;3
DO5UH/P;JO40;1
DO5VS;JO31;4
DO5WE;JO41;1
DO5WR;JO54;5
DO5XO;JO62;5
DO5YAM;JO31;2
DO5YMZ;JO53;14
DO6AS;JO31;3
DO6AZ;JO50;2
DO6BMH;JO62;1
DO6BX;JO43;1
DO6DP;JO42;10
DO6DZ;JN39;1
DO6EN;JO52;2
DO6IT;JO52;3
DO6JJ;JO31;4
DO6JKC;JO60;2
DO6KAY;JO31;14
DO6LE;JN59;3
DO6MEY;JO33;2
DO6MFD;JN39;2
DO6MG;JN59;1
DO6NC;JO71;1
DO6NC/P;JO42;1
DO6NIK;JO41;14
DO6OS;JO31;2
DO6PN;JO50;2
DO6PN;JN58;1
DO6SR;JN59;220
DO6SR;JN53;1
DO6SR;JO62;1
DO6TB;JO41;3
DO6TW;JO52;1
DO6UL;JO60;27
DO6ULI;JN69;3
DO6UM;JO33;1
DO6WF;JO63;1
DO6ZMR;JO53;5
DO7ABM;JO52;1
DO7AD;JO51;1
DO7AGN;JO51;3
DO7ANF;JN58;80
DO7ARS;JN48;1
DO7ATR;JN58;1
DO7BE;JO64;3
DO7BJJ;JO51;3
DO7DBI;JO62;1
DO7DE;JN49;5
DO7DK;JO31;1
DO7ES;JO64;4
DO7FJK;JO53;2
DO7GG;JO51;1
DO7GH;JN57;1
DO7IN;JN47;1
DO7JAN;JO54;1
DO7JG;JO60;98
DO7JG;FN09;1
DO7JVB;JO62;14
DO7LIA;JO40;1
DO7MGA;JO53;8
DO7MIC;JO50;1
DO7MKA;JO41;3
DO7MLA;JO40;1
DO7MLS;JN48;1
DO7MRC;JO60;2
DO7NB;JO41;5
DO7NHK;JO50;2
DO7NP;JO62;1
DO7OO;JO43;4
DO7OZI;JO62;8
DO7PD;JO31;2
DO7PIP;JO31;296
DO7PIP;JN48;1
DO7RMA;JO61;3
DO7RST;JN49;2
DO7SHN;JO30;3
DO7TU;JO31;1
DO7UDO/P;JO50;2
DO7UWE;JO62;3
DO8A;JO30;1
DO8AW;JN57;4
DO8BI;JO62;1
DO8CW;JO31;308
DO8DAM;JO31;2
DO8DT;JO53;74
DO8JL;JO61;1
DO8JPL;JO50;1
DO8KS;JN49;2
DO8LJ;JN49;5
DO8LMS;JO54;1
DO8MFG;JO44;2
DO8MH;JO33;2
DO8MW;JO40;3
DO8NAY;JN59;1
DO8OH;JO31;6
DO8OL;JO33;2
DO8OO;JO54;1
DO8PAT;JO40;9
DO8PAT;JN56;1
DO8PAT;JN58;1
DO8RG;JO41;1
DO8RO;JN49;2
DO8SD;JO53;6
DO8TBO;JO50;2
DO8TT;JO31;3
DO8TZ;JO53;1
DO8TZ;JO62;1
DO8WA;JO30;166
DO8WA;JO31;2
DO8ZB;JN57;96
DO9ABC;JN47;10
DO9AO;JN68;6
DO9BAU;JO62;58
DO9BC;JN48;1
DO9DKM;JO31;2
DO9FFM;JO40;81
DO9GH;JN39;1
DO9GP;JN68;8
DO9GS;JO71;1
DO9JN;JO41;157
DO9JOC;JO30;116
DO9JOC;JN61;1
DO9JW;JO30;2
DO9KB;JN58;4
DO9KDB;JO30;1
DO9KIP;JO53;6
DO9KO;JO62;6
DO9KO;JN94;1
DO9KW;JO43;10
DO9LC;JO31;2
DO9LX;JN58;2
DO9MDI;JO52;8
DO9MO;JN58;4
DO9MY;JO32;3
DO9NG;JN48;1
DO9PL;JO31;11
DO9RAI;JO61;9
DO9REF;JO31;5
DO9SAM;JO61;3
DO9SGW;JN48;2
DO9SMS;JO42;1
DO9SO;JN49;6
DO9ST;JO30;3
DO9TLZ;JO61;10
DO9UDO;JO42;2
DO9WBM;JO30;1
DO9YU;JO41;4
DP0GVN;IB59;12
DP1EGB;EN51;1
DP6K;JO50;1
DP7D;JO32;784
DP7D;JO31;1
DP7P;JO32;1
DQ0X;JN49;1
DQ100SL;JN39;4
DQ50RUB;JO31;2
DQ5M;JN68;54
DQ5R;JO44;4
DQ9Y;JO31;2396
DR1E;JO53;44
DR1E/P;JO53;66
DR1X;JO41;3954
DR1X;IN89;1
DR1X;JO42;1
DR3K;JO31;538
DR4W;JN59;1245
DR6W;JN69;89
DR7T;JO41;331
DR9NPI/R;CR76;1
DS1DXQ;PM37;3
DS1EQO;PM37;2
DS1HNL;PM37;21
DS1JCE;PM37;3
DS1QPP;PM37;2
DS1TFM;PM37;1
DS1TLZ;PM37;2
DS1TSY;PM37;1
DS1TUW;PM37;488
DS1UCM;PM37;1
DS1UFU;PM37;1
DS2BJW;PM37;4
DS2BQM;PM36;2
DS2BQM;PM37;1
DS2BWU;PM37;1
DS2CXN;PM37;1
DS2CYI;PM37;6
DS2FQM;PM37;1
DS2JJV;PM37;2
DS2KKM;PM37;92
DS2PZF;PM37;3
DS2PZF/P;PM37;1
DS2QXU;PM37;1
DS2RSB;PM37;7
DS3BBC;PM36;11
DS3BVE;PM36;1
DS3DNT;PM36;1
DS3ESS;PM47;3
DS3EXT;PM36;1626
DS3EXT;OF78;1
DS3FXU;PM36;4
DS3HNW;PM36;1
DS3LXY;PM36;3
DS3MMH;PM37;2
DS3PVI;PM36;3
DS3QEJ;PM36;67
DS3QFC;PM36;1
DS4AKP;PM34;28
DS4AKP;PM36;1
DS4AOW;PM35;1
DS4CSD;PM35;3
DS4DBF;PM34;1
DS4EJA;PM35;7
DS4EJA;ON80;1
DS4FQS;PM35;1
DS4FWI;PM35;2
DS4FZX;PM35;9
DS4GEX;PM35;4
DS4GQR;PM35;6
DS4NPL;PM35;7
DS4OMS;PM35;3
DS4QLF;PM35;1
DS5ACV;PM45;3
DS5DNO;PM45;500
DS5GJS;PM45;1
DS5IRT;PM45;1
DS5KLN;PM37;1
DS5KXY;PM45;1
DS5MNO;PM45;2
DS5NO;PM45;1
DS5SGW;PM45;5
DS5TEV;PM46;2
DS5TOS;PM45;10
DS5TXM;PM37;2
DS5USH;PM45;223
DS5USH;CN97;1
DS5VTG;PM45;69
DU1/N6HPX;PK04;1
DU1/NF0O;PK04;766
DU1/NF0O;JN99;1
DU1DA;PK04;36
DU1IVT;PK04;486
DU1TX;PK04;3
DU1UGZ;PK04;326
DU1VGX;PK04;662
DU1VGX;LL75;1
DU2JZT/VE6;DO33;1
DU2UXH;PK06;237
DU3/F4EBK;PK04;1
DU3/F4EBK;PK05;1
DU3/G4BAS;PK13;1
DU3/W6QT;PK04;1
DU3AW;PK04;462
DU3CQ;PK04;14
DU3LA;PK05;9
DU4CR;PK13;3
DU4DXT;PK23;709
DU4JT;PK13;1
DU5AOK;PK21;1
DU6/PE1NSQ;PK10;1
DU7/VK4CCV;PG66;11
DU7/VK4CCV;PK20;6
DU7/VK4CCV;OL32;2
DU7/VK4CCV;PI99;1
DU7/VK4CCV;PJ29;1
DU7/VK4CCV;PK04;1
DU7/VK4CCV;PM84;1
DU7EYG;PK45;1
DU7JAY;PK10;1
DU7OK;PK10;277
DU8VJ;PJ26;4
DU9WTZ;PJ28;77
DV1IIW;PK04;1418
DV1K;PK04;775
DV1K;RK04;1
DV1PCX;PK04;14
DV1ROY;PK04;192
DV1UAR;PK04;1
DV1UUU;PK04;76
DV1VHK;PK04;11
DV1XQX;PK04;512
DV1XQX;JN55;1
DV1XQX;PK20;1
DV1YKL;PK04;2
DV2RXB;PK06;1
DV3CEP;PK05;4
DV3FM;PK04;207
DV4AEX;PK13;99
DV4ZAR;PK13;304
DV4ZAR;BF32;1
DV6XDS;PK10;473
DV7GDL;PK10;110
DV9IHK;PJ26;4
DW3CWM;PK04;2
DW6WQH;PK10;2
DW7BQW;PJ19;3
DX3EVM;PK04;38
DX3H;PK04;4
DX7EVM;PK10;92
DX7EVM;PJ19;1
DX7NRD;PJ19;1
E20EHQ;OK03;9
E20OJU;OK16;5
E20SJC;OK04;1075
E20TWR;OK03;1
E20WXA;OK03;4
E20XMG;OK03;1678
E20XMG;OK33;1
E20YTI;OK02;1
E21AOY;OK03;3
E21AZ;OK23;1
E21CLD;OK04;1
E21LLR;OK03;3
E21LXK;OK03;9
E21XA;OK03;2
E22MAL;OK03;2
E22UYH;OK03;208
E23IBS;NK98;1235
E24OYI;OK03;503
E24STG;OK04;253
E25ETT;OK03;9
E25ETT;NK92;1
E25ETT;OK12;1
E25MTT;OK04;1
E25UII;FA31;1
E27AM;OK02;723
E27CLF;OK03;1
E27TE;OK02;2
E28AM;OK04;1307
E29TGW;OK03;1
E2K;OK02;3510
E2K;OK03;4
E2K;OK92;1
E3K;OK02;1
E47UIS;EA30;1
E51BQ;BG08;8
E51D;BI11;28
E51D;FN30;2
E51EME;BG08;15
E51WL;BI01;5
E70A;JN94;27
E70AD;JN94;1
E70E;JN83;497
E70NA;JN93;1
E70X;JN74;1
E70Z;JN94;2
E70Z;JN95;1
E72ET;JN94;3
E72KB;JN93;2
E72U;JN94;279
E72X;JN83;15
E73D;JN74;1
E73DN;JN93;17
E73DN;JN84;1
E73G;JN94;2
E73KM;JN84;448
E73RK;JN93;1
E73S;JN92;1
E73Y;JN93;74
E74C;JN93;1
E74E;JN94;6
E74EB;JN84;5
E74HS;JN84;1
E74K;JN95;36
E74K;JN85;1
E74MG;JN93;6
E74TJ;JN93;3
E74TJ;JN83;1
E74YM;JN83;240
E75AMR;JN93;221
E75C;JN93;13
E75CC;JN93;1
E75CV;JN93;1
E75D;JN93;3
E75FM;JN93;18
E75HZ;JN95;4
E75R;JN84;4
E75W;JN93;4
E76BV;JN83;385
E76C;JN84;9
E76MB;JN83;1
E76MJ;JN74;1
E77AR;JN94;3
E77D;JN94;18
E77EA;JN84;201
E77G;JN93;2
E77KD;JN95;1
E77MG;JN84;1
E77MG;JN94;1
E77N;JN83;978
E77SH;JN83;6
E77VM;JN83;1
E77WA;JN83;6
E78AX;JN83;509
E78FK;JN84;1
E78FK;JN93;1
E78IW;JN93;3
E78W;JN94;5
E87TUQ/P;QA66;1
EA0DYB;IN83;1
EA0SA;JM19;11
EA1/DH0GSU;IM99;1
EA1/DH0GSU;IN62;1
EA1/DH0GSU;IN81;1
EA1A;IN73;14
EA1A;JN73;1
EA1AA;IN83;2
EA1AAP;IN92;144
EA1ADA;IN52;1
EA1AEC;IN52;7
EA1AF;IN71;2
EA1AGM;IN83;3
EA1AGZ;IN71;2
EA1AHP;IN70;18
EA1AHY;IN73;12
EA1AIQ;IN52;3
EA1AJT;IN72;7
EA1AKS;IN73;8
EA1AMX;IN73;1
EA1ANB;IN52;7
EA1AOC;IN83;4
EA1AR;IN70;1
EA1ARJ;IN73;1
EA1AT;IN73;1
EA1AUM;IN73;4
EA1AUO;IN73;1
EA1AV;IN72;4
EA1AXX;IN73;8
EA1AY;IN63;9
EA1B;IN83;328
EA1B;IN81;1
EA1BAF;IN62;31
EA1BB;IN73;2
EA1BD;IN83;1
EA1BE;IN52;1
EA1BJO;IN63;2
EA1BLI;IN72;6
EA1BN;JN77;1
EA1BNF;IN52;5
EA1BPA;IN73;22
EA1BQR;IN81;5
EA1BUK;IN82;1
EA1BUK/P;IN82;1
EA1BUP;IN73;2
EA1BXJ;IN73;1
EA1BYA;IN70;2
EA1C;IN72;4
EA1C;IN82;3
EA1C;IN70;1
EA1CBO;IN73;2
EA1CCM;IN52;6
EA1CHG;IN71;5
EA1CIU;IN52;2
EA1CKK;IN62;1
EA1CN;IN71;1
EA1CN/P;IM67;1
EA1COA;IN73;7
EA1CP;IN73;1
EA1CRK;IN73;1
EA1CTT;IN53;3
EA1CUB;IN73;1
EA1CUI;IN73;1
EA1CWR;IN80;10
EA1CWZ;IN73;11
EA1DA;IN82;68
EA1DB;IN52;1
EA1DBB;IN62;1
EA1DDF;IN73;10
EA1DFP;IN53;1
EA1DGT;IN82;3
EA1DH;IN83;1
EA1DIW;IN70;1
EA1DLU;IN53;3
EA1DMB;IN73;10
EA1DMP;IN70;1
EA1DP;IN83;362
EA1DR;IN82;31
EA1DR;IN83;1
EA1DSK;IN52;1
EA1DV;IN81;1
EA1E;IN52;11
EA1EC;IN82;92
EA1EC;IN99;1
EA1ECF;IN63;2
EA1EH;IN53;3
EA1EI;IN71;2
EA1ELV;IN73;4
EA1ELV;IJ73;1
EA1EN;IN70;2
EA1ENG;IN70;1
EA1ESO;IN73;1
EA1EU;IN93;1
EA1EVS;IN73;3
EA1EWY;IN73;3
EA1EYE;IN81;1
EA1FAK;IN72;8
EA1FAS;IN62;2
EA1FAU;IN53;1
EA1FB;IN80;1
EA1FCH;IN63;2
EA1FCR;IN53;16
EA1FCS;IN53;6
EA1FDM;IN63;6
EA1FE;IN72;1
EA1FEP;IN73;2
EA1FFW;IN70;3
EA1FGQ;IN60;1
EA1FGS;IN53;1
EA1FGX;IN82;499
EA1FHT;IN73;1
EA1FIC;IN72;2
EA1FIM;IN91;1
EA1FIO;IN73;2
EA1FIR;IN71;2
EA1FJV;IN80;1
EA1FK;IN52;491
EA1FKI;IN83;4
EA1FKW;IN82;2
EA1FLB;IN53;1
EA1FLB;LJ18;1
EA1FMW;IN53;2
EA1FND;IN52;2
EA1FQ;IN53;1
EA1FQC;IN70;1
EA1FU;IN63;110
EA1FW;IN52;239
EA1FWV;IN73;4
EA1FZ;IN72;1
EA1FZZ;IN70;1
EA1GAR;IN52;1
EA1GCM;IN73;1
EA1GI;IN71;8
EA1GKZ;IN70;1
EA1GLY;IN82;1
EA1GN;IN52;1
EA1GQ;IN82;514
EA1GT;IN52;1455
EA1GT/QRP;IN52;2
EA1GUB;IN53;2
EA1GUB;IN80;1
EA1HDB;IN52;1
EA1HDN;IN91;5
EA1HFI;IN73;2
EA1HG;IN70;2
EA1HKC;IN73;2
EA1HM;IN72;4
EA1HMT;IN63;3
EA1HO;IN82;1
EA1HRR;IN83;62
EA1HS;IN82;10
EA1HT;IN73;6
EA1HT;JJ00;3
EA1HTF;IN52;2
EA1HX;IN62;2
EA1IAM;IN53;2
EA1IEJ;IN73;5
EA1IFI;IN52;2
EA1IFY;IN73;1
EA1IOK;IN62;54
EA1IQM;IN52;948
EA1IQM;JN00;1
EA1IQQ;IN52;1
EA1IQR;IN52;1
EA1IVQ;IN52;1
EA1IWI;IN81;4
EA1IYK;IN73;3
EA1IYN;IN83;1
EA1JAO;IN63;1
EA1JCE;IN83;3
EA1JO;IN63;2
EA1JVG;IN70;5
EA1KR;IN73;1
EA1L;IN73;12
EA1LB;IN73;1
EA1LN;IN73;2
EA1MJ;IN73;3
EA1MU;IN70;1
EA1MX;IN73;2
EA1NJ;IN71;4
EA1NT;IN52;5
EA1OL;IN82;2
EA1PZQ;IN52;1
EA1QS;IN52;1
EA1R;IN73;1
EA1RCU;IN72;1
EA1RT;IN73;8
EA1RX;IN52;2
EA1RY;IN73;1
EA1SAL;IN71;2
EA1SM;IN62;3
EA1SS;IN70;1
EA1SV;IN71;2
EA1TE;IN73;7
EA1TES;IN53;1
EA1TF;IN53;12
EA1U;IN83;1
EA1UY;IN52;3
EA1VIL;IN70;5
EA1VL/1W;IN80;1
EA1VT;IN53;2
EA1WX;IN73;23
EA1XI;IN73;2
EA1Y;IN71;15
EA1YV;IN52;1
EA1Z;IN52;4
EA1ZR;IN73;1
EA1ZZ;IN62;2
EA2A;IN92;4
EA2ABD;IN83;2
EA2AFZ;IN83;1
EA2AGJ;IN91;5
EA2AK;IN91;4
EA2AK/P;IN91;1
EA2ASB;IN83;978
EA2AUK;IN90;8
EA2AW;IN82;185
EA2AW;IN12;1
EA2AW;IN80;1
EA2B;IN91;3
EA2BDR;IN91;1
EA2BFM;IN83;131
EA2BHE;IN83;10
EA2CCG;IN92;235
EA2CCN;IN91;3
EA2CD;IN82;1
EA2CDY;IN82;4
EA2CJA;IN93;4
EA2CNL;IN83;9
EA2CNL;IO44;1
EA2CP;IN83;4
EA2CP;IN92;1
EA2CVV;IN91;2
EA2CYJ;IN82;1
EA2DBP;IN83;2
EA2DDE;IN92;6
EA2DLM;IN91;2
EA2DLX;IN83;15
EA2DP;IN62;5
EA2DP;IN83;2
EA2DR;IN83;960
EA2DR;IN70;1
EA2DSG;IN83;2
EA2DUS;IN93;1
EA2DVR;IN93;1
EA2DYB;IN83;1992
EA2DYP;IN83;1
EA2EBK;IN93;3
EA2EED;IN72;33
EA2EGZ;IN91;1
EA2EJO;IN83;2
EA2ELH;IN92;8
EA2ELX;IN91;1
EA2ENC;IN71;1
EA2ENO;IN62;1
EA2EPL;IN83;3
EA2ERB;IN93;3
EA2ERM;IN82;1
EA2ERM;IN93;1
EA2ESU;IN92;1007
EA2ETB;IN70;1
EA2ETV;IN82;1
EA2EWL;IN91;1
EA2EYF;IN91;3
EA2FBG;IN93;11
EA2FBV;IN91;1
EA2FBX;IN92;2
EA2FBY;IN93;2
EA2GR;IN91;1
EA2HE;JN01;4
EA2HK;IN91;1
EA2JE;IN92;6
EA2K;IM76;2
EA2KB;IN71;1
EA2KR;IN92;1
EA2KU;IN82;4
EA2KV;IN91;7
EA2NN;IM69;440
EA2NR;IN72;8
EA2PLN;IN92;3
EA2RCU;IN83;6
EA2RE;IN83;10
EA2RU;IN82;8
EA2VE;IN82;1
EA2WT;IN82;1
EA2XR;IN83;1
EA3A;JN01;1
EA3ABN;JN11;1
EA3ACA;JN01;3
EA3ACD;JN12;1
EA3ACQ;JN01;4
EA3AEY;JN01;2
EA3AGF;JN12;9
EA3AGY;JN11;1
EA3AHI;JN11;1
EA3AHT;JN11;1
EA3AJI;JN01;1
EA3AKA;JN00;226
EA3AKA;IN80;1
EA3AKY;JN01;955
EA3AKY;JN11;1
EA3ALL;JN11;1
EA3ARN;JN01;1
EA3ARO;JN01;4
EA3AXS;JN01;5
EA3AXV;JN01;4
EA3AYK;JN11;2
EA3AYQ;JN11;187
EA3AZ;JN11;1
EA3BBA;JN11;6
EA3BCX;IN80;1
EA3BCX;JN11;1
EA3BD;JN01;1
EA3BKG;JN01;3
EA3BMU;JN01;6
EA3BQ;JN11;2
EA3C;JN02;1
EA3CAZ;JN01;1
EA3CB;JN01;1
EA3CCN;JN11;68
EA3CFV;JN11;1538
EA3CG;JN01;1
EA3CH;JN11;2
EA3CIL;JN11;2
EA3CJU;JN01;3
EA3CQN;JN01;1
EA3CS;JN11;108
EA3CSK;JN11;1
EA3CU;JN11;9
EA3CUU;JN12;12
EA3CV;JN11;1
EA3CVI;JN11;2
EA3CVY;JN11;1
EA3CXN;JN01;1
EA3CY;JN00;6
EA3DIX;JN01;1
EA3DKP;JN12;4
EA3DN;JN01;10
EA3DNC;JN01;1
EA3DOR;JN01;1
EA3DU;JN11;2
EA3DVP;JN11;4
EA3DYB;JN11;2
EA3E;JN12;1
EA3EA;JN01;6
EA3EAU;JN01;2
EA3EAV;JN11;1
EA3EBN;JN11;156
EA3EDU;JN01;11
EA3EG;IN80;2
EA3EG;JN11;2
EA3EGB;JN11;76
EA3EI;JN01;1
EA3ELW;JN01;5
EA3ELZ;JN01;215
EA3ELZ;JO31;1
EA3ENR;JN12;1
EA3EQS;JN01;4
EA3EQT;JN01;1
EA3ESZ;JN00;1
EA3EUH;JN11;1
EA3EW;JN01;7
EA3EYO;JN11;1
EA3FA;JN11;1
EA3FAB;JN01;6
EA3FBX;JN11;1
EA3FCQ;JN01;6
EA3FGF;JN01;1
EA3FHP;JN11;1736
EA3FHP;IN80;1
EA3FHZ;JN01;1
EA3FIR;JN11;1
EA3FKT;JN11;1
EA3FL;JN11;1
EA3FNM;JN11;3
EA3FNO;JN11;4
EA3FNQ;JN11;1
EA3FP;JN11;1317
EA3FP;JO51;1
EA3FRG;JN11;1
EA3FYO;JN12;5
EA3FZN;JN11;1
EA3GBQ;JN02;2
EA3GCT;JN01;217
EA3GCV;JN01;1
EA3GFA;JN11;3
EA3GGM;JN11;1
EA3GGW;JN00;1
EA3GIL;JN11;1
EA3GKE;IM86;2
EA3GLC;JN11;1
EA3GLE;JN11;62
EA3GMT;JN02;6
EA3GOM;JN11;2
EA3GQA;JN11;1
EA3GRN;JN01;3
EA3GVB;JN11;1
EA3GXK;IM98;8
EA3GZR;JN01;5
EA3HCJ;JN01;4
EA3HDZ;JN11;5
EA3HH;JN11;1
EA3HJE;JN11;1
EA3HKA;JN11;702
EA3HKY;JN11;7
EA3HLC;JN01;1
EA3HLF;JN11;3
EA3HLJ;JN12;4
EA3HLM;JN11;5
EA3HMM;JN00;122
EA3HRE;JN01;3
EA3HRU;JN01;3
EA3HSD;JN11;2
EA3HTD;JN11;25
EA3HUZ;JN11;3
EA3HVD;JN12;1
EA3HXW;JN11;1
EA3HYJ;JN11;1
EA3IAA;JN01;96
EA3IAZ;JN11;168
EA3IBK;JN11;2
EA3ICF;JN11;21
EA3IDH;JN11;1
EA3IDJ;JN01;6
EA3IDY;JN01;5
EA3IE;JN11;4
EA3IEG;JN11;16
EA3IEK;JN11;1
EA3IEQ;JN01;1
EA3IEW;JN11;160
EA3IFH;JN11;1
EA3IFV;JN01;75
EA3IGB;JN11;5
EA3IGC;JN11;2
EA3IGF;JN11;1
EA3IGU;JN11;43
EA3IIB;JN11;4
EA3IJA;JN11;8
EA3IJP;JN01;40
EA3IKA;JN12;4
EA3IKT;JN01;3
EA3IMI;JN11;1
EA3IMR;JN11;94
EA3IOJ;JN00;2
EA3IOJ;IN91;1
EA3IPX;JN11;56
EA3IRX;JN11;1
EA3ISZ;JN01;6
EA3IVC;JN11;5
EA3IVK;JN11;5
EA3IVP;JN01;3
EA3IXE;JN11;7
EA3IXP;JN01;1
EA3JW;JN11;259
EA3KE;JN00;15
EA3KS;JN11;6
EA3KU;JN00;766
EA3KY;JN01;1
EA3KZ;JN11;2
EA3LA;JN12;6
EA3LX;JN11;1
EA3MGG;JN01;2
EA3NA;JN01;1
EA3NE;JN11;14
EA3NG;JN01;9
EA3NJ;JN01;1
EA3NW;JN11;6
EA3OR;JN01;3
EA3PV;JN11;3
EA3RCB;JN11;1874
EA3RCB;FN20;1
EA3RKD;JN01;3
EA3RKM;JN01;3
EA3RKM;JN11;3
EA3RM;JN11;4
EA3RO;JN11;7
EA3RR;JN11;3
EA3RT;JN01;11
EA3SI;JN11;6
EA3SP;IM89;5
EA3SP;JN11;2
EA3TA;JN11;50
EA3TJ;JN01;366
EA3V;JN11;1
EA3VM;JN01;14
EA3W;JN01;4
EA3W;JN11;1
EA3WAN;JO81;1
EA3XR;JN11;5
EA3Y;JN11;1997
EA3Y;JN00;158
EA3YE;JN11;1
EA3ZD;JN01;9
EA4AA;IN80;7
EA4AAA;IN80;51
EA4AAI;IN80;10
EA4AAZ;IN80;1
EA4AC;IN80;13
EA4AFP;IN80;87
EA4AJB;IM78;5
EA4AKC;IM88;1
EA4AL;IN80;3
EA4ALL;IM89;1
EA4AOJ;IN80;1
EA4AY;IN80;2
EA4BAS;IN80;1095
EA4BAS/P;IM98;276
EA4BAS/P;IL18;1
EA4BBN;IM88;3
EA4BDL;IM69;2
EA4BL;IN80;1
EA4BMF;IM69;1
EA4BNB;IN80;2
EA4BPO;IN80;1
EA4BX;IN80;1
EA4C;IM68;25
EA4C;IN80;2
EA4CFT;IN80;3
EA4CPM;IN80;2
EA4CQX;IN80;1
EA4CRS;IN80;1
EA4CT;IN80;6
EA4CTP;IM69;5
EA4CUO;IM68;16
EA4CUO;IN70;1
EA4CY;IN80;2
EA4D;IN80;1
EA4DAU;IN70;3
EA4DB;IN80;1
EA4DDR;IM68;1
EA4DEI;IN80;3
EA4DEM;IN80;2
EA4DF;IN80;2
EA4DGZ;IM68;2
EA4DKJ;IN80;3
EA4DM;IN70;1
EA4DUT;IN80;1
EA4DZR;IN80;2
EA4E;IN80;5
EA4EF;IN80;3
EA4EGA;IM78;2
EA4EIU;IM68;3
EA4EJP;IN80;4
EA4EJR;IM68;4
EA4EQ;IN80;87
EA4EQ;IN72;1
EA4ESM;IN80;2
EA4ESU;IN80;23
EA4ETF;IN80;5
EA4ETN;IN80;2
EA4EW;IN70;1
EA4EWE;IN52;1
EA4EWV;IN80;4
EA4EWX;IM78;1
EA4EX;IN80;5
EA4FG;IM88;1
EA4FJX;IN80;1650
EA4FJX;RR73;1
EA4FKJ;IN80;2
EA4FLY;IN80;352
EA4FME;IN80;769
EA4FPZ;IM68;1
EA4FSB;IM68;2
EA4FSE;IM68;4
EA4FTV;IN80;1
EA4GA;IN63;32
EA4GA;IN80;7
EA4GAY;IN60;1
EA4GD;IN80;1
EA4GFG;IN80;1
EA4GIG;IN80;1
EA4GJP;IM69;4
EA4GKM;IN80;1
EA4GMY;IN83;2
EA4GOU;IN70;1
EA4GOY;IM79;2
EA4GPW;IN60;2
EA4GRR;IM69;1
EA4GRZ;IN80;2
EA4GTJ;IN80;2
EA4GTY;IM69;6
EA4GVU;IM86;1
EA4GWU;IN72;1
EA4GXR;IN80;2
EA4GYF;IM68;1
EA4HAD;IN70;1
EA4HAM;IN80;4
EA4HBW;IN70;6
EA4HCZ;IN80;7
EA4HDU;IN80;2
EA4HGW;IN70;1
EA4HHG;IN80;5
EA4HHP;IN70;1
EA4HKF;IM78;491
EA4HKO;IN70;1
EA4HLN;IM88;6
EA4HLZ;IN80;1
EA4HOT;IM78;355
EA4HPY;IN70;576
EA4HQC;IN80;1
EA4HQQ;IN80;5
EA4HQV;IN80;4
EA4HRM;IN70;1
EA4HRV;IN80;2
EA4HSL;IN80;1
EA4HSP;IN80;6
EA4HUK;IN80;2
EA4HW;IN70;1
EA4HWT;IN80;368
EA4I;IM68;2
EA4IAH;IN80;4
EA4IF;IM89;2
EA4IFI;IN70;1
EA4IFN;IM88;1
EA4IHF;IN80;17
EA4IL;IN70;1
EA4IV;IN80;1
EA4LO;IN80;1
EA4LQ;IN80;1
EA4M;IN80;3
EA4MD;IN80;1
EA4NW;IM89;3
EA4OY;IN80;6
EA4SE;IM89;9
EA4SG;IN80;20
EA4SU;IN80;1
EA4T;IN70;6
EA4TK;IN80;2
EA4U;IN80;438
EA4VI;IN80;2
EA4XT;IN80;2
EA4Z;IN80;1
EA4ZI;IM78;6
EA4ZM;IM68;4
EA4ZQ;IN80;1
EA5/LA2PC;IM99;1
EA5/M0RNR;IM98;35
EA5ABG;IM99;1
EA5AD;IM87;1
EA5ADV;IM98;1
EA5AE;IM98;1
EA5AIM;IM98;5
EA5AJX;IM98;1
EA5AMC;IM98;1
EA5AMD;IM89;3
EA5AMI;IM97;6
EA5AYE;IM99;3
EA5B;IM99;4
EA5BCO;IM98;1
EA5BH;IM98;213
EA5BLP;JN00;2
EA5BM;IM99;7
EA5BPC;IM98;10
EA5BYS;IM97;4
EA5BZ;IM98;3
EA5CF;IM99;3
EA5CKE;IM97;3
EA5CMP;IM98;1
EA5CQM;IM97;2
EA5CRC;IM98;3
EA5D;JN00;816
EA5D;IM99;22
EA5DF;IM99;107
EA5DKP;IM99;2
EA5DKT;IM99;2
EA5DNO;IM99;1
EA5DO;IM99;1
EA5DQW;IM99;2
EA5EB;IM99;2
EA5EBD;IM99;2
EA5EBN;JN11;1
EA5EFU;JN00;3
EA5EJG;IM98;1
EA5EKT;IM97;1
EA5EN;IM97;1
EA5EP;IM86;1
EA5EQ;IM99;4
EA5EQ;IM98;2
EA5EQH;IM99;1
EA5ET;IM99;12
EA5EVW;IM99;2
EA5EY;IM98;2
EA5FD;IM99;24
EA5FHP;JN11;1
EA5FKT;IM98;4
EA5FQS;IM99;1
EA5FSJ;IM98;1
EA5FVY;IM97;1
EA5FZJ;IM98;2
EA5GGU;IM99;6
EA5GGU/P;IM99;2
EA5GHD;IM98;7
EA5GI;IM99;30
EA5GKL;IM98;5
EA5GL;IM99;14
EA5GO;IM99;6
EA5GPC;IM98;2
EA5GPI;IM98;2
EA5GPQ;IM98;6
EA5GTU;IM97;6
EA5GVJ;IM97;11
EA5GVP;IM98;3
EA5GXE;IM99;4
EA5GXY;IM99;3
EA5GZY;IM99;1
EA5HAY;IM98;1
EA5HKZ;IM98;6
EA5HM;IM99;117
EA5HRE;IM97;4
EA5HRM;IM99;8
EA5HRV;IM99;4
EA5HVW;IM98;4
EA5HYT;IM98;2
EA5HZG;IM99;7
EA5HZG;IM97;1
EA5I;IM99;3
EA5IAG;IM97;123
EA5IBI;IM98;4
EA5IDA;IN90;1
EA5IDZ;IM97;2
EA5IEJ;IM98;1
EA5IGD;IM98;1
EA5IGO;IM99;1
EA5IGV;IM99;250
EA5IIE;IM99;1
EA5IIG;IM99;2
EA5IJF;IM79;1
EA5IK;IM98;4
EA5IL;IM99;673
EA5IQR;IM99;5
EA5ISA;IM99;5
EA5ITJ;JN00;331
EA5IUE;IM76;2
EA5IUJ;IM98;451
EA5IUJ;IN80;1
EA5IUJ;JO98;1
EA5IUL;IM98;2
EA5IWT;IN80;1
EA5IWZ;IM98;1
EA5IXH;IM98;16
EA5IXO;IM99;441
EA5IXU;IM98;10
EA5IXZ;IM99;1
EA5IY;IM99;4
EA5IYN;IM99;3
EA5IZJ;IM98;10
EA5J;IM98;1
EA5JAH;IM99;22
EA5JAO;IM98;2
EA5JBJ;JM08;3
EA5JCG;IM97;4
EA5JCI;IM98;50
EA5JCY;IM98;744
EA5JDC;IM98;1
EA5JDQ;IM98;1
EA5JDW;JN00;1
EA5JGR;IM97;2
EA5JGS;IM98;2
EA5JHD;IM99;4
EA5JHN;IM98;1
EA5JK;IM99;3
EA5JKM;IM98;1
EA5JKT;IM99;4
EA5JKX;IM99;3
EA5JLB;IM99;1
EA5JMH;IM99;1
EA5JMM;IM99;3
EA5JNN;IM99;3
EA5JNQ;IM98;1
EA5JPN;JM08;3
EA5KB;IM99;67
EA5KE;IM99;834
EA5KM;IM98;3
EA5KT;IM99;3
EA5KV;IM98;3
EA5KY;IM98;1
EA5L;IM99;416
EA5L;JO21;1
EA5LD;IM99;12
EA5LH;IM99;1
EA5LU;IM97;10
EA5MJ;IM99;2
EA5MY;IM98;1
EA5NB;IM99;372
EA5O;IM99;542
EA5O;IN80;1
EA5OB;IM99;4
EA5OH;IM99;2
EA5OK;IM98;1
EA5OL;IM99;24
EA5OS;IM98;1
EA5PC;IM99;2
EA5PG;IM98;1
EA5PS;IM99;2
EA5QG;IM99;2
EA5QI;IM99;5
EA5QS;IM98;23
EA5R;IM97;7
EA5RD;IM98;8
EA5RJ;IM98;8
EA5RO;IM99;1
EA5RR;IM98;3
EA5RT;JN00;5
EA5RW;IM99;13
EA5RY;IM99;3
EA5SB;JM08;1
EA5SS;IM98;2
EA5TD;IM97;1
EA5TE;IM99;4
EA5TS;IM99;1
EA5UB;JM08;8
EA5UI;IM98;15
EA5W;IM97;9
EA5WI;IM99;4
EA5WO;IM99;43
EA5WU;IM99;12
EA5X;IM99;5
EA5XA;IM98;4
EA5XC;IM98;1
EA5XY;IM99;3
EA5YI;IM99;618
EA5YJ;IM99;7
EA5YT;IM99;1
EA5YU;IM97;7
EA5ZM;IM97;1
EA6A;JM19;2
EA6AAB;JM19;2
EA6ABR;JM19;11
EA6AIU;JM19;6
EA6AJ;JM19;3
EA6AJW;JM19;9
EA6AJW;KN34;1
EA6AMI;JM19;188
EA6ANX;JM19;8
EA6AOT;JM19;2
EA6B;JM19;1
EA6BE;JM29;2
EA6BH;JM19;7
EA6C;JM19;57
EA6C;JM49;1
EA6CA;JM19;1
EA6DX;JM19;2
EA6EE;JM19;494
EA6ET;JM19;636
EA6FA;JM08;1
EA6NB;JM19;2
EA6OK;JM19;2
EA6QM;JM29;1
EA6R;JM29;4
EA6SX;JM19;10
EA6T;JM29;1
EA6TU;JM19;157
EA6UE;JM19;1
EA6VD;JM19;7
EA6VQ;JM19;1049
EA6ZS;JM19;249
EA7AAF;IM77;1
EA7AAR;IN70;1
EA7AFM;IM66;1
EA7AFO;IM88;2
EA7AH;IM67;18
EA7AK;IM86;5
EA7AKE;IM77;17
EA7ALL;IM88;4
EA7ALL;IM86;1
EA7ANP;IM76;1
EA7ANV;IM87;1
EA7APF;IM67;2
EA7APX;IM88;1
EA7AQY;IM77;1
EA7ARG;IM67;2
EA7AVH;JN03;1
EA7AZH;IM76;8
EA7AZH;IM87;2
EA7AZH;JO22;1
EA7B;IM76;2
EA7BD;IM77;11
EA7BDJ;IM66;1
EA7BEK;IM76;1
EA7BF;IM76;1
EA7BFF;IM66;1
EA7BHO;IM87;9
EA7BSK;IM76;1
EA7BUU;IM77;2
EA7BVH;IM76;1
EA7BY;IM77;4
EA7BYN;IM88;1
EA7BZO;IM76;1
EA7C;IM77;2
EA7CB;IM86;1
EA7CHS;IM76;3
EA7CI;IM77;1
EA7CJN;IM88;1
EA7CK;IM76;1
EA7COJ;IM67;4
EA7CU;IM86;108
EA7D;IM76;10
EA7DAP;IM86;2
EA7DHT;IM87;1
EA7DJN;IM88;4
EA7DNE;IM77;5
EA7DT;IM76;10
EA7DW;IM67;1
EA7DZ;IM77;16
EA7DZ;OR54;1
EA7FDM;IM76;1
EA7FDR;IM76;1
EA7FDW;IM76;1
EA7FJK;IM87;1
EA7FJP;IM66;2
EA7FKY;IM66;1
EA7FL;IM76;7
EA7FMI;IM67;2
EA7FMT;IM67;30
EA7FMT;IN67;1
EA7FRA;IM76;4
EA7FRX;IM77;149
EA7FUN;IM77;2
EA7FUW;IM76;3
EA7FVH;IM66;3
EA7FWK;IM77;4
EA7FZZ/P;IM86;1
EA7GD;IM77;128
EA7GDC;IM87;2
EA7GDU;IM76;2
EA7GE;IM77;2
EA7GI;IM76;4
EA7GLM;IM87;8
EA7GMF;IM76;1
EA7GNO;IM86;8
EA7GNT;IM86;8
EA7GRB;IM76;1
EA7GUL;IM86;2
EA7GUM;IM86;1
EA7GVZ;IM76;2
EA7GWC;IM76;233
EA7GXD;IM76;477
EA7GXD;IN80;1
EA7HHJ;IM86;7
EA7HLU;IN70;1
EA7HPI;IM66;5
EA7HTE;IM66;10
EA7HY;IM66;23
EA7HY;IM76;7
EA7HZ;IM76;2
EA7ICA;EM87;2
EA7ICU;IM86;1
EA7IEZ;IM86;2
EA7IRI;IM88;2
EA7IRV;IM87;2
EA7ISN;IM76;1
EA7IU;IM87;1
EA7IWX;IM87;1
EA7IYF;IM87;1
EA7JAV;IM86;1
EA7JCL;IM87;26
EA7JCR;IM67;3
EA7JHC;IM76;1
EA7JIH;IM77;5
EA7JKA;IM77;1
EA7JSA;IM77;14
EA7JTP;IN92;10
EA7JUA;IM76;1
EA7JV;IM87;1
EA7JVC;IM76;4
EA7JVV;IM87;2
EA7JW;IM76;2
EA7JWF;IM77;1
EA7KAZ;IM78;3
EA7KBW;IM76;3
EA7KBX;IM87;1
EA7KC;IM66;4
EA7KDC;IM76;5
EA7KDI;IM76;1
EA7KDM;IM66;1
EA7KFX;IM76;2
EA7KGB;IM76;5
EA7KGK;IM76;71
EA7KHN;IM77;3
EA7KHZ;IM67;6
EA7KI;IM76;186
EA7KI;IM73;2
EA7KIP;IM76;1
EA7KJE;IM66;8
EA7KJE;JN06;1
EA7KJF;IM66;2
EA7KJJ;IM66;1
EA7KKO;IM66;1
EA7KLK;IM77;73
EA7KLK;IM76;1
EA7KLL;IM76;10
EA7KLT;IM76;1
EA7KMY;IM88;1
EA7KN;IM76;22
EA7KNT;IM67;1
EA7KO;IM67;1
EA7KOM;IM87;13
EA7KPT;IM67;13
EA7KQI;IM77;201
EA7KR;IM76;2
EA7KS;IM86;1
EA7KY;IM86;336
EA7KZ;IM87;368
EA7L;IM86;16
EA7LAV;IM66;1
EA7LES;IM67;3
EA7LHS;IM77;1
EA7LIC;IM86;47
EA7LM;IM67;1
EA7LU;IM76;116
EA7LZ;IM76;2
EA7NC;IM66;6
EA7NK;IM76;1
EA7OR;IM77;167
EA7OY;IM88;1
EA7P;IM76;55
EA7P;IM77;1
EA7PY;IM66;8
EA7QL;IM66;2
EA7R;IM66;11
EA7SL;IM76;2
EA7TB;IM76;1
EA7TG;IM87;142
EA7TM;IM77;1
EA7TR;IM76;10
EA7TS;IM86;4
EA7UM;IM76;1
EA7UW;IM76;274
EA7UW;IO68;1
EA7VS;IM76;1
EA7VV;IM77;1
EA7Y;IM66;4
EA7YL;IM76;57
EA7YV;IM76;203
EA7Z;IM67;24
EA7ZC;IM77;535
EA7ZY;IM67;222
EA8/DL3FCG;IL18;530
EA8/M0KGE;IL27;1
EA8/M0KGE;IL28;1
EA8A;IL18;1
EA8AAH;IL18;22
EA8AAH;IL27;1
EA8AAH;IM98;1
EA8ACW;IL28;13
EA8ACW;IL18;1
EA8AED;IL28;1
EA8AFB;IL18;4
EA8AIN;IL18;5
EA8AJ;IL18;8
EA8AJC;IL18;1
EA8AJX;IL18;1
EA8AO;IL18;30
EA8AP;IL18;15
EA8AQP;IL18;2
EA8AQV;IL28;256
EA8AR;IL18;18
EA8AT;IL17;30
EA8AT;IL38;1
EA8AU;IL28;1
EA8AUW;IL28;3
EA8AXT;IL28;4
EA8BBJ;IL39;2
EA8BBJ;IL28;1
EA8BEV;IL17;4
EA8BFF;IL28;1
EA8BFH;IL18;4
EA8BIA;IL18;1
EA8BN;IL28;1
EA8BUE;IL18;1
EA8BX;IL18;1
EA8CBP;IL18;3
EA8CDG;IL18;1
EA8CII;IL18;2
EA8CLX;IL28;11
EA8CNR;IL28;961
EA8COX;IL18;4
EA8CPE;IL18;6
EA8CQW;IL18;1
EA8CVJ;IL28;1
EA8CYL;IL28;2
EA8CZ;IL28;13
EA8DEG;IL18;32
EA8DFQ;IL28;181
EA8DFQ;KN35;1
EA8DGC;IL18;1
EA8DGE;IL27;1
EA8DGI;IL28;497
EA8DGI;IL27;4
EA8DGI;IL38;1
EA8DGZ;IL28;1
EA8DHA;IL18;2
EA8DHH;IL18;248
EA8DHH;KN41;1
EA8DHQ;IL18;8
EA8DHQ;IL28;1
EA8DIB;IL18;6
EA8DID;IL18;2
EA8DIG;IL18;40
EA8DKA;IL18;28
EA8DKE;IL18;8
EA8DKM;IL18;1
EA8DME;IL28;2
EA8DMS;IL18;2
EA8DMX;IL28;246
EA8DNB;IL18;1
EA8DNP;IL28;8
EA8DO;IL18;4
EA8DOB;IL18;9
EA8DRW;IL27;3
EA8DS;IL28;34
EA8FB;IL18;1
EA8GF;IL18;2
EA8GP;IL18;3
EA8HB;IL18;4
EA8HE;IL18;2
EA8IK;IL18;6
EA8JB;IL28;1
EA8JK;IL18;37
EA8JT;IL18;4
EA8LG;IL28;236
EA8MU;IL18;1
EA8NF;IL28;1
EA8PP;IL18;3
EA8PT;IL38;254
EA8RA;IL28;8
EA8RA;IL18;1
EA8RH;IL18;7
EA8RS;IL18;296
EA8SD;IL38;1
EA8SG;IL18;1
EA8TH;IL18;4
EA8TJ;IL18;4
EA8TL;IL18;4
EA8TN;IL18;3
EA8TR;IL18;52
EA8TZ;IL18;1
EA8UE;IL18;3
EA8UK;IL18;1
EA8UP;IL18;16
EA8VJ;IL18;10
EA8W;IL38;413
EA8WU;IL28;7
EA8XNX;IL18;824
EA8XNX;JM77;1
EA9ABC;IM75;5
EA9ACD;IM75;874
EA9ACD;IM25;1
EA9ACE;IM75;2
EA9ACF;IM75;201
EA9ACL;IM75;1
EA9ACT;IM75;2
EA9ADC;IM85;3
EA9AK;IM75;1
EA9BO;IM75;4
EA9CD;IM75;1
EA9PB;IM75;8
EA9PD;IM75;2
EA9QD;IM75;1
EA9TF;IM75;10
EA9UV;IM75;1
EB1BMO;IN73;1
EB1BVP;IN53;6
EB1DJ;IN52;4
EB1DMQ;IN73;3
EB1EB;IN83;1
EB1ESY;IN52;3
EB1ESY;EM17;1
EB1FE;IN63;4
EB1FNS;IN73;2
EB1GSB;IN73;8
EB1GUA;IN71;9
EB1IC;IN82;1
EB1LA;IN73;2
EB1LO;IN82;1
EB1MM;IN72;1
EB1TR;IN73;1
EB2AJU;IN82;1
EB2AM;IN83;1424
EB2EIC;IN81;2
EB2EIR;IN91;1
EB2EMZ;IN83;1
EB2FBI;IN93;1
EB2FJN;IN83;2
EB3AM;JN02;2
EB3BQS;JN01;3
EB3BRC;JN01;3
EB3CJR;JN11;14
EB3DBR;JN11;1
EB3DIM;JN11;11
EB3DKE;JN11;78
EB3DPH;JN11;1
EB3DYF;JN11;1
EB3DYW;JN01;1
EB3EAW;JN11;1
EB3EFU;JN12;172
EB3EHP;IN92;3
EB3EIL;JN11;1
EB3ENW;JN11;4
EB3EPR;JN01;1
EB3FSE;JN11;1
EB3FVI;JN01;4
EB3FWW;JN12;12
EB3JT;JN01;2120
EB3JT;IN70;1
EB3TC;JN01;2
EB3TR;JN01;1
EB3WH;JN01;2
EB3WH;JO01;2
EB4DMH;IN80;323
EB4DOL;IN80;2
EB4DSP;IN70;8
EB4EMH;IN80;1
EB4ERW;IN80;1
EB4FOG;IM68;1
EB4FSM;IN80;2
EB4GIA;IN81;1
EB4GRL;IN70;1
EB4GRT;IN80;345
EB4GRT;JN80;1
EB4GTN;IN70;2
EB4LM;IN53;1
EB4SM;IN80;1
EB5A;IM97;1
EB5AFK;IM98;8
EB5AL;IM99;4
EB5BQC;IM98;1
EB5CS;IM99;4
EB5CUZ;IM99;191
EB5DEJ;IM98;2
EB5DFU;IM97;19
EB5DQ;IM99;2
EB5DQ/QRP;IM99;2
EB5DXJ;IM98;1
EB5DZJ;IM99;1
EB5EP;IM98;1
EB5FMC;IN80;4
EB5GC;IM97;1
EB5HRX;IM99;1
EB5ISR;IM98;1
EB5IVB;IM97;4
EB5JFJ;IM99;1
EB5JSX;IM99;1
EB5R;IM99;10
EB5RR;IM98;3
EB6JI;JM29;3
EB7BVL;IM67;2
EB7BXN;IM67;6
EB7BXN;JM67;1
EB7CFU;IM77;3
EB7EGQ;IM66;3
EB7FSB;IM87;2
EB7GQZ;IM77;2
EB7KA;IM86;1
EB7KC;IM77;2
EB8AC;IL28;5
EC1A;IN73;2
EC1ABR;IN52;3
EC1ABV;IN80;1
EC1CT;IN73;3
EC1D;IN72;8
EC1DD;IN52;17
EC1YP;IN82;1
EC2AHS;IN82;2
EC2ASL;IN93;10
EC2ATM;IN83;3
EC3A;JN00;4203
EC3A;JM00;1
EC3A;KN04;1
EC3AIT;JN11;4
EC3AMG;JN01;1
EC3CTQ;JN11;1
EC3DR;JN11;2
EC3J;JN01;1
EC3SP;JN11;1
EC3TS;JN11;4
EC4AA;IN80;237
EC4DPC;IN80;109
EC4TR;IN80;9
EC5BQQ;IM99;1
EC5C;IM98;698
EC5C;IM99;1
EC5JC;JM08;2
EC5K;IM99;1
EC5KY;JN00;11
EC5KY;FN20;1
EC5PFQ/R;GI67;1
EC5T;IM98;5
EC6DX;JM29;5
EC7AT;IM86;6
EC7B;IM77;1
EC7BM;IM76;1
EC7DKU;IM76;3
EC7DWP;IM87;7
EC7KW;IM77;941
EC7R;IM67;3
EC8AVE;IL18;31
EC8AXS;IL38;3
EC8AZE;IL28;131
EC8AZE;IL18;4
ED3D;JN11;2
ED3TE;OM89;1
ED4Q;IN70;1365
EE3URF;MI88;1
EE7R;IM77;903
EE7R;IN80;2
EE7R;GB26;1
EE7R;IM99;1
EF7W;IM77;972
EF7W;IN80;11
EG1PCJ;IN63;2
EG1RCC;IN52;177
EG1RCC;IN80;1
EG1SDC;IN73;2
EG2SDC;IN91;12
EG2SDC;IN83;3
EG2SDC;IN92;1
EG4SDC;IM88;1
EG5SDC;IM99;1
EG5VCE;IM98;104
EG5VCE;IM80;1
EG5VCE;IN70;1
EG7VA;IM66;7
EH1LSI;IN73;17
EH8FVP;IL18;2
EH8FVP;IL27;1
EI1DG;IO63;3
EI2CN;IO63;11
EI2FG;IO61;1
EI2GLB;IO63;216
EI2HF;IO53;2
EI2HZB;IO62;1
EI2IXB;IO63;12
EI2KC;IO63;4
EI2KP;IO65;3
EI3CTB;IO63;1217
EI3DY;IO63;20
EI3EBB;IO52;1
EI3ETB;IO63;1
EI3GRB;IO52;1136
EI3GRB;IO53;1
EI3ILB;IO51;1
EI3IUB;IO62;1
EI3JB;IO62;3
EI3JE;IO61;1
EI3JS;IO64;3
EI4CKB;IO62;1
EI4DQ;IO51;1
EI4GD;IO53;14
EI4GEB;IO52;2
EI4KF;IO54;49
EI4KX;IO63;1
EI4LE;IO53;10
EI5DS;IO63;1
EI5GSB;IO51;26
EI5HV;IO51;8
EI5JCB;IO52;2
EI5JL;IO63;10
EI5JTB;IO64;2
EI5KO;IO63;307
EI6IF;IO63;2
EI6IQB;IO52;2
EI6JK;IO53;736
EI6JK;AA11;1
EI6JK;IO51;1
EI6JZB;IO53;1
EI6KH;IO63;122
EI6KO;IO63;8
EI7BFB;IO63;4
EI7GSB;IO52;1
EI7HDB;IO62;15
EI7JCB;IO63;293
EI7JKB;IO63;1
EI7JQ;IO64;7
EI7KD;IO63;11
EI7KO;IO53;1
EI7KX;IO63;1
EI8EPB;IO53;1
EI8GG;IO52;2
EI8GLB;IO62;2
EI8GP;IO64;174
EI8GS;IO51;4
EI8GVB;IO63;15
EI8HJ;IO43;2
EI8HT;IO61;1
EI8JK;IO51;5
EI8KN;IO62;224
EI8KN;IO63;5
EI8KN;IO74;1
EI8KV;IO63;124
EI8KV;IO53;1
EI8KV;JN01;1
EI8KW;IO63;280
EI8KW;IO67;2
EI8LC;IO63;1
EI90IRTS;IO63;1
EI9CN;IO53;2
EI9FV;IO63;1
EI9FVB;IO51;2
EI9GNB;IO51;2
EI9HAB;IO63;55
EI9HQ;IO63;2
EI9HSB;IO63;179
EI9IB;IO63;3
EI9ILB;IO63;171
EI9IRB;IO63;89
EI9IW;IO53;32
EI9IW;IO63;1
EI9KF;IO64;10
EJ4GRC;IO43;1
EJ7NET;IO55;6
EK/RX3DPK;LN20;9
EK/RX3DPK;QO10;1
EK1EOV/R;FJ05;1
EK1KE;LN20;34
EK1KE;LO03;1
EK1RR;LN20;14
EK3GM;LM39;2
EK7DX;LN20;2
EK7PP;LN20;3
EK9DX;MN72;1
EL2BG;IJ46;10
EM065WFF;KO41;1
EM30ADIG;KN38;1
EM30ADIG;KN59;1
EM30ADIG;KO70;1
EM30CUARL;KN69;2
EM30EUARL;KN67;1
EM30IUARL;KN88;1
EM30NUARL;KN59;1
EM30RNU;KN59;1
EM30RUARL;KN59;1
EM30UARL;KN59;1
EM30YUARL;KN67;1
EM30ZUARL;KN59;4
EM5DIG;KN89;1
EM65QAE;KN77;2
EN30Q;KN77;183
EN30Q;KN59;2
EO3Q;KN77;15
EO50FF;KN45;347
EO50FF;KN59;1
EO70RUL;KN59;1
EP4HR;LL69;2
EP5CHD;LM96;2
EP5CZD;LM96;1
EP5TJS;LM96;2
EP6DSP;LM42;2
ER/UR7FM;KN46;2
ER/UT1ZZ;KN37;173
ER1BP;KN47;1
ER1CW;KN47;2
ER1KW;KN46;62
ER1MM;KN47;3
ER1OO;KN46;8
ER1PB;KN47;21
ER1VS;KN46;2
ER2AW;KN46;7
ER2FA;KN46;2
ER2RM;KN46;6
ER3CT;KN47;16
ER3DX;KN47;45
ER3KAZ;KN47;1510
ER3KS;KN37;3
ER3UA;KN37;504
ER3UA;KN47;3
ER3ZW;KN47;2
ER4A;KN38;2292
ER4A;KL38;1
ER4A;KN28;1
ER4DX;KN38;1130
ER4DX;JO32;1
ER4KAA;KN38;2022
ER5DH;KN47;1
ER5DX;KN46;26
ER5DX;KN47;1
ER5LL;KN46;1
ES0IA;KO18;10
ES0MVM;KO18;1
ES1AMI;KO29;73
ES1AO;KO29;1
ES1BH;KO29;471
ES1JA;KO29;1
ES1KK;KO29;13
ES1KSA;KP40;106
ES1LL;KO29;310
ES1QV;KO29;865
ES1TAR;KO29;280
ES2AJ;KO29;65
ES2DR;KO29;5
ES2DZ;KO29;2
ES2HV;KO29;1
ES2MC;KO29;1768
ES2MCT;KO29;1
ES2SF;KO29;1
ES2TT;KO29;4
ES30ES;KO29;5
ES3AT;KO18;3
ES3BR;KO29;1
ES3EA;KO28;482
ES3HEA;KO28;1682
ES3NA;KO19;1
ES3RF;KO29;1
ES3RM;KO28;3
ES3TI;KO29;826
ES4AW;KO39;1
ES4HTI;KO39;2
ES4IN;KO29;1
ES4RD;KO49;103
ES5EP;KO38;3
ES5ES;KO38;9
ES5MG;KO38;1917
ES5MG;KO29;2
ES5MG;JO94;1
ES5MGS;KO38;1
ES5NY;KO38;679
ES5QA;KO38;14
ES5RAL;KO38;2
ES5RY;KO38;2296
ES6DO;KO27;250
ES6Q;KO37;1216
ES6Q;JG59;1
ES6RMR;KO27;1
ES6RQ;KO28;10
ES7AM;KO29;1
ES7GN;KO28;1
ES7SOA;KO28;14
ES8AT;KO18;3
ES8GP;KO28;152
ES8JX;KO28;3
ES8TPR;KO28;1
ET3AA;KJ99;101
ET3KT;KJ99;2
EU1ABR;KO33;4
EU1ADY;KO34;4
EU1AEF;KO33;1615
EU1AEF;RL21;1
EU1AEX;KO33;113
EU1AFL;KO33;1
EU1AFW;KO44;1
EU1AI;KO33;2
EU1AK;KO33;2
EU1CZ;KO33;1
EU1FQ;KO33;495
EU1KI;KO33;7
EU1KI;KP32;1
EU1NCA;KO33;3
EU1VKD/P;FM44;1
EU2ABM;KO43;3
EU2Q;KO34;6
EU3A;KO12;1151
EU3A;KO22;2
EU3A;LP67;1
EU3AW;KO22;1
EU4BI;KO34;1
EU4BIC;KO34;1
EU4E;KO23;2452
EU4E;KO13;1
EU4T;KO23;353
EU4U;KO23;9
EU6AAX;KO35;597
EU6AQ;KO55;1
EU6AX;KO35;478
EU6MM;KO54;6
EU6W;KO45;1
EU7AS;KO43;1
EU7F;KO53;2
EU7FBB;KO43;8
EU7X;KO43;316
EU8F;KO52;4
EU8N;KO52;5
EU8RO;KO52;1
EV1P;KO43;21
EV1P;KO33;1
EV1R;KO33;1222
EV5SL;KO43;3
EV6Z;KO55;1
EW1ACG;KO34;2
EW1AFL;KO33;6
EW1D;KO33;10
EW1I;KO33;10
EW1MY;KO33;1048
EW1MY;KO34;3
EW1OW;KO33;425
EW1OW;KO34;7
EW1P;KO33;6
EW1Q;KO33;1
EW1TA;KO33;2
EW1TU;KO33;857
EW1TU;KO34;3
EW2AO;KO33;1
EW2CQ;KO33;4
EW2GI;KO43;1
EW2QQ;KO33;1
EW2RA;KO34;4
EW2VZ;KO33;2
EW2ZC;KO33;2
EW3DY;KO12;1
EW3DY;KO60;1
EW3EO;KO22;1
EW3FF;KO22;1
EW3SD;KO22;2
EW3W;KO11;1
EW4C;KO13;99
EW4M;KO23;3
EW4TT;KO23;3
EW5EKD;KN78;1
EW6AS;KO55;4
EW6AS;KO42;1
EW6BZ;KO45;6
EW6CB;KO45;4
EW6CM;KO45;3
EW6D;KO55;215
EW6DM;KO35;1766
EW6EW;KO55;1
EW6FL;KO45;3
EW6FW;KO55;5
EW6FW;KO44;1
EW6GB;KO45;3
EW6GN/4;KO13;1
EW6LW;KO45;2
EW6X;KO45;2
EW7B;KO54;1
EW7BA;KO54;133
EW7BBI;KO53;5
EW7BU;KO42;4
EW7DDR;KO43;2
EW7EL;KO53;4
EW7MM;KO53;1
EW7RF;KO53;227
EW8AK;KO52;1
EW8AP;KO42;185
EW8AX;KO52;558
EW8CN;KO42;4
EW8CW;KO52;103
EW8DU;KO52;20
EW8DX;KO52;176
EW8FG;KO42;16
EW8GT;KO52;2
EW8MZ;KO42;1
EW8OO;KO42;7
EW8TX;KO52;1
EW8W;KO42;42
EX1YL;EK09;1
EX2G;MN72;3
EX2K;MN72;1
EX7CQ;MN72;706
EX8ABA;MN72;1
EX8ABC;MN72;5
EX8ABD;MN72;1
EX8ABM;MN72;4
EX8ABQ;MN72;33
EX8AM;MN92;4
EX8BT;MN72;10
EX8BV;MN72;1
EX8MCD;MN72;3
EX8MEM;MN72;1
EX8MJ;MN72;1
EX9DX;MN72;667
EX9DX;MN71;1
EY7BO;MN40;2
F/DL4DP;DM68;1
F/DL4DP;JO31;1
F/G0KAO;JN18;1
F/HB9VKL;JN07;1
F/HB9VKL;JN18;1
F1ABG;JN06;283
F1ABL;JN24;385
F1ADG;JN36;2
F1ATB;JN33;1
F1BAY;JN33;4
F1BBI;JN24;3
F1BDD;JN18;1
F1BFB;JN14;326
F1BFC;JN12;27
F1BHB;JN09;9
F1BLQ;IN94;3
F1CCG;JN13;3
F1CEP;JN23;3
F1CLC;JN36;2
F1DFF;JN04;10
F1DFF;JO00;1
F1DLZ;JN19;3
F1DPI;JN08;1
F1DSZ;JN06;12
F1DXP;JN05;8
F1DZP;JN18;3
F1EBN;JN18;4
F1EFW;JN26;3
F1EHM;IN93;5
F1EOF;JN09;1
F1ETW;JN06;1
F1EVZ;JN25;1
F1EZY;JN24;2
F1FCA;JN39;408
F1FFZ;JN05;2
F1FJR;JN16;165
F1FPL;JN09;1
F1FPM;JN08;3
F1GRH;JN13;3
F1GTU;JN05;3
F1HFP;JN28;5
F1HFP;JN23;1
F1HFW;JN03;2
F1HMR;JN03;40
F1HSY;JN25;3
F1HUD;JN16;1
F1HUM;JN33;2
F1IBU;JN16;1
F1ICS;IN94;1
F1IEH;JN08;5
F1IEO;JO10;2
F1IHQ;JN26;2
F1IPY;JN18;107
F1IQH;JN27;7
F1IRJ;JN23;1
F1ISM;JN09;3
F1IWH;IN94;93
F1JZM;JN19;1
F1LNS;JO10;14
F1LNS;JN10;1
F1LPT;JO10;1
F1LPT/P;JO10;5
F1LRZ;JN14;1
F1LXJ;JO10;2
F1LYS;JN18;1
F1LYV;JN13;11
F1LZC;JN07;1
F1LZT;JN38;3
F1LZV;JN13;5
F1MBL;JN18;1
F1MWV;IN95;226
F1MXE;JN05;46
F1NDO;JN19;3
F1NQP;JN19;1
F1NSK;IN93;1
F1OBJ;JN38;6
F1ODM;JN08;15
F1ODM;FN08;1
F1ODM;JN30;1
F1OET;JN38;9
F1PBZ;JN26;43
F1PBZ;KO27;1
F1PFU;JN26;2
F1PGQ;JN35;23
F1PPH;JN07;68
F1PSX;JN08;19
F1PSX;JN16;1
F1PSX;JO10;1
F1PUX;JN26;7
F1PWS;JN06;8
F1RAD;JN35;49
F1RAU;JN15;3
F1RFK;JN37;2
F1RHS;JN03;243
F1RKF;IN96;1
F1RLB;JN38;1
F1ROF;JN25;2
F1SAA;JN25;11
F1SCR;JN18;8
F1SER;JN33;28
F1SKF;JN38;7
F1SKH;JN29;53
F1SNB;JN33;1
F1SPK;JN33;4
F1SYH;JN25;10
F1SZC;IN95;9
F1TEQ;JN24;1
F1TFT;JN19;5
F1TFT;JN58;1
F1TIO;IN87;1
F1TRF;JN39;912
F1TRF;JM76;1
F1TRF;JN16;1
F1TWQ;JN18;3
F1TWS;JN19;2
F1TXI;IN96;658
F1TXI;IO63;1
F1TZE;JN09;6
F1UFX;JN19;4
F1UGC;IN95;1
F1UIJ;JN18;2
F1UJS;IN94;7
F1ULQ;JN39;10
F1UMW;JN19;2
F1UOD;JN03;5
F1UQM;JN08;5
F1UQM;JN16;1
F1USN;JN05;16
F1USN/5W;AH36;1
F1VEO;IN77;2
F1VEV;JN33;179
F1VMV;JN24;1
F2JD;JN25;16
F2QD;JN05;1
F2VX;IN94;1
F2YT;JO10;16
F3PI;JN25;1
F3UZ;JN03;2
F4AAS;JN08;2
F4ACR;IN96;603
F4AGZ;JN38;3
F4AKH;IN98;2
F4AMS;IN97;12
F4ARN;JN36;23
F4ASJ;JN08;11
F4AVI;JN38;1
F4AWT;JN24;7
F4AXK;IN96;18
F4AYI;JN08;30
F4AYM;JN23;2
F4BAC;IN78;1
F4BAL;JO10;85
F4BHK;JN08;264
F4BHK;JN18;1
F4BJN;JN25;42
F4BLY;JN36;1
F4BQS;JO10;5
F4BUV;JN17;1
F4BVK;JN14;1
F4BYA;JN19;4
F4BYF;IN97;5
F4CHB;JO00;3
F4CIB;JN03;16
F4COO;IN97;1
F4COO/P;IN87;3
F4CQS;IN96;16
F4CQS;JO00;3
F4CQW;JN28;1
F4CSE;JN38;5
F4CSG;IN96;4
F4CTJ;JN09;271
F4CVA;JN09;1
F4CVQ;JN38;6
F4CWQ;JN08;2
F4CWZ;JN38;9
F4CXC;JO10;7
F4CYH;JN26;4
F4CZV;JN03;9
F4CZV;JO03;1
F4DAS;JN15;25
F4DIA;JN36;11
F4DIH;JN17;3
F4DLM;JN18;5
F4DNU;IN96;245
F4DPD;JN09;1
F4DUZ;JN19;3
F4DVO;JN17;11
F4DXX;IN97;1157
F4DXX;JN97;2
F4DYX;JN37;2
F4EAD;JN18;3
F4EAN;JN23;2
F4EAR;JN39;3
F4EBT;JN18;2
F4ECJ;IN94;3
F4ECT;JN05;1
F4EEJ;IN95;1
F4EEJ/P;IN95;190
F4EFZ;JN17;1
F4EGG;JN34;1
F4EGG/QRP;JN03;1
F4EGG/QRP;JN34;1
F4EHB;JN29;6
F4EIK;JN28;7
F4EKV;IN87;3
F4ELU;JN26;4
F4EMG;JO00;6
F4ENG;JN33;4
F4ENK;JN06;6
F4EOC;JN39;19
F4EPP;IN97;16
F4EQN;JN36;3
F4ESO;JN39;3
F4EUG;IN88;3
F4EVV;JN08;1
F4EXC;JN38;9
F4EZJ;JN05;1
F4FAA;JN24;1
F4FAI;JN25;1
F4FCE;JN17;3
F4FDR;JN04;2051
F4FDY;IN97;4
F4FEP;IN87;6
F4FFZ;IN87;1
F4FGC;JN23;2
F4FHM/QRP;JN03;1
F4FHM/QRP;JO10;1
F4FHW;IN96;2
F4FLF;JN18;18
F4FMU;IN98;1
F4FOM;JN13;25
F4FPO;JN35;1
F4FPR;IN88;15
F4FPR;JN19;2
F4FQH;JN24;2
F4FQT;IN78;1
F4FRC;JN25;63
F4FRC;JN26;1
F4FRQ;JN37;1
F4FRX;JN04;2
F4FSD;JN19;2
F4FSY;JN25;55
F4FSY;EM95;1
F4FTV;JN15;2
F4FVM;JN29;1
F4FVW;JN29;740
F4FWT;JO00;5
F4FWW;JN18;4
F4FYO;JN28;2
F4FZP;JN13;10
F4FZR;JN25;57
F4GAJ;IN99;45
F4GAU;JN25;3
F4GAU/P;JN25;1
F4GBD;JN05;3
F4GBW;JO11;4
F4GCB/P;IN88;1
F4GEN;JN38;1
F4GGJ;JN13;2
F4GGK;JN09;2
F4GGS;IN78;3
F4GIH;JN08;4
F4GJE;JN09;7
F4GJM;JN23;1
F4GLX;JN04;1
F4GMB;JN33;2
F4GMM;JO10;5
F4GMW;JN18;21
F4GND;IN98;2
F4GPB;JN23;306
F4GRW;JN28;6
F4GTB;JN18;43
F4GUK;JN18;6
F4GUV;IN78;1
F4GVN;JN18;2
F4GVO;JN38;3
F4GWG;IN77;19
F4GWG;JN16;1
F4GWN;JO10;6
F4GWO;JN12;1
F4GYA;IN93;3
F4GYE;JN07;3
F4GYI;JN06;5
F4GYM;JN18;13
F4GZO;JN09;3
F4HAB;JN03;11
F4HAB;JN13;1
F4HDR;JO10;1
F4HEA;JN37;6
F4HEG;JO10;4
F4HEN;JN19;1
F4HER/P;JN06;2
F4HGF;JN18;1
F4HGH;JN19;2
F4HGU;JN08;1
F4HHL;JN19;1
F4HHY;JN18;7
F4HHY;JN69;1
F4HIK;JN06;3500
F4HIK;JK06;418
F4HIK;CO70;1
F4HIN;JN25;1
F4HIU;IN96;2
F4HJN;JN37;2
F4HJO;JN09;1
F4HKV;JN33;1
F4HLB/P;JN16;9
F4HMP;JN39;14
F4HMP;JN03;1
F4HMU;IN88;4
F4HON;JN19;2
F4HPO;JN38;2
F4HPV;JN33;1
F4HPW;IN88;3
F4HPX;JN18;59
F4HPY;JN28;2
F4HQB;JO10;1
F4HQL;JN29;4
F4HRR;JO10;2
F4HRS;JO10;2
F4HRU;JN07;271
F4HSL;IN99;1
F4HTA;JO10;5
F4HTO;JO10;3
F4HTV;JN25;9
F4HTW;IN88;1
F4HUB;IN94;1
F4HUN;JO00;1
F4HVI;IN98;1
F4HXJ;IN87;229
F4HZA;JN18;4
F4HZB;IN87;1
F4HZS;JN19;5
F4IAA;JN05;1
F4IAZ;IN93;1
F4IBJ;IN96;25
F4IBN;JN16;98
F4IDN;IN97;7
F4IDT;JN16;330
F4IDV;JN37;10
F4IFE/P;JN38;1
F4IFK;JN33;3
F4IGB;JN09;2
F4IGG;JN18;1
F4IGP;JN19;4
F4IHL;IN94;2
F4IIX;IN95;17
F4IJI;JO10;1
F4IKA;JN06;679
F4IKA;JO20;1
F4IKI;IN93;2
F4IKU;JO10;1
F4ILK;IN97;51
F4ILM;JN18;4
F4ILW;JN38;7
F4IOH/P;JN25;2
F4IPJ;JN08;7
F4IPO;JN25;110
F4IPO;JN45;1
F4IPO;KN35;1
F4IQU;IN78;12
F4IQU;JN23;1
F4IQU;JN25;1
F4IRI;JN05;4
F4IRP;JN39;12
F4IRV;JN07;3
F4ISR;JO10;2
F4ITK;JN23;7
F4ITM;JN13;3
F4IVC;JN05;21
F4IVG;JN05;3
F4IVI;JN33;4
F4IVI;JO81;1
F4IVO;JN09;1
F4IXH;JN23;2
F4IXM;IN78;117
F4IYP;JN07;1
F4IYQ;JN06;1
F4IZH;JN36;395
F4IZV;JN36;4
F4JBQ;JN25;1
F4JCU;JN16;11
F4JDM;JN07;1
F4JFC;JN06;1
F4JFN;JN15;2
F4JFZ;JN03;1
F4JGI;IN94;705
F4JHH;JN23;1
F4JHS;JO10;1
F4JHW/P;JN15;3
F4JJM;IN94;2
F4JJS;JN19;1
F4JKT;JN17;7
F4JKY;JN23;2
F4JLS;IN97;11
F4JMU;IN98;1
F4JMV;IN98;1
F4JNW;JN18;1
F4JOM;IN77;1
F4JOX;JN15;2
F4JOX;JN16;1
F4JPI;IN94;8
F4JQH;JN12;90
F4JQH;JN18;1
F4JQM;JN36;1
F4JRC;JN23;17
F4JRI;IN98;2
F4JRK;JN07;3
F4JUQ;JN08;2
F4JXS;JN19;1
F4JYA;JN03;125
F4JYD;JN09;2
F4JZF;JN37;22
F4JZW;JN08;2
F4JZX;IN94;2
F4KKV;IN98;1
F4KOL;JN03;3
F4LCD;JN16;2
F4LCT;IN96;1
F4LEB;IN93;1
F4LFA;IN99;3
F4LHZ;JN18;132
F4LIP;JN29;1
F4LKE;JN04;1
F4LMF;JN18;1
F4LML;JN29;11
F4LNI;IN94;1
F4LNM;JN09;3
F4LOU;JN25;1
F4LOY;JO00;5
F4LPM;JN04;1
F4LRB;IN98;1
F4LTP;JN25;4
F4LVE;JN25;1
F4LVF;JO20;1
F4LWU;IN94;1
F4LYX;JN09;168
F4LYX;JN16;1
F4LZZ;JN09;4
F4MAK;JN18;1
F4MEH;JN04;1
F4MEN;JN38;2
F4MGP;JN04;7
F4MIB;JN15;2
F4MMF;JN36;5
F4MMH;JN18;5
F4MPC;JN23;1
F4MPO;JN24;1
F4MZI;JO10;1
F4PAN;JN26;16
F4PCM;JN23;9
F4SNF;IN97;31
F4TJI;JN16;3
F4TNK;JN23;569
F4TNK;OF78;1
F4TXU;JN23;1
F4UGA;JN05;2
F4UJU;JN06;16
F4VOB;JN03;4
F4VPC;IN87;1
F4VTG;JN12;2
F4VTQ;JN28;108
F4VTR;JN25;10
F4VTT;IN93;1
F4VVT;JN04;1
F4VWK;JN16;85
F4VWS;IN88;2
F4VXG;JN29;1
F4WCA;JN24;1
F4WCU;JN18;5
F4WCW;IN95;1
F4WDE;JN33;1
F4WDL;IN94;817
F4WEJ;JN37;35
F4WEM;JN13;19
F4WEO;IN86;2
F54YCM;KN66;1
F5ADE;JN06;14
F5AOP;JN07;7
F5AOW;JN06;11
F5ASD;JN18;13
F5BEG;JN07;15
F5BEG;KO92;1
F5BNH;JN18;1
F5BOY;JN35;1
F5BZB;JN03;2
F5BZU;JO11;2
F5CBP;IN87;284
F5CBQ;IN87;1
F5CBU;IN88;1
F5CDE;IN93;9
F5CKQ;IN95;5
F5CT;JN08;8
F5CUN;JN26;5
F5CVI;JN16;53
F5DAN;JN18;19
F5DBT;JN23;1
F5DYS;JN08;5
F5FDC;JN04;235
F5FJ;IN94;7
F5GGL;IN94;2
F5GHP;IN96;1
F5GN;JN13;8
F5GPE;JN25;9
F5GSD;JN38;22
F5GSJ;JN18;5
F5HGT;JN23;5
F5HNQ;IN98;21
F5HOD;JN37;3
F5HRH;JN23;84
F5HRH;JO23;1
F5HVI;IN98;2
F5IAE;JN17;10
F5ICC;JN04;494
F5ICC;JN02;1
F5IDJ;JO10;106
F5IGF;JN07;3
F5IHZ;JN09;2
F5ILV;JN23;6
F5IND;JN33;1
F5IRO;IN96;1
F5ITN;JN29;2
F5IYE;JN05;2
F5IYE;JN16;1
F5IYE;JN18;1
F5IYG;JN05;2
F5JAE;JN14;8
F5JIW;JN09;1
F5JLQ;JO00;3
F5JME;IN93;2
F5JNI;JN28;2
F5JQF;JN25;1
F5JRN;JN18;1
F5JUS;JN14;4
F5JYS;JN23;1
F5KEE;JN18;2
F5LCU;JN03;518
F5LHI;JN33;2
F5LMG;IN88;2
F5LMJ;JN28;108
F5LMJ;JN18;75
F5LMJ;JN38;2
F5LOW;IN95;14
F5LPL;JN16;10
F5LQ;IN94;1
F5LRU;JN19;1
F5LVR;JN38;3
F5LWD;JN19;4
F5MA;JN08;2
F5MDW;JN07;2
F5MKD;JN38;81
F5MMB;IN94;1
F5MMP;JN37;1
F5MNW;JN33;10
F5MNW;FN20;2
F5MOX;JN18;2
F5MUX;IN78;1
F5MXH;JN07;117
F5MXH;JN16;1
F5MXH;JN18;1
F5MXH;JN23;1
F5MYH;JN07;19
F5MYK;IN97;7
F5NAA;JN39;6
F5NAA;JO44;1
F5NBX;JN05;1
F5NFN;JN13;1
F5NIB;JN06;326
F5NIB;OF78;1
F5NIK;IN98;2
F5NKX;IN99;3
F5NKZ;IN93;4
F5NLY;JN08;7
F5NMO;IN97;1
F5NNN;IN94;7
F5NQK;IN93;9
F5NTD;JN25;5
F5NUI;JN16;1
F5NZ;IN94;13
F5OAM;JN04;495
F5OCL;JN37;1
F5OEQ;IN97;1
F5OHS;JN19;1
F5OHW;JN25;1
F5OIH;JN06;3
F5OKB;JN23;174
F5OKB;JN48;1
F5OMJ;JN04;1
F5OWK;IN87;3
F5OYA/P;JN13;72
F5OYC;JN03;96
F5OZK;JN23;8
F5PAC;JN37;3
F5PBG;IN78;31
F5PBG;JN16;2
F5PBM;JN18;4
F5PCV;JO10;2
F5PDT/P;IN95;3
F5PEG;JN28;6
F5PGT;IN88;1
F5PHK;IN93;8
F5PHK;KN06;2
F5PHW;IN87;2
F5PIO;JN19;38
F5PJG;JN26;2
F5PLS;JN19;2
F5POE;JN18;31
F5POJ;JN19;8
F5PP;JO10;321
F5PSR;JN13;2
F5PUL;JN28;2
F5PUS;IN96;1
F5PVJ;JN23;65
F5PZ;JN23;1
F5PZT;JN38;11
F5PZT;JN16;1
F5RAV;JN09;152
F5RD;JN16;1706
F5RMK;IN98;5
F5RQQ;JN15;4
F5RRS;JN36;82
F5RUE;IN94;280
F5RVI;JN13;1
F5SCC;JN38;3
F5SG;JN37;17
F5SGI;IN87;1
F5SIZ;JN13;1
F5SJC;JN05;2
F5SJF;JN08;21
F5SLD;JO10;23
F5SOI;JN04;4
F5SPJ;JN33;2
F5SPJ;FN77;1
F5SSQ;JN06;7
F5STL;JN03;1
F5SVU;IN95;1
F5SYF;JN15;1
F5SZB;IN95;8
F5SZB;JN95;1
F5SZY;IN96;5
F5SZY;JN16;1
F5TIL;JN36;2
F5TIL/P;JN25;2
F5TLZ;JN29;3
F5TMJ;JN03;897
F5TMJ/P;JN13;1
F5TTI;JN16;1
F5TYY;JN09;235
F5UGX;JO10;1
F5UJA;JN38;1
F5UJQ;IN94;10
F5UKW;JN12;5
F5UOU;JN06;2
F5URG;JN03;8
F5USK;JN03;10
F5VDM;IN96;2
F5VHQ;JN23;3
F5VKQ;JN39;1
F5VKV;JN33;2
F5VLQ;JN18;6
F5VMH;JN08;4
F5VNA;JN13;2
F6AAP;IN98;2
F6AGM;JN13;158
F6AJK;JN19;2
F6ALX;JN18;3
F6AOJ;JN08;1
F6APU;JN38;5
F6ARS;JN38;55
F6ASP;JO00;1
F6AUS;IN96;237
F6BBO;JN18;2
F6BBQ;JO10;19
F6BCL;JN13;20
F6BEC;JN38;5
F6BFH;IN95;53
F6BFH;JN23;1
F6BHK;JN24;13
F6BIA;JN18;55
F6BKV;JN04;2
F6BLP;IN94;123
F6BLP;IN97;8
F6BLP;IN65;1
F6BNX;JN33;15
F6BPZ;JN35;13
F6BQG/P;IN98;5
F6BQG/P;JN18;1
F6BTP;JN09;6
F6BTP;JN16;1
F6BTR;IN87;1
F6BZT;JN23;1
F6CAM;JO10;6
F6CBA;IN93;2
F6CBN;IN87;2
F6CCH;IN96;2
F6CCS;JN27;26
F6CEE;IN94;1
F6COA;JN09;5
F6COZ;JN24;1
F6CSQ;JN37;5
F6DAY;JN05;6
F6DED;IN97;1
F6DEG;JN19;2
F6DKZ;JN37;2
F6DPD;JN08;3
F6DPT;JN18;6
F6DWX;JN36;1
F6DZU;IN94;29
F6DZU;JN16;1
F6EAO;JN18;31
F6EAO;JN16;1
F6EAZ;JN27;16
F6ECI;JN05;135
F6ECI;JN16;1
F6EED;JN33;204
F6EKI;JN23;3
F6EKU;JN05;1036
F6EKU;JO10;3
F6EKU;JM05;1
F6EKU;KN45;1
F6EPM;IN95;1
F6EQZ;JN19;246
F6EQZ;JN17;1
F6EXG;JN33;1
F6EYB;IN93;3
F6FDY;JN33;523
F6FFA;JN15;7
F6FHO;JN26;50
F6FHZ;JN18;29
F6FPT;JN04;1
F6FTB;JN27;125
F6FYY;JN18;1
F6GAQ;JN23;5
F6GCP;JN18;11
F6GCT;JN18;2
F6GEU;IN97;1
F6GGA;JN37;497
F6GGX;JN03;12
F6GLF;IN87;1
F6GNR;IN97;7
F6HIQ/P;IN93;1
F6HLC;JN26;2
F6HRP;IN88;3
F6HSJ;JO10;9
F6HTG;JN23;1
F6HUJ;JN03;1
F6HUK;JN06;10
F6HVD;JN05;1
F6ICV;JN29;1
F6IFX/P;IN87;1
F6IGI;JO10;1
F6IJT;IN88;1
F6IPL;IN95;2
F6IPT;JN26;2
F6IRA;IN94;373
F6IRG;JN25;131
F6IRZ;JN16;1
F6ISI;JN13;1
F6ITD;JN03;427
F6JON;JN05;15
F6JPN;JO10;1
F6JSZ;IN99;338
F6JTK;JO10;1
F6JUW;JO10;9
F6KBF;JN18;124
F6KBK;JN18;1
F6KHM;IN78;61
F6KKR;JN08;6
F6KNB;IN94;1
F6KNJ;JN38;1
F6KUF;IN96;1
F6OBD;JN33;1
F71SVF/R;IN87;1
F86FAZ;PA41;1
F8AEJ;JN08;6
F8AGD;JN33;4
F8AIP;JN17;2
F8AJD;IN96;13
F8ARK;IN94;4
F8ATM;JN03;2
F8ATS;JN18;1
F8AWF;JN37;3
F8BDQ;JN17;24
F8BFU;IN88;5
F8BJI;IN96;3
F8BJI;JN18;1
F8BJK/P;JN18;2
F8BMB;JN07;2
F8BON;IN86;4
F8BQF;JN05;1
F8BUI/P;JN04;4
F8BUO;JN37;1
F8BVP;JN25;1
F8CFO;JN15;1
F8CGL;JN08;1
F8CRS;JN38;3
F8DBF;IN78;320
F8DDG;JO10;9
F8DFB;IN78;1
F8DWH;IN94;1
F8DZU;JN15;2
F8FFO;JN07;22
F8FHI;JN26;2
F8FTY;IN78;1240
F8FUA;JN04;10
F8FUA;IN99;1
F8GB;IN97;1
F8JIR;JN34;4
F8KFQ;JN03;2
F8MGW;JN06;5
F8MRQ;JN17;16
F8MRQ;JN16;1
F8NHF;JO10;13
F8NJ;JN28;3
F8RZ;IN95;23
F8RZ;JN18;1
F8TMQ;JN25;1
F8TRT;JN33;8
F8VNU;JN13;5
F9PK;JN33;1
FA4IGG;GH44;1
FB4JGE;DK33;1
FG/F4IDN;FK96;1
FG1AG;FK96;1
FG1GW;FK96;2
FG4AO;OF78;1
FG4NO;FK96;2
FG4ST;FK96;5
FG4SU;FK96;1
FG5BZ;FK96;1
FG5FU;FK96;3
FG5GH;FK96;1
FG5GP;FK96;11
FG8OJ;FK96;3
FK4AP;RG37;3
FK4TK;RG37;3
FK8BG;RG37;1
FK8CE;RG28;287
FK8GM;RG37;8
FK8GX;RG28;10
FK8HA;RG37;2
FK8HC;RG37;4
FK8HM;RG37;194
FK8HM;RD37;1
FM4SA;FK94;2
FM4SK;FK94;17
FM4TI;FK94;1
FM5GB;FK94;1
FO5QS;BN43;1
FR4BI;LG79;3
FR4KM/P;LG78;2
FR4NB;LG79;1
FR4NT;LG78;3
FR4OM;LG78;10
FR4OZ;LG79;2
FR4UB;LG79;2
FR5CB;LG79;35
FR5ZE;LG79;2
FR5ZE;OF78;1
FR8TZ;LG79;1
FR8UA;LG79;5
FR8UA;LG78;1
FW1JG;AH16;15
FY4JI;GJ34;1
FZ8UCK;IF60;1
G05YTC/P;CK49;1
G0ABI;IO80;1
G0ACQ;IO80;5
G0AIX;IO70;1
G0AJH;JO01;3
G0AJJ;JO02;179
G0ALI;IO81;2
G0ANH;IO94;7
G0ANS;JO01;3
G0ATR;IO92;77
G0AZH;IO83;2
G0BAT;IO92;1
G0BBB;IO91;1
G0BIX;JO01;31
G0BLB;IO81;118
G0BLS;IO82;9
G0BQB;IO93;7
G0BRC;JO01;1
G0BVD;IO70;1
G0CER;IO82;452
G0CER;JO89;1
G0CHE;IO90;2
G0CQZ;IO91;2
G0CTP;IO83;1
G0CWP/A;IO91;2
G0CWP/A;IO84;1
G0CXW;JO01;140
G0DBE;IO83;1
G0DLV;IO70;7
G0DOR;IO83;1
G0DPB;IO90;1
G0DUQ;IO82;1
G0ERF;IO91;1
G0FCU;IO91;1
G0FEA;JO02;2
G0FEA;JO01;1
G0FGI;IO81;160
G0FHH;IO80;6
G0FHM;JO02;11
G0FHT;IO70;2
G0FIC;IO70;1
G0FKF;IO70;2
G0FOG;IO92;45
G0FQA;IO92;3
G0FSD;IO70;6
G0FVH;IO80;1
G0FWX;IO82;1
G0FYQ;IO93;4
G0FZH;IO92;1
G0GDA;JO01;6
G0GFC;IO92;2
G0GGG;IO81;9
G0GOT;JO01;1
G0GQT;JO01;64
G0GTV;IO93;6
G0H;IO94;615
G0HDB;IO82;882
G0HDB;OI82;1
G0HDV;IO93;1605
G0HDV;FJ11;1
G0HDV;JO93;1
G0HEU;IO94;462
G0HHN;IO91;2
G0HVQ;IO81;5
G0IEE;JO01;1
G0IKR;IO92;1
G0IUE/P;IO81;1
G0IXE;IO94;2
G0IYV;IO93;8
G0JCC;IO82;7
G0JDK;IO93;41
G0JDL;JO02;14
G0JEI;IO93;52
G0JHC;IO83;3
G0JKY;IO82;1
G0JNH;IO83;5
G0JNQ;IO93;15
G0JOH;JO01;3
G0JTB;IO82;3
G0JUR;IO92;1
G0KEE;IO84;3
G0KKQ;IO82;3
G0KKQ;IO91;2
G0KOI;IO92;2
G0KPH;IO92;34
G0KSC;JO01;3
G0KUC;IO91;7
G0LGS;IO81;3
G0LHX;IO80;1
G0LNI;IO80;1
G0LPI;IO91;1
G0LRD;JO02;94
G0LUH;IO91;18
G0MBA;JO01;1
G0MGX;IO93;23
G0MKI;IO91;2
G0MRF;IO91;10
G0MTK;IO90;2
G0MTN;IO92;81
G0MUC;JO00;14
G0NGL;IO83;14
G0NRL;JO01;5
G0OFC;IO92;1
G0OFD;JO02;2
G0OIL;IO93;2
G0OIL;AA11;1
G0OJB;JO02;2
G0OJJ;JO02;1
G0OJX;IO80;1
G0OOF;IO81;37
G0OOR;JO02;26
G0OPI;IO90;1
G0ORH;IO91;1155
G0ORH;IN89;1
G0OSK;IO91;316
G0OSK;JN45;1
G0OUN;IO93;1
G0OXY;IO92;8
G0OYQ;IO93;63
G0PBE;IO83;101
G0PHP;IO93;4
G0RAS;IO91;156
G0RDG;IO92;1
G0RDU;IO92;67
G0ROG;IO91;2
G0RPM;IO91;207
G0RQL;IO70;5
G0RTI;IO92;1
G0RVM;IO81;2
G0RVY;JO01;88
G0SBN;IO95;1
G0SCV;IO94;1
G0SOR;IO91;33
G0TAA;IO90;1
G0TFD;IO82;1
G0TSM;IO90;2
G0TVM;IO93;4
G0UBX;IO92;1
G0UYA;JO02;1
G0VDE;JO02;1
G0VDZ;IO91;139
G0VHH;JO02;1
G0VLF;IO94;24
G0VNP;IO90;1
G0VRX;IO83;1
G0VUH;IO93;2
G0VXM;IO93;5
G0WCK;IO82;2
G0WEJ;IO91;6
G0WRE;IO83;8
G0WZM;IO91;6
G1BHG;IO90;1
G1BJC;IO92;2
G1BJE;IO92;5
G1BVI;IO91;8
G1COY;IO84;1
G1DLC;IO94;1
G1ECL;IO92;1
G1FHY;JO00;3
G1GEY;IO94;15
G1HCM;IO90;1
G1HMO;IO83;1
G1HQK;JO02;3
G1HWY;IO90;132
G1III;IO93;1
G1IKH;IO92;1
G1INU;IO83;1
G1IPU;JO01;13
G1ISP;IO93;1
G1JCW;IO83;1
G1JSP;IO92;3
G1KIK;IO93;7
G1LQT;IO70;4
G1LQT;IO92;1
G1LYX;IO91;2
G1MHU;IO93;6
G1MPC;IO91;1
G1NFT;IO94;218
G1NPN;IO83;1
G1NXS;IO83;4
G1NYN;IO93;1
G1OCN;IO80;64
G1OVA;IO93;6
G1PQR;IO92;2
G1PZS;JO01;1
G1RAF;IO91;3
G1SUM;IO95;1
G1SWH;IO83;1
G1TBM;IO91;1
G1VDP;IO92;1
G1VRJ;IO91;1
G1VWC;IO92;1
G1VXD;IO83;1
G1WVK;IO81;1
G1XVW;IO91;3
G1YEF;IO83;4
G1YPG;IO82;4
G1YVH;IO84;1
G1ZGC;IO80;1
G1ZHD;IO92;19
G1ZOM;IO83;2
G1ZTN;IO90;1
G2DP;IO93;7
G2K;IO91;2
G2KS;IO84;4999
G2M;IO82;1153
G2M;IO92;1
G2U;IO91;1009
G2U;IO93;3
G3ATA;JO01;1
G3CNO;IO90;1
G3EJS;IO92;28
G3IGU;IO93;5
G3IOI;IO81;6
G3JFS;IO70;1
G3JIR;IO83;1
G3KNU;IO93;10
G3LHJ;IO80;131
G3MLO;JO01;2
G3MPN;JO02;1
G3NYY;IO82;31
G3OAG;IO83;5
G3OGE;IO93;4
G3ORY;IO92;35
G3PGA;IO71;3
G3PHO;IO93;11
G3PXT;JO02;236
G3RED;IO92;1
G3RIK;IO83;473
G3RKF;IO83;123
G3RKF;IN99;1
G3RLE;IO83;434
G3RLX;IO93;3
G3RTE;IO91;1
G3RWF;JO01;2
G3SAZ;IO90;166
G3SED;IO90;1
G3TKK;IO83;5
G3TXF;IO91;647
G3TXF;IO71;410
G3TXZ;JO01;17
G3TXZ;IO91;1
G3UAS;IO91;39
G3UCQ;IO70;385
G3UHU;IO80;6
G3VAO;IO82;13
G3VGZ;IO94;1069
G3VGZ;IO53;1
G3VMW;IO93;2
G3VMY;IO91;19
G3WGC;JO02;2
G3WJG;IO91;2
G3WPH;IO91;441
G3WPH;FN34;1
G3WVG;IO91;33
G3WZK;IO91;2
G3XBI;IO81;7
G3XBI;IO91;1
G3XKT;IO92;2
G3XLF;IO83;1
G3YBO;IO93;521
G3YBO;JN48;1
G3YEU;IO81;2
G3YFO;IO91;2
G3YHN;IO92;1
G3YJQ;IO70;216
G3YMW;JO02;1
G3YPP;JO02;14
G3YQA;IO93;23
G3YSK;IO91;3
G3YTY;IO91;17
G3YUE;IO91;1
G3YVH;IO83;4
G3YVY;IO94;16
G3YZO;JO02;12
G3ZCH;IO83;3
G3ZDQ;IO80;1
G3ZOH;JO01;2
G3ZQQ;IO82;27
G3ZRN;IO83;3
G40OUV/R;RQ98;1
G4AEH;IO92;1
G4AJC;IO91;1
G4AKE;IO92;2
G4AMT;IO70;4
G4ANS;IO82;2
G4ATX;JO01;5
G4AWA;IO90;554
G4BAO;JO02;1
G4BEE;IO83;1
G4BEH;IO92;1
G4BHE;IO91;5
G4BHT;IO92;2
G4BPJ;IO70;3
G4BWQ;IO90;2
G4CEP;IO92;2
G4CFS;IO91;7
G4CJC;IO91;2
G4CLO;JO02;1
G4CPA;IO93;2
G4CTP;IO91;122
G4CTY;JO01;20
G4CTY;IO92;1
G4CUS;JO00;365
G4CXT;JO02;2
G4DBW;JO01;39
G4DBW;IO92;1
G4DCD;IO92;2
G4DDL;IO91;693
G4DDP;JO01;5
G4DFQ;IO82;1
G4DFQ;IO83;1
G4DZE;IO92;6
G4DZL;IO92;1
G4EBK;IO93;10
G4EBY;IO91;459
G4EHN;IO91;4
G4EII;IO83;3
G4EIX;IO82;1
G4EKJ;IO93;64
G4EZT;IO92;1
G4FFJ;IO95;200
G4FFY;JO01;1
G4FIE;IO92;3
G4FLM;IO94;1
G4FTC;IO91;10
G4FVP;IO94;1
G4FYI;IO90;1
G4GNG;KN77;1
G4GSA;IO81;2
G4GVB;JO02;20
G4GZG;IO80;1
G4HBI;IO83;107
G4HCC;IO83;1
G4HDY;IO91;1
G4HGV;IO91;2
G4HGV;JO91;1
G4HLX;IO91;1
G4HUE;IO92;2
G4HUK;IO80;7
G4HXC;IO92;2
G4HZW;IO83;9
G4IFX;IO91;2
G4IIY;IO85;4
G4IJC;JO02;6
G4IRN;IO82;1
G4IRQ;IO91;1
G4ISN;IO92;1
G4ITR;IO95;16
G4IUA;IO91;3
G4IUP;IO93;3
G4JBA;IO90;337
G4JDT;JO01;2
G4JFK;IO91;1
G4K;IO91;370
G4K;IO92;1
G4KHG;IO83;9
G4KHX;IO92;2
G4KRN;IO83;2
G4KUD;IO93;340
G4KVI;IO81;2
G4LDC;IO90;1
G4LDD;IO83;1
G4LDT;IO94;4
G4LHT;IO91;3
G4LPP;JO02;202
G4LPP;IO92;1
G4MDH;IO91;2
G4MHJ;JO01;2
G4MKR;IO92;2
G4MQL;IO81;3
G4MSA;IO90;35
G4NAQ;IO81;13
G4NBS;JO02;2201
G4NRL;JO02;53
G4NSO;IO93;6
G4NVR;IO95;191
G4NVT;JO01;5
G4NXG;IO83;1
G4NXG/M;IO83;71
G4NXG/M;IO91;1
G4OBK;IO94;3
G4OED;IO91;700
G4OGI;JO01;1
G4OJD;IO80;11
G4OJH;JO01;15
G4OVR;IO93;1
G4OWT;IO90;169
G4OWT;JO00;1
G4OYN;IO92;2
G4OZG;JO02;356
G4PEY;IO91;5
G4PIQ;JO02;30
G4PIQ;JO01;1
G4PMZ;IO91;13
G4PNF;JO02;2
G4PWA;IO81;5
G4RIQ;IO93;16
G4RIQ;IO91;1
G4RUJ;JO01;1
G4SEN;IO70;1
G4SFS;IO81;21
G4SJG;IO92;8
G4SJX;IO92;191
G4SPE;IO81;14
G4SRD;IO81;1
G4SWR;IO92;6
G4SZD;IO94;1
G4TCI;IO81;19
G4TJJ;IO93;1
G4TML;IO93;1
G4TZX;JO01;1
G4UCJ;IO91;204
G4UGB;IO84;2
G4USI;IO81;14
G4UZG;IO93;8
G4VJN;IO92;1
G4VMF;IO80;1
G4VPD;IO92;1
G4VVP;IO81;1
G4VWI;IO92;3
G4VYC;IO90;4
G4WGE;IO91;291
G4WKY;IO92;1
G4WQG;IO91;1
G4WWG;IO83;6
G4XEE;IO90;5
G4XEX;IO92;134
G4XEX;IO09;1
G4XEXY;IO92;1
G4XFG;JO03;3
G4XLO;IO80;7
G4XRX;IO83;6
G4YBU;IO91;1
G4YDL;IO91;1
G4YDM;IO94;1
G4YKQ;IO91;2
G4YLJ;IO83;9
G4YLJ;IO91;1
G4YMB;IO94;1
G4YTK;IO92;1
G4YXG;JO01;2
G4ZAM;IO91;7
G4ZFJ;JO01;30
G4ZNY;IO92;17
G4ZSV;IO91;2
G4ZTY;IO92;8
G4ZZL;JO01;123
G5CTH;IO91;4
G5DSG;IO93;14
G5EDW;IO91;1
G5HVH;IO93;6
G5LP;IO92;1928
G5LSI;IO93;2
G61QZT;BF26;1
G6BCC;IO93;2
G6BCC;IO91;1
G6BFP;IO91;1
G6CUT;IO90;3
G6DXY;IO91;2
G6EES;IO91;101
G6EPN;IO91;1
G6EVD;IO92;2
G6EXF;IO92;7
G6FEX;IO81;16
G6FOV;IO70;3
G6GA;IO82;15
G6GLP;IO80;2
G6HUI;IO81;6
G6HXL;IO83;1
G6IQI;IO91;1
G6JFU;IO93;1
G6KHK;IO91;1
G6KHW;IO91;358
G6KUI;IO92;4
G6LTT;IO91;3
G6LUE;IO93;11
G6MHO;IO83;1
G6MVF;IO93;2
G6MXL;IO80;242
G6NRK;IO83;1
G6NWF;IO81;1
G6NYG;IO82;1
G6ODT;IO92;2
G6OPV;IO83;1
G6ORT;IO83;28
G6PAA;IO92;3
G6PCU;IO83;1
G6PWS;IO91;8
G6RNR;IO94;1
G6RST;IO90;2572
G6RST;IO92;1
G6TAI;IO83;14
G6TEL;IO90;2
G6TEQ;IO80;1
G6TUS;JO02;29
G6UED;IO92;1
G6UVL;JO01;10
G6XJZ;IO90;1
G6XOU;JO01;5
G6ZRV;JO02;42
G6ZRV;IO92;1
G6ZXO;IO93;1
G6ZYF;IO92;7
G7AAY;IO92;4
G7AFT;IO90;1
G7AMD;IO82;2
G7AQK;JO01;1
G7BEH/P;IO80;1
G7BHU;IO93;3
G7BTP;IO93;2
G7BXU;IO91;1
G7CNF;IO81;5
G7CQW;IO83;3
G7D;IO91;3
G7DCT;IO93;1
G7FSD;IO92;1
G7FTN;IO83;10
G7GQP;IO94;2
G7GXK;IO90;1
G7HCE;IO80;1
G7HKP;IO83;1
G7HMS/A;JO01;1
G7HXI;JO02;1
G7HYS;IO81;67
G7IGC;IO92;20
G7IJI;IO92;5
G7ILZ;IO93;2
G7IXU;IO91;1
G7IYB;IO92;1
G7JUR;IO91;2
G7JWR/W4;EL98;1
G7KEJ;IO83;1
G7KFQ;IO70;9
G7KHF;IO94;1
G7KHV;IO93;6
G7LHK;IO92;2
G7LHS;IO83;1
G7LLQ;IO83;1
G7LVN;IO81;2
G7LVN;IO91;1
G7MJX;JO02;1
G7MLL;IO93;1
G7NIB;IO82;2
G7NIP;IO84;2
G7NVQ;IO81;3
G7OCK;IO94;1
G7OCK/A;IO84;1
G7OED;JO01;1
G7PBX;IO82;5
G7RAU;IN79;5
G7RES;IO90;1
G7RHF;IO82;9
G7RMG;IO80;8
G7RTI;IO91;121
G7SLP;IO94;2126
G7SLP;IO84;1
G7SLP;IO91;1
G7SQC;IO90;29
G7SQS;IO81;1
G7SSE;IO92;2
G7SVB;IO90;1
G7SWS;IO92;10
G7SYW;JO01;1
G7TKJ;IO94;1
G7TNC;IO92;3
G7TVI;IO93;1
G7TVU;IO93;1
G7TWC;IO91;28
G7UTB;JO01;3
G7UXW;IO83;4
G7VGY/P;IO90;1
G7VNC;IO81;5
G7VQV;IO90;1
G7VRD;IO81;2
G7WCI;IO91;1
G7WIR;JO01;4
G7WJW;JO01;1
G8AFN;IO80;102
G8AGC;IO91;2
G8AJM;IO91;43
G8AJM;JO03;1
G8BCG;IO70;121
G8BCG;JO02;1
G8BHX;IO83;1
G8BIJ;IO91;1
G8BQR;IO82;1
G8CQX;IO80;1
G8CRB;JO02;2
G8CVS;IO91;52
G8CYK;JO01;6
G8DCJ;IO92;2
G8DDR;IO83;1
G8EEM;IO93;1
G8ELW;IO81;1
G8EQY;IO92;5
G8ERJ;EL96;2
G8FCQ;IO92;89
G8FEK;IO93;3
G8FGK;IO94;2
G8GHD;IO90;2
G8GNI;IO91;1
G8HGN;JO01;32
G8HRZ;IO92;56
G8HXE;IO83;4
G8IHT;IO94;3
G8ILW;IO83;1
G8IXM;JO02;22
G8IXM;JO22;1
G8IXM;JO40;1
G8JGF;IO91;5
G8JRZ;IO83;1
G8JYV;IO83;1
G8KBM;IO92;2
G8KEK;IO91;2
G8KHF;IO92;19
G8KJJ;IO92;2
G8KOC;JO02;2
G8KVP;IO81;2
G8LOJ;IO80;1
G8MFI;IO92;2
G8MIA;IO92;11
G8NRY;IO93;2
G8NRY/P;IO91;1
G8NSZ;IO81;1
G8OLA;IO90;53
G8OO;JO02;804
G8OUX;JO01;1
G8PGO;IO92;117
G8PHM;JO01;1
G8RAU;JO01;8
G8RAU;IO92;1
G8REM;IO93;2
G8RKE;IO90;1
G8RZ;IO84;3277
G8RZ;JO01;1
G8RZ;KP20;1
G8SEI;IO92;3
G8TPM;IO82;2
G8UBJ;IO91;3
G8UBP;IO83;1
G8VJU;JO01;3
G8VVY;IO81;1
G8XDD;IO90;3
G8XDD/P;IO90;2
G8XIR;JO01;3
G8XXJ;JO00;36
G8YPE;IO92;2
G9D;JO01;255
GA5QRM;NC16;1
GB0AAD;IO92;1
GB0CJM;IO93;2
GB0DMC;IO92;1
GB0RD;IO91;2
GB0SL;IO92;4
GB1LRS;IO92;21
GB75ISWL;JO01;2
GB9WHP;IO84;1
GD0TEP;IO74;44
GD6ICR;IO74;2
GD7QXW;KI81;1
GE0KUC;IO91;1
GE1SDX;IO80;17
GE4XEX;IO92;2
GE4XEX;IO91;1
GF9UMA;OR44;1
GH5DX;IN89;6
GHKJGHK;LN05;1
GI0KMX;IO64;2
GI0LDI;IO65;2
GI0OTC;IO65;4
GI1AOT;QF72;1
GI3KVD;IO65;2
GI4EBS;IO65;3
GI4FHB;IO64;1
GI4JTF;IO74;19
GI4NFH;IO64;3
GI4NKB;IO74;10
GI4OWA;IO64;4
GI4RNP;IO74;1
GI4SIZ;IO65;1
GI4SNA;IO64;88
GI4SNA;GI48;1
GI4SNA;IO61;1
GI4SNA;IO84;1
GI4SZU;IO65;7
GI4SZW;IO64;1
GI4TMB;IO74;1
GI4VHO;IO64;1
GI5CEO;IO74;13
GI5KSO;IO74;6
GI5RDG;IO64;1
GI5RPG;IO64;10
GI5RRY;IO64;1115
GI6ATZ;IO74;1
GI6ISW;IO64;42
GI6KDN;IO74;1
GI7AXB;IO74;100
GI7KMC;IO74;1
GI7MWA;IO64;1
GI7NKK;IO74;862
GI7ULG;IO64;2
GI8GZM;IO64;3
GJ0KUZ;IN89;1
GJ0KYZ;IN89;4303
GJ0VJP;IN89;6
GJ6WRI;IN89;4
GJ7DNI;IN89;1
GL8QFG;RF19;1
GM0AZC;IO86;56
GM0DYU;IO97;6
GM0EZP;IO75;1
GM0GDD;IO75;8
GM0GMN;IO75;29
GM0HTT;IO89;2
GM0HUU;IO75;109
GM0HYY;IO75;1
GM0HZI;IO86;1
GM0IMH;IO86;2
GM0KWW;IO75;2
GM0LIR;IO85;7
GM0MEM;IO76;1
GM0UEJ;IO75;1
GM0VGI;IO87;4
GM1DSK;IO86;11
GM1SXW;IO75;3
GM1TBW;IO97;1
GM2TT;IO75;50
GM3JW;IO85;1
GM3MZX;IO74;3
GM3PIL;IO87;2
GM3PPE;IO85;2
GM3RTG;IO87;4
GM3WOJ;IO77;52
GM3YTS;IO86;28
GM4CAQ;IO85;1
GM4CXM;IO75;82
GM4FBX;IO85;3
GM4FDM;IO75;13
GM4HCY;IO85;2
GM4JKZ;IO85;533
GM4LER;IP90;1
GM4LIS;IO75;1
GM4SJB;IO88;3
GM4SUF;IO77;14
GM4TOE;IO87;1
GM4ULS;IO86;14
GM4VAC;IO77;9
GM4VYQ/P;IO75;1
GM4YLN;IO85;1
GM4YTD;IO74;2
GM4ZJI;IO86;3
GM4ZTO;IO75;2
GM5ALX;IO87;2
GM5BDX;IO75;34
GM5DDX;IO75;1
GM6NX;IO86;2
GM6WBV;IO85;1
GM6ZAK;IO86;1
GM7ANE;IO75;1
GM7GAX;IO86;4
GM7JQK;IO85;1
GM7LWA;IO87;6
GM7MTK;IO75;6
GM7TFN;IO75;3
GM7TUD;IO85;372
GM7TUD;JO85;1
GM7VCV;IO75;1
GM8MJV;IO85;12
GN2HYN/R;IB48;1
GN8YEY;JM47;1
GQ4KUD;IO93;1
GQ9IU;JK45;1
GR8Z;IO84;1
GS0SP;IO75;1
GS3XSE/R;IM04;1
GS5DX;IO86;4
GS6URF;QP49;1
GS8VL;IO78;3
GS8VL;IO85;1
GU0GUX;IN89;2
GU0SUP;IN89;14
GU0UVH;IN89;72
GU0VPA;IN89;3
GU3HFN;IN89;1
GU4WRP;IN89;4
GU4XGU;IN89;1
GU4YBW;IN89;1
GU5WZY;IN89;2
GU7DAI;IN89;21
GU8FBO;IN89;11
GW0A;IO81;141
GW0ARK;IO81;311
GW0DSJ;IO83;4
GW0KIG;IO81;3
GW0KQX;IO82;1
GW0KRL;IO73;277
GW0LGN;IO83;1
GW0MAV;IO81;4
GW0NGA;IO82;16
GW0NKG;IO81;17
GW0RAD;IO81;1
GW0RTP;IO81;1
GW0RYT;IO81;391
GW0TKX;IO81;3
GW0VSW;IO81;3
GW0WZL;IO73;1
GW1GAU;IO81;1
GW1IOT;IO81;12
GW1PJP;IO81;1
GW3SFC;IO81;11
GW3TYI;IO81;1
GW4AYJ;IO81;2
GW4BKG;IO81;1
GW4FFH/P;LH78;1
GW4FRX;IO82;4
GW4HBS;IO83;2
GW4HBS;IO97;1
GW4HDR;IO83;1
GW4JDZ;IO81;2
GW4SHF;IO82;1
GW4SKA;IO81;4
GW4SKA;IO44;1
GW4TPG;IO81;1
GW4WOV;IO81;1
GW4XMR;IO71;43
GW4ZUA;IO81;1
GW5NIC;IO81;1
GW5PH;IO81;2
GW5VOG;IO81;2
GW6CZE;IO81;1
GW6LUT;IO81;1
GW6XSP;IO81;1
GW7EVG;IO83;1
GW7HQL;IO81;3
GW7SAB;IO81;1
GW8PSJ;IO72;2
GW8WND;IO83;4
GX3WSC;IO91;1
GX4BJC/P;JO02;4
GX4CRC;IO70;4
GX4CRC;IO91;1
GX5DX;JO02;99
GX5DX;IO92;2
GY4NE;FK90;1
H1RMFR;FK48;1
H32AT;FJ09;8
H40XEF/R;OQ64;1
H44MI;RI01;11
H44MS;RI01;1
H6TM;KM75;1
H82AT;FJ09;6
HA/DK7TM;JN97;1
HA/IK2UME;JN96;3
HA/IK2UME;JO86;1
HA/PD1JOL/M;JN86;1
HA01FF;KN08;2
HA0AA;KN08;43
HA0DR;KN07;10
HA0DS;KN07;1
HA0DX/QRP;KN07;1
HA0EL;KN07;1
HA0GK;KN17;129
HA0HH;KN07;5
HA0HV;KN07;1
HA0IH;KN07;2
HA0ML;KN17;1
HA0NAR;KN07;1
HA0NDN;KN07;5
HA0OH;KN07;8
HA0OH;JO04;1
HA1AD;JN87;23
HA1BC;JN97;1
HA1BF;JN86;54
HA1BF;JN97;1
HA1BL;JN87;9
HA1BLA;JN87;18
HA1DAE;JN87;2075
HA1DAE;KP22;1
HA1DCQ;JN87;2
HA1DFF;JN87;77
HA1DJF;JN86;8
HA1DSL;JN86;7
HA1DUQ;JN86;3
HA1DW;JN87;2
HA1KED;JN87;1
HA1MZX;JN87;8
HA1NB;JN87;8
HA1NBS;JN87;1
HA1RB;JN86;28
HA1SU;JN87;5
HA1TAB;JN87;1
HA1TIB;JN86;6
HA1TJ;JN87;376
HA1TJ;JN14;1
HA1TOM;JN97;1
HA1YI;JN86;4
HA1YN;JN87;3
HA1ZH;JN86;4
HA1ZW;JN86;49
HA2BJ;JN97;1
HA2D;JN87;5
HA2EOA;JN87;10
HA2EOA;JN97;1
HA2EOU;JN87;182
HA2EOU;JN97;1
HA2KF;JN97;1
HA2MY;JN97;1
HA2NP;JN97;5
HA2NW;JN97;1
HA2PP;JN87;11
HA2PWR;JN97;1
HA2SK;JN86;262
HA3FIC;JN96;5
HA3FMR;JN97;78
HA3FMR;JN96;1
HA3FPG;JN86;1
HA3FUP;JN96;83
HA3GB;JN86;1
HA3HA;JN86;5
HA3HA;JN97;1
HA3HT;JN97;3
HA3HT;JN86;2
HA3HX;JN86;1
HA3IC;JN86;2
HA3KMF;JN96;865
HA3KMF;JN95;86
HA3KMF;JN26;1
HA3MK;JN96;1
HA3MN;KN17;1
HA3MQ;JN95;5
HA3OU;JN96;439
HA3PJ;JN95;1
HA3PP;JN95;1
HA3PT;JN96;28
HA3PV;JN96;2
HA3TBL;JN86;5
HA4CM;JN96;1
HA4YF;JN97;1
HA5AEK;JN97;7
HA5AGP;JN97;1
HA5AIL;JN96;1
HA5AJZ;JN97;2
HA5AO;JN97;5
HA5AQ;KN07;10
HA5AVV;JN97;18
HA5BEN;JN97;3
HA5BGG;JN97;2
HA5BP;JN97;9
HA5BSW;JN97;7
HA5CPN;JN87;4
HA5DI;JN97;3
HA5DOS;JN97;11
HA5GN;JN97;1
HA5IS;JN97;1
HA5IZ;JN97;4
HA5JP;JN97;4
HA5KN;JN97;17
HA5KY;JN97;127
HA5LV;JN97;1
HA5LW;JN97;1
HA5MG;JN97;1
HA5OB;JN97;4
HA5OLA;JN97;1
HA5OM;JN97;1
HA5OV;JN97;1
HA5PP;JN97;1
HA5PT;JN97;2
HA5RE;JN97;1
HA5SAN;JN97;1
HA5SPA;JN97;1
HA5TI;JN97;3
HA5VQ;JN97;6
HA5VZ;JN97;3
HA5WV;JN97;328
HA5XT;JN97;1
HA6NL;KN08;2266
HA6NL;JN98;40
HA6NL;KN00;1
HA6NL;RN08;1
HA6NN;JN98;449
HA6NN;KN41;1
HA6QS;JN97;1
HA6ZB;KN07;1
HA6ZX;JN97;1
HA70MAV;JN97;2
HA7AVU;JN97;5
HA7BN;JN97;2
HA7BX;JN97;1
HA7CD;KN07;1
HA7CH;JN97;238
HA7DA;KN07;2
HA7EC;JN97;5
HA7EG;JN97;3
HA7IL;JN97;1
HA7IQ;JN97;2
HA7IQ;IN97;1
HA7JAZ;JN97;3
HA7JDU;JN87;5
HA7JGQ;JN97;1
HA7JIV;JN97;16
HA7JQ;KN07;1
HA7KLA;KN06;1
HA7LAD;KN07;5
HA7LJ;KN07;21
HA7ME;KN07;252
HA7MG;JN97;1
HA7NB;KN07;22
HA7NL;KN07;1
HA7SC;JN97;2
HA7TM;JN97;81
HA7VSA;KN07;1
HA7XC;KN07;2
HA7XL;JN97;12
HA8AU;KN06;7
HA8BIT;JN97;2
HA8BT;KN06;4
HA8DG;JN96;9
HA8GJG;JN96;2
HA8HL;JN97;1
HA8IB;KN07;2
HA8KM;JN96;2
HA8LFM;KN06;2
HA8LHB;JN96;1
HA8LHT;JN95;753
HA8LHT;JN65;1
HA8LN;KN06;3
HA8RC;JN96;8
HA8UM;JN96;2
HA8XI;JN96;4
HA8ZB;JN96;1
HA9GKL;KN08;5
HA9MDP;JN87;2
HA9PP;KN07;4
HA9RQ;KN08;3
HA9SB;KN08;7
HA9TA;KN08;47
HA9TA;JN97;1
HB0/HB9FXF;JN47;1
HB0BB;JN47;1
HB0CC;JN47;3
HB0RER;JN47;2
HB0WR;JN47;341
HB3XCE;JN46;1
HB3XGP;JN46;1
HB3XSS;JN46;46
HB3XUN;JN47;5
HB3XVJ;JN36;1
HB3YBG;JN36;13
HB3YBK;JN36;2
HB3YDA;JN46;4
HB3YDK;JN47;1
HB3YDV;JN37;5
HB3YFC;JN37;3
HB3YMW;JN47;1
HB3YOY;JN37;10
HB3YTW;JN47;2
HB3YYA;JN46;1
HB40OK;JN45;1
HB4XBU;OM91;1
HB5E;JN47;1
HB75ZRH;JN47;1
HB90CXZ;JN46;4
HB9ACA;JN36;7
HB9ALO;JN45;53
HB9AOF;JN36;1
HB9ARK;JN37;149
HB9AWS;JN46;1953
HB9AWS;JN36;1
HB9AWS;JN42;1
HB9BAS;JN37;66
HB9BDM;JN47;3
HB9BEI;JN37;3
HB9BIN;JN37;4
HB9BIN/P;JN37;1
HB9BNQ;JN37;3
HB9BOS;JN37;2
HB9BQP;JN36;2
HB9BRJ;JN47;140
HB9BTI;JN47;612
HB9BUN;JN47;645
HB9BXE;JN47;1
HB9BXQ;JN47;16
HB9CAL;JN47;1600
HB9CAO;JN47;1
HB9CAT;JN46;19
HB9CCM;JN47;10
HB9CEX;JN47;103
HB9CEX;JN06;1
HB9CEY;JN37;1
HB9CFU;JN46;1
HB9CGH;JN36;4
HB9CIC;JN47;1
HB9CNU;JN37;1
HB9COF;JN47;173
HB9COF;JN46;1
HB9CQK;JN47;2
HB9CQL;JN37;4
HB9CRE;JN36;8
HB9CRV;JN37;34
HB9CRY;JN37;331
HB9CUE;JN37;2
HB9CUZ;JN47;10
HB9CVE;JN47;39
HB9CVH;JN37;1
HB9CXK;JN47;2
HB9CXZ;JN46;40
HB9CYN;JN36;16
HB9CYT;JN36;1
HB9CYY;JN36;3
HB9CZE;JN47;1
HB9CZF;JN47;3560
HB9CZF;JN36;4
HB9CZF;KM47;1
HB9CZR;JN47;4
HB9DAZ;JN36;241
HB9DBM;JN47;3
HB9DCO;JN37;237
HB9DDO;JN47;734
HB9DDZ;JN47;5
HB9DET;JN36;1
HB9DFP;JN37;1
HB9DGM;JN37;1
HB9DGR;JN47;1
HB9DGZ;JN47;39
HB9DHG;JN46;377
HB9DHG;GK03;1
HB9DHG;JO32;1
HB9DKM;JN37;7
HB9DLI;JN37;3
HB9DPR;JN47;5
HB9DQK;JN47;1
HB9DQV;JN47;6
HB9DUJ;JN36;1
HB9DVH;JN36;62
HB9DVO;JN47;18
HB9DVX;JN36;5
HB9DVZ;JN47;112
HB9EAR;JN47;51
HB9EBM;JN37;134
HB9EBV;JN37;3
HB9ECS;JN37;9
HB9EDI;JN37;35
HB9EFJ;JN46;6
HB9EFK;JN46;41
HB9EFK;JN47;13
HB9EFN;JN36;1
HB9EHJ;JN47;2
HB9EKH;JN37;9
HB9EKI;JN47;2
HB9EKJ;JN47;2
HB9ELE;JN47;8
HB9ENR;JN47;1
HB9ERU;JN47;20
HB9ESC;JN37;1
HB9ETN;JN47;3
HB9EUP;JN47;3
HB9EUW;JN36;3
HB9EVI;JN37;1
HB9EXE;JN47;1
HB9EXQ;JN47;3
HB9EYP;JN36;3
HB9EZC;JN46;30
HB9FAN;JN46;10
HB9FAP;JN46;1
HB9FAW;JN46;28
HB9FAX;JN46;3
HB9FGI;JN36;1
HB9FGU;JN37;18
HB9FIL;JN36;3
HB9FIY;JN47;1
HB9FSA;JN36;2
HB9FSE;JN47;2
HB9FU;JN47;3
HB9FUR;JN47;1
HB9FVR;JN47;2
HB9FWP;JN46;5
HB9FXG;JN45;1
HB9FZX;JN37;1
HB9GFJ;JN36;962
HB9GFJ;JN35;1
HB9GFX;JN47;1
HB9GNH;JN47;10
HB9GPE;JN47;64
HB9GPG;JN47;3
HB9GPN;JN47;1
HB9GSE;JN46;2
HB9GVJ;JN36;1
HB9GWJ;JN36;6
HB9GWX;JN47;2
HB9GXK;JN36;1
HB9GXX;JN36;2
HB9GXX;JN47;1
HB9GYR;JN36;3
HB9GZD;JN36;1
HB9GZE;JN47;5
HB9GZS;JN45;12
HB9HBY;JN36;1
HB9HDI;JN47;13
HB9HDK;JN37;4
HB9HDW;JN37;1
HB9HFR;JN36;2
HB9HGD/P;JN47;24
HB9HGI;JN36;1
HB9HIK;JN37;1
HB9HIT;JN36;6
HB9HJF;JN47;1
HB9HJL;JN47;2
HB9HJU;JN47;2
HB9HJU;JN36;1
HB9HME;JN47;3
HB9HNC;JN47;1
HB9HNF;JN47;1
HB9HNF;KN04;1
HB9HOI;JN47;1
HB9HQX;JN36;207
HB9HRG;JN46;1
HB9HRL;JN37;2
HB9HRR;JN47;1
HB9HSC;JN36;2
HB9HSJ;JN47;30
HB9HSN;JN36;16
HB9HVG;JN36;11
HB9HVG;JN46;1
HB9HWI;JN36;1
HB9HXH;JN36;1
HB9HYO;JN36;1
HB9IIO;JN36;2
HB9IIR;JN36;5
HB9IKO;JN37;769
HB9ILY;JN36;3
HB9IMM;JN36;1
HB9IOI;JN47;1
HB9IOL;JN47;2
HB9IPY;JN36;1
HB9IRB;JN47;15
HB9JAB;JN47;6
HB9JAS;JN47;2
HB9JNM;JN47;163
HB9LBC;JN47;194
HB9LBC;JN46;1
HB9LBR;JN47;1
HB9LEK;JN47;1
HB9LEU;JN47;1
HB9LF;JN37;694
HB9LF;JN36;1
HB9MEJ;JN47;6
HB9MFM;JN37;259
HB9MOP;JN37;1
HB9MOW;JN47;2
HB9MVV;JN47;16
HB9MXY;JN36;10
HB9MZI;JN46;239
HB9NCZ;JN37;8
HB9OAB;JN46;520
HB9OAB;JN36;1
HB9OAO;JN46;2
HB9OCR;JN45;11
HB9OK;JN45;1034
HB9OK;JN46;13
HB9OK;JN64;1
HB9OK;JO45;1
HB9PAE;JN47;1
HB9PLH;JN47;5
HB9Q;JN47;1
HB9RB;JN37;1
HB9RJD;JN47;3
HB9RLM;JN37;4
HB9RLO;JN47;1
HB9RLZ;JN47;5
HB9RPW;JN47;1
HB9RXZ;JN37;1
HB9RYB;JN47;13
HB9SFL;JN37;4
HB9SHD;JN36;6
HB9SJE;JN47;57
HB9SNR;JN36;106
HB9SXD;JN37;7
HB9TIA;JN47;5
HB9TIH;JN36;133
HB9TIH;JO77;1
HB9TJM;JN36;1
HB9TKB;JN36;1
HB9TLI;JN47;10
HB9TLU;JN37;1
HB9TMC;JN46;1
HB9TOC;JN46;457
HB9TPW;JN37;2
HB9TRR;JN47;5
HB9TSU;JN46;1
HB9TUD;JN36;3
HB9TVS;JN36;1
HB9TVT;JN36;1
HB9TWR;JN36;1
HB9TWU;JN36;3
HB9TZU;JN46;13
HB9UFQ;JN36;327
HB9UQX;JN36;2
HB9VAA;JN36;25
HB9VAB;JN36;10
HB9VAB;GI52;1
HB9VIG;JN36;1
HB9VKL;JN36;1
HB9VKL/P;JN36;3
HB9WDF;JN47;1
HB9WI;JN47;4
HB9XBY;JN47;2
HB9XQH;JN37;7
HB9ZHT;JN47;1
HC1BI;FI09;12
HC1BST;NK48;1
HC1DAZ;FI09;48
HC1DAZ;EM12;1
HC1DAZ;FL09;1
HC1E;FI09;9
HC1FQ;FI09;3
HC1HC;FI09;17
HC1HW;FI09;16
HC1HW;FI06;1
HC1M;FI09;101
HC1TPV;FI09;2
HC1WS;FI09;3
HC2AO;FI07;32
HC2AP;FI07;103
HC2EP;FI07;21
HC2FG;FI07;1
HC2FJ;FI08;7
HC2FJ;FI07;4
HC2FN;FI07;2
HC2GRC;FI07;33
HC2GRC;FI08;1
HC2GRC;OF78;1
HC2TE;FI07;4
HC2TEP;FI07;23
HC3RJ;FI06;370
HC4ER;EI98;383
HC4Z;EI99;1
HC5CG;FI07;2
HC5CR;FI07;1
HC5EG;FI07;43
HC5F;FI07;48
HC5GSK;PG47;1
HC5RB;FI07;6
HC5RF;FI07;2
HC5T;FI07;11
HC5TCT;FI07;1
HC5TFS;FI07;41
HC5VF;FI07;459
HC6FN;FI08;10
HC6PE;FI08;172
HC7AE;FI18;230
HC7AE/1;FI09;2
HC7AE/1;FI18;1
HC7AE/1;FL09;1
HD1E/7;FI09;1
HE9ZNP;JN46;1
HF0ROSA;JO92;2
HF0TT;JO80;1
HF150WW;KO13;1
HF1920PS;JN03;1
HF1J;JO73;12
HF1SEA;JO84;1
HF20LVK;KO02;1
HF30PMW;JO94;4
HF4U;KO13;3
HF50BKB;KO12;7
HF5A;JO92;18
HF5OGI;JN97;1
HF6C;JO81;594
HF7A;JO91;1
HF7ST;KO00;1
HF7X;KO01;8
HF7X;JO92;1
HF90TPCG;JO91;37
HF90TPCG;JO90;1
HF9D;JO90;14
HF9T;JO90;10
HG0NPJ;JN97;7
HG0NQ;KN07;10
HG1DBQ;JN87;19
HG1DFL;JN87;7
HG1DFL/QRP;JN87;1
HG1G;JN86;630
HG35FIRAC;JN97;2
HG3FJ;JN86;2
HG3FMZ;JN96;10
HG3FNM;JN96;6
HG4GFP;JN96;1
HG50GI;JN97;1
HG5OEV;JN97;2
HG5OGI;JN97;4123
HG5OGI;JN85;1
HG5OGI;JN87;1
HG6OGI;JN97;1
HG6WF;JN97;3
HG7HU;KN07;2
HG7HZ;KN07;1
HG7JLG;JN97;4
HG7WDL;JN97;58
HG8C;KN06;106
HG8IT;KN06;11
HG8LSC;KN06;3
HG8LXL;KN06;29
HG8LXL;JN97;1
HG8PQ;KN06;3
HG9FS;KN08;6
HH2AA;FK38;2
HH2B/W4;EL95;1
HH2B/W4;EL98;1
HH2B/W4;FM34;1
HH2JA;FK38;4
HH2JR;FK38;32
HH2K;FK38;1
HI3A;FK49;29
HI3AA;FK49;351
HI3ARY;FK49;2
HI3B;FK49;2
HI3CH;FK49;2
HI3CMM;FK49;497
HI3CMQ;FK49;4
HI3DX;FK49;2
HI3EAL;FK49;1
HI3FLG;FK49;1
HI3JCC;FK49;5
HI3MFR;FK49;5
HI3MM;FK49;988
HI3MM;FM18;1
HI3QMT;FK49;7
HI3SD;FK49;11
HI3T;FK49;22
HI4MM;FK49;1
HI4T;FK58;3
HI5KKK;FK48;4
HI5MAH;FK48;813
HI5YJM;FK58;973
HI5YJM;FK48;8
HI5YJM;FK49;2
HI6M;FK49;881
HI6M;FK48;518
HI7/KD2NBC;FK48;1
HI7S;FK58;1
HI8AYR;FK58;27
HI8CJ;FK58;1
HI8CJG;FK49;1
HI8DAR;FK58;5
HI8DL;FK58;3
HI8FHA;FK58;1
HI8ILK;FK58;511
HI8J;FK58;39
HI8JCD;FK58;2
HI8JSG;FK58;515
HI8K;FK58;7
HI8LAM;FK58;1
HI8LEZ;FK58;3
HI8LMF;FK58;1
HI8MFR;FK49;1
HI8ML;FK48;3
HI8MRG;FK58;1
HI8MU;FK58;2
HI8MU;FK49;1
HI8PAP;FK58;20
HI8PAP;FK48;1
HI8PJP;FK58;4
HI8R;FK58;2
HI8RAC;FK58;1
HI8RCD;FK58;15
HI8RD;FK58;1
HI8RMQ;FK58;70
HI8RMQ;FK48;1
HI8RMQ;FN58;1
HI8RMQ;IN99;1
HI8S;FK58;19
HI8S;FK49;1
HI8S;FN20;1
HI8SDR;FK58;5
HI8SMX;FK58;1
HI8T;FK58;1
HI8VJS;FK58;10
HI8VRS;FK58;3
HI8ZSB;FK58;1
HI95RCD;FK58;7
HI95RCD;EM80;1
HI95RCD;FK85;1
HI95RCD;FN10;1
HJ2AEV;FJ37;4
HJ2MCM;FJ35;1
HJ3BKY;FJ24;2
HJ3BUA;FJ24;5
HJ3KOS;FJ34;1
HJ3MRJ;FJ35;1
HJ3SUA;FJ24;163
HJ3WHO;FJ24;124
HJ4DRA;FJ26;5
HJ4JRZ;FJ26;67
HJ4LGH;FJ26;3
HJ4LMH;FJ35;1
HJ4SOL;FJ26;104
HJ6AZV;FJ24;4
HJ6LAG;FJ24;1
HK1E;FK21;4
HK1O;FK21;8
HK1S;FK21;3
HK1UJL;FK21;2
HK1X;FK20;4
HK2AQ;FJ37;4
HK2AQ;FI07;1
HK2BKY;FK21;5
HK2N;FK31;1
HK2PMU;FK31;1
HK3AB;FJ24;2
HK3AQJ;FJ24;2
HK3BOL;FJ24;7
HK3BUA;FJ24;782
HK3BUA;FK29;1
HK3C;FJ24;1
HK3CFM;FJ24;842
HK3DLM;FJ24;1
HK3DQC;FJ13;1
HK3FJ;FJ24;7
HK3G;FJ24;206
HK3HLB;FJ24;1
HK3IXI;FJ24;259
HK3J;FJ24;323
HK3JHT;FJ25;5
HK3JJH;FJ24;7
HK3LRB;FJ24;5
HK3O;FJ24;1
HK3OUN;FJ24;1
HK3PJ;FJ34;1
HK3PQI;FJ24;3
HK3RAY;FJ24;5
HK3RDL;FJ24;1
HK3T;FJ25;220
HK3T;FJ24;89
HK3TFG;FJ24;1
HK3TK;FK20;1
HK3UA;FJ24;4
HK3VFH;FJ24;1
HK3VHZ;FJ24;97
HK3VXX;FJ24;3
HK3W;FJ34;1053
HK3W;FJ24;1
HK3W;FN21;1
HK3X;FJ24;857
HK3YVE;FJ24;6
HK4D;FJ26;9
HK4DAP;FJ17;1
HK4EGW;FJ26;2
HK4EI;FJ26;3
HK4EIC;FJ26;9
HK4FZ;FJ26;90
HK4GSO;FJ26;9
HK4GV;FJ16;1
HK4IFF;FJ26;1
HK4J;FJ26;3
HK4KM;FJ26;20
HK4L;FJ26;895
HK4LIS;FJ26;446
HK4LIS;FL26;1
HK4LYT;FJ26;11
HK4M;FJ26;4
HK4NDF;FJ26;11
HK4NEA;FJ26;1
HK4O;FJ26;13
HK4QHD;FJ26;5
HK4RFA;FJ26;1
HK4S;FJ26;2
HK4SAN;FJ26;6
HK4THN;FJ26;1
HK4TSF;FJ26;1
HK4ZZ;FJ26;1
HK5FCI;FJ13;3
HK5FX;FJ13;1
HK5GBT;FJ13;1
HK5JHY;FJ24;3
HK5R;FJ13;4
HK5WML;FJ13;18
HK5ZMS;FJ13;4
HK6DOS;FJ24;18
HK6JCF;FJ25;17
HK6NGR;FJ24;2
HK6RF;FJ24;4
HK7GXY;FJ26;1
HK7GXY;FJ34;1
HK7JA;FJ35;177
HL0AIR;PM37;10
HL1AEY;PM37;2
HL1ATQ;PM37;3
HL1FY;PM37;5
HL1IWD;PM37;4
HL1JLF;PM37;11
HL1JLF;PM36;1
HL1LUA;PM37;2
HL1LXP;PM37;2
HL1MKT;PM37;10
HL1PET;PM37;2
HL1QVH;PM37;9
HL1RR;PM37;1
HL1VAU;PM37;1189
HL1WP;PM37;1
HL2ADO;PM37;5
HL2ADY;PM37;2
HL2AUM;PM37;2
HL2CFY;PM36;11
HL2DCM;PM37;4
HL2DNU;PM37;2
HL2EIZ;PM37;14
HL2EO;PM37;6
HL2EO;PN37;1
HL2IDT;PM37;4
HL2IFR;PM37;26
HL2IFR;MP37;1
HL2IR;PM37;4
HL2KFL;PM37;1
HL2KV;PM37;174
HL2MDU;PM37;1
HL2MT;PM38;7
HL2NF;PM37;2
HL2OMA;PM37;2
HL2QBT;PM37;1
HL2VA;PM37;3
HL2WA;PM37;518
HL2WA;IN89;1
HL2WAU;PM47;165
HL2WJA;PM37;6
HL2ZIO;PM36;4
HL2ZN;PM37;672
HL3AMO;PM36;77
HL3ANE;PM36;1
HL3EFM;PM36;13
HL3EIL;PM36;1
HL3EMT;PM36;3
HL3EQE;PM36;5
HL3IB;PM36;10
HL3KPJ;PM36;6
HL3LFB;PM36;7
HL3LQZ;PM36;14
HL3WAT;PM36;19
HL4APK;PM33;1
HL4BPL;PM35;3
HL4CBI;PM35;2
HL4CCM;PM35;3
HL4CCM;PM36;1
HL4CFN;PM35;1
HL4CJG;PM35;3
HL4CNR;PM33;6
HL4CYG;PM35;2
HL4GAH;PM35;2
HL4GAV;PM35;2
HL4GCS;PM35;2
HL4GKR;PM35;2
HL4HPK;PM33;104
HL4LT;PM34;3
HL5BBD;PM36;1
HL5BLF;PM45;6
HL5BLI;PM45;15
HL5BMX;PM45;7
HL5BPF;PM45;22
HL5BPF;PK44;1
HL5BRP;PM35;1
HL5BUU;PM46;1
HL5FAM;PM45;15
HL5FAM;OL23;1
HL5FHH;PM37;3
HL5FHH;PM36;1
HL5FUA;PM57;14
HL5JCB;PM45;3
HL5MP;PM45;7
HL5NBM;PM45;5
HL5NTR;PM45;2
HL5OC;PM45;1
HL5PRU;PM45;5
HL5QY;PM37;4
HL5XL;PM37;5
HL5YHX;PM45;3
HL5YI;PM45;29
HL5YOO;PM46;6
HL5YRR;PM45;7
HL75V;PM36;2
HL75V;JN03;1
HL76V;PM37;3
HL78V;PM37;3
HL78V;HL17;1
HL78V;PM36;1
HL79V;PM37;2
HL9AIP;PM36;1
HM9CZF;JN47;1
HP1AVS;FJ08;35
HP1CDW;FJ09;3
HP1CDZ;FJ09;1
HP1DAV;FJ09;5
HP1FWH;EJ98;1
HP1KZ;FJ08;113
HP1RY;FJ09;32
HP1SEB;FJ09;1
HP2AT;FJ09;2
HP2BWJ;FJ09;2
HP2DFA;FJ09;43
HP2NG;FJ09;26
HP3AXL;EJ88;6
HP3BSM;EJ88;1
HP3QQ;EJ88;3
HP6DJA;EJ98;1
HP8DPD;EJ98;22
HQ1JBR;EK64;6
HQ9QMZ/R;JD69;1
HR1JBR;EK64;3
HR1R;EK64;7
HR1R;OF78;1
HR5HAC;EK54;1
HS0ACS;OK03;340
HS0ACS;OK02;1
HS0FVS;OK03;1
HS0YNM;OK02;9
HS0ZBS;OK03;5
HS0ZEE;NK98;10
HS0ZGC;OK17;4
HS0ZIV;OK17;4
HS0ZLW;OK03;5
HS0ZMB;OK06;2
HS0ZNA;OK15;2
HS0ZNR;OK24;3
HS0ZOQ;OK15;10
HS0ZOY;OK14;3012
HS0ZPS;OK17;111
HS0ZQF;NK99;519
HS0ZQK;OK03;1
HS0ZQX;OK17;1
HS1JZT;OK04;1
HS1LCI;NK98;1
HS1NIV;NK98;1
HS2AQG;OK02;42
HS2KYA;OK12;91
HS2KYA;OK02;1
HS2SXE;OK02;254
HS3NBR;OK04;123
HS3NBR;OK03;4
HS4OFE;OK02;1
HS4QKN;OK16;2
HS5LVO;NK98;1
HS5NDG;OK04;1
HS5NMF;OK04;2555
HS5NMF;OK03;1
HS5SOV;OK09;3
HS5TXB;NK99;2
HS5UMW;NK98;1
HS5XLY;OK03;1
HS5XWY;OK03;518
HS6MYW;OK03;79
HS7WMU;NK93;1507
HS7WMU;OK03;87
HS7WMU;NK91;4
HS7WMUN;NK93;1
HS7ZSX;NK92;1
HS8AFA;NJ99;3
HS8FLU;NJ98;108
HS8JKY;OK03;22
HS8JYX;NJ98;234
HS8JYX;OF78;1
HS8KGG;NJ97;1
HS8MOM;NJ99;3
HS8NKB;NJ97;1
HS8PRF;OK03;1
HS9JSQ;OJ05;2
HS9XID;OJ06;1
HZ1CPCF;LL34;2
HZ1DL;LL34;6
HZ1LG;LL34;3
HZ1SK;KL91;378
HZ1TT;KL94;15
HZ5FAO;DL60;1
I/DL7ZO;JN52;117
I0/VA3ITA;FN03;2
I0/VA3ITA;JN61;2
I0ABU;JN61;1
I0BJV;JN61;3
I0BYR;JN61;3
I0CNR;JN61;12
I0JU;JN61;1
I0JX;JN61;1
I0KMJ;JN62;2
I0KTE;JN62;1
I0LTX;JN61;2
I0MQV;JN62;251
I0OSI;JN61;6
I0PYP;JN63;1
I0QMY;JN61;1
I0TYB;JN62;1
I0UVP;JN61;1
I0XNH;JN62;8
I0XVZ;JN61;3
I0YYA;JN61;2
I1APQ;JN34;12
I1BEP;JN34;10
I1CCX;JN43;1
I1DXD;JN44;41
I1FLC;JN44;13
I1FLC;JN62;1
I1FQH;JN45;2
I1OCQ;JN33;2
I1PLX;JN35;222
I1PLX;JN34;1
I1RJP;JN45;10
I1RSQ;JN34;16
I1SOP;JN44;1
I1SU/P;JN33;1
I1VAN;JN45;1
I1WQR;JN44;7
I1WUA;JN35;11
I1WXY;JN43;4
I1YDT;JN34;1
I1YTO;JN44;11
I22CRN;GJ40;1
I2AOX;JN45;7
I2BJS;JN45;41
I2BPP;JN45;2
I2DMI;JN45;2
I2EAY;JN45;67
I2HHM;JN45;6
I2NCE;JN55;2
I2NKR;JN55;2
I2NOY;JN45;1
I2OGV;JN45;2
I2OGV;JN46;1
I2RFJ;JN45;3
I2RNJ;JN45;5
I2SDD;JN55;2
I2SIP;JN45;1
I2SVA;JN45;190
I2UZV;JN45;1
I2XCH;JN45;2
I2XGD;JN55;1
I2XIP;JN45;172
I2XLF;JN45;2258
I2XLF;NO14;1
I2YKR;JN46;1
I2YPY;JN55;12
I2ZSI;JN45;1
I3BUI;JN55;3
I3FIY;JN55;446
I3JUK;JN55;572
I3KAN;JN55;3
I3KAN;JN85;1
I3LTT;JN65;8
I3PVE;JN55;35
I3QDK;JN65;37
I3VJW;JN55;1729
I3VWK;JN55;3
I3YPD;JN55;51
I3ZWI;JN65;5
I4BUQ;JN54;7
I4GAS;JN64;2
I4HRH;JN64;1
I4IOR;JN54;3
I4JED;JN54;298
I4JEE;JN54;1
I4KMN;JN64;1
I4KYO;JN54;171
I4MKN;JN64;64
I4SJZ;JN64;1
I4TIT;JN54;1
I4WQH;JN54;63
I4ZGI;JN54;2
I5/DL7ZO;JN52;175
I5ABV;JN53;1
I5GJK;JN53;3
I5HLK;JN53;9
I5MPN;JN53;115
I5NHG;JN53;1
I5OTA;JN52;5
I5OTA;JN62;2
I5SFE;JN53;1
I5SFU;JN53;1
I5UHW;FC69;1
I6MTS;JN62;1
I6WJB;JN72;2
I72ATV;QL78;1
I7DGX;JN71;4
I7OXH;JN90;5
I7STE;JN62;1
I7UNU;JN81;1
I8/ON8SGA;JN62;1
I88WIV;AI41;1
I8BVW;JN54;1
I8DKR;JM89;2
I8EJC;JM88;37
I8IEM;JM89;1
I8IEQ;JM88;1
I8JJB;JN71;5
I8JPO;JM88;3
I8KRC;JN71;5
I8LWL;JN70;3
I8OCA;JN70;3
I8OHQ;JN70;8
I8QJU;JN70;28
I8RCM;JN70;1
I8WQH;JN54;1
I8YAV;JN70;1
I8ZSE;JN70;1
I98OPN/R;GI85;1
IB2LV;JN45;4
IC1DFZ;BR37;1
IC8/UR8QX;JN60;1
IC8AIK;JN60;3
IC8BNR;JN60;1
IC8CUQ;JN70;19
IC8JHY;JN60;1
IC8SQS;JN60;4
IC8SQS;IN60;1
IC8TEM;JN70;1465
IC8TEM;JM77;1
ID7XKC/R;GC95;1
IH4ASE/R;AA97;1
IH5OGO/R;CC09;1
IH9YMC;JM56;4
II3TDD;JN62;3
II4GAR;JN54;20
II4GAR;IN99;1
II4GAR;JO44;1
II4LDMA;JN54;1
II4MWS;JN54;2
II5SMM;JN53;83
II6POPE;JN62;4
IJ7/IK7WDS;JN80;1
IJ7/IW7DOL;JN62;1
IK0ADR;JN61;1
IK0AGU;JN61;7
IK0AIH;JN62;1
IK0ALT;JN63;230
IK0CHU;JN62;346
IK0EIA;JN52;20
IK0GDG;JN61;6
IK0HBN;JN62;1
IK0IHA;JN63;1
IK0IKB;JN61;2
IK0IOG;JN61;1
IK0IOL;JN61;1
IK0IXO;JN61;1
IK0JMT;JN61;1
IK0MIB;JN62;7
IK0NGL;JN62;1
IK0NMJ;JN63;11
IK0OEF;JN61;6
IK0OZD;JN61;2
IK0PAV;JN61;2
IK0PCJ;JN63;190
IK0PEU;JN61;1
IK0QDM;JN61;1
IK0QKN;JN61;3
IK0RMR;JN61;13
IK0RNU;JN61;4
IK0SEK;JN61;1
IK0SWT/6;JN63;1
IK0UTM;JN63;2
IK0VCK;JN45;1
IK0VSY;JN63;2
IK0WMJ;JN61;1
IK0WRB;JN61;487
IK0XBX;JN63;63
IK0YFK;JN61;4
IK0YFK;AA00;1
IK0ZRR;JN61;1
IK0ZSN;JN61;370
IK1AIL;JN45;3
IK1AIL/IN;JN45;1
IK1AIL/IN3;JN03;1
IK1AMC;JN44;3
IK1AQI;JN35;1
IK1AYT;JN45;16
IK1BHS;JN44;3
IK1BOW;JN35;3
IK1BXQ;JN43;2
IK1CGU;JN44;4
IK1DEP;JN35;2
IK1DFH;JN33;1
IK1DTO;JN45;4
IK1EQE;JN44;1
IK1EZX;JN44;3
IK1GEY;JN45;1
IK1GPG;JN34;1
IK1HGE;JN35;6
IK1HJS;JN44;423
IK1JMJ;JN35;1
IK1JNP;JN35;3
IK1JUP;JN45;1
IK1LZF;JN44;33
IK1MJK;JN35;1
IK1MJK/P;JN35;4
IK1MNJ;JN35;1
IK1NET;JN34;1
IK1NEW;JN34;6
IK1NTB;JN35;1
IK1ODN;JN34;4
IK1OOF;JN44;1
IK1PMV;JN45;3
IK1PXP;JN35;1
IK1QEW;JN34;1
IK1QFT;JN35;5
IK1QLD;JN34;4
IK1QLI;JN45;2
IK1SOW;JN35;118
IK1SPR;JN34;2
IK1TNU;JN46;1
IK1UGX;JN34;1
IK1VHR;JN44;9
IK1WGX;JN44;16
IK1WNQ;JN45;3
IK1XLA;JN55;1
IK1XPE;JN45;1
IK1XPK;JN44;28
IK1YRC;JN45;1
IK1ZFO;JN35;75
IK1ZFO;JN54;1
IK1ZOV;JN44;6
IK2AOS;JN45;1
IK2BDR;JN45;2
IK2CIK;JN45;12
IK2CJJ;JN45;1
IK2CMI;JN45;1509
IK2CNC;JN45;51
IK2DFS;JN46;3
IK2DUW;JN45;27
IK2DZN;JN45;11
IK2EAG;JN46;14
IK2EBP;JN45;46
IK2EKO;JN45;21
IK2EST;JN45;7
IK2EST;JN71;5
IK2EXD;JN55;3
IK2FTB;JN45;6
IK2GAU;JN45;27
IK2GPT;JN45;2
IK2HAB;JN45;2
IK2HKT;JN45;313
IK2HLM;JN45;1
IK2HNG;JN45;1
IK2IGQ;JN45;1
IK2IKW;JN55;746
IK2IKW;JO22;1
IK2IWT;JN55;2
IK2IZK;JN46;1
IK2JBY;JN45;64
IK2JHD;JN45;13
IK2JYT;JN45;4
IK2LOL;JN45;2
IK2MKS;JN45;1
IK2NNI;JN55;9
IK2OLD;JN45;1150
IK2OPW;JN45;2
IK2OVC;JN45;2
IK2OVT;JN45;2
IK2OWX;JN45;21
IK2PZX;JN46;1
IK2QEB;JN55;263
IK2QIN;JN45;622
IK2QPR;JN55;9
IK2REA;JN45;151
IK2RJP;JN56;2
IK2RLS;JN45;2
IK2RPE;JN45;212
IK2RZN;JN45;3
IK2RZQ;JN45;1
IK2SAR;JN55;1158
IK2SAU;JN55;6
IK2SBB;JN45;1369
IK2SND;JN45;13
IK2SSB;JN45;1
IK2TCV;JN45;1
IK2TDM;JN45;384
IK2TYL;JN45;2
IK2UCJ;JN45;2
IK2UCK;JN45;49
IK2UCK;JO44;1
IK2UCL;JN45;2
IK2UEC;JN45;1
IK2UIG;JN45;1
IK2UJS;JN55;6
IK2ULS;JN45;292
IK2ULS/IT9;JN45;1
IK2UVR;JN45;5
IK2VFR/P;JN45;9
IK2VFR/P;JN62;1
IK2VFW;JN45;2
IK2VOV;JN45;6
IK2VUQ;JN46;2
IK2VUQ;JN45;1
IK2WJT;JN45;6
IK2WRV;JN45;15
IK2WSA;JN45;10
IK2WZL;JN45;228
IK2WZL;LN45;1
IK2XDE;JN45;1079
IK2XDF;JN45;5
IK2XRW;JN45;1
IK2YJC;JN45;3
IK2ZDT;JN45;7
IK2ZEC;JN45;3
IK2ZJN;JN45;3
IK2ZJR;JN45;10
IK3/UY7LA;JN65;2
IK3ACI;JN55;15
IK3ASM;JN55;239
IK3AVM;JN55;84
IK3BVD;JN66;4
IK3COB;JN55;2
IK3EDT;JN55;2
IK3EDT;LN55;1
IK3FUS;JN55;8
IK3FUS/QRP;JN55;1
IK3GLF;JN55;2
IK3HHX;JN65;4
IK3HTH;JN62;1
IK3JLT;JN65;11
IK3MLF;JN55;1
IK3OBX;JN65;2
IK3OCD;JN65;21
IK3OGN;JN55;60
IK3ORD;JN55;1485
IK3ORD;JN66;1
IK3ORE;JN55;6
IK3PQH;JN65;15
IK3SCB;JN55;2
IK3SSG;JN55;1
IK3SSJ;JN55;79
IK3SSW;JN65;6
IK3TCK;JN55;360
IK3UVI;JN65;1
IK3VZO;JN55;1
IK3XJP;JN55;4
IK3XTS;JN66;1
IK3ZBG;JN66;2
IK3ZYM;JN66;12
IK4ADE;JN54;10
IK4CBO;JN54;14
IK4CBO;JN62;1
IK4DCW;JN64;3
IK4DKO;JN54;3
IK4DRY;JN64;4
IK4EWM;JN54;1
IK4GBU;JN54;6
IK4GLX;JN54;3
IK4GRF;JN44;99
IK4HPS;JN54;3
IK4ICS;JN54;17
IK4IDP;JN54;33
IK4ISR;JN54;32
IK4IYC;JN54;2
IK4JIA;JN54;4
IK4JOD;JN63;20
IK4JPP;JN54;3
IK4JPR;JN54;1
IK4LDZ;JN63;4
IK4LLX;JN54;2
IK4LZH;JN54;6252
IK4LZH;JN11;1
IK4LZH;JN34;1
IK4LZH;JN62;1
IK4LZH;JO53;1
IK4LZH;JO92;1
IK4LZH;KN22;1
IK4LZH;KN46;1
IK4LZH;NO26;1
IK4MGP;JN64;1
IK4MTK;JN54;1194
IK4PLW;JN64;5
IK4PLZ;JN54;1
IK4POI;JN54;272
IK4RQJ;JN54;8
IK4RVY;JN64;74
IK4RVY;JN62;2
IK4SBR;JN54;1
IK4SPB;JN54;21
IK4SXH;JN64;1
IK4TVP;JN64;3
IK4UNQ;JN63;3
IK4UOA;JN54;425
IK4UQA;JN64;72
IK4UXA;JN54;148
IK4XQT;JN54;638
IK4XQT;JN62;2
IK4YAZ;JN54;1
IK4YHJ;JN45;3
IK4YWL;JN54;5
IK4ZGX;JN54;2
IK4ZIN;JN54;2
IK5AEO;JN53;1
IK5AEQ;JN53;2917
IK5AEQ;FN20;1
IK5AMB;JN53;1
IK5AUL;JN53;2
IK5BCM;JN53;5
IK5BDG;JN53;399
IK5BSC;JN53;57
IK5CBE;JN53;1
IK5CRH;JN53;4
IK5CVV;JN53;1
IK5DFE;JN53;1
IK5DNF;JN53;3
IK5DNF;JN65;1
IK5EEA;JN53;21
IK5EEA;IO91;1
IK5FKE;JN53;2003
IK5FKF;JN54;1472
IK5GQK;JN53;1
IK5GUQ;JN53;4
IK5GYH;JN54;2
IK5JCF;JN53;3
IK5MDF;JN54;2
IK5OVW;JN63;2
IK5PWJ;JN53;3
IK5PWQ;JN53;6
IK5PWS;JN53;1
IK5PWS;OF78;1
IK5QCX;JN63;2
IK5SRB;JN63;4
IK5UIM;JN53;1
IK5VQI;JN53;1
IK5VQK;JN53;4
IK5WER;JN52;3
IK5ZAJ;JN53;24
IK5ZTT;JN53;1
IK6AQU;JN62;16
IK6ATS;JN63;1
IK6BFH;JN62;2
IK6BMU;JN72;7
IK6BSN;JN62;8
IK6CGO;JN63;7
IK6COX;JN63;3
IK6DLK;JN63;11
IK6DTB;JN72;1
IK6FWJ;JN63;2
IK6GTF;JN72;142
IK6GTF;PM63;1
IK6GVA;JN72;8
IK6GZM;JN62;7
IK6HRB;JN63;2
IK6HSM;JN63;4
IK6IHJ;JN72;1
IK6IHU;JN72;1
IK6JDQ;JN62;1
IK6MIN;JN63;3
IK6NUZ;JN63;3
IK6OIN;JN72;106
IK6QOO;JN62;3
IK6QRE;JN63;2
IK6RHT;JN63;5
IK6SBW;JN62;2
IK6SXQ;JN63;1
IK6UGD;JN63;2
IK6VXF;JN72;1
IK6ZDC;JN63;10
IK6ZEW;JN72;2
IK6ZKJ;JN72;5
IK7BEF;JN80;1
IK7CBN;JN81;1
IK7DTM;JN71;26
IK7EOT;JN80;2
IK7FPV;JN80;1
IK7HPJ;JN80;2
IK7HTB;JN80;1
IK7IJR;JN81;2
IK7IWF;JM99;1
IK7JVE;JN81;215
IK7MXF;JN81;16
IK7NCQ;JN81;2
IK7NXU;JN81;355
IK7PJD;JN71;1
IK7RWE;JN80;1
IK7SHC;JN80;4
IK7VJZ;JN81;1
IK7WPG;JN81;1
IK7XGH;JN81;4
IK7XLU;JN81;15
IK7XNF;JN81;403
IK7XUQ;JN80;3
IK7YZB;JN80;4
IK8AWH;JN70;4
IK8CEP;JN70;2
IK8DYM;JN71;2
IK8FIQ;JN71;1
IK8HJG;JN70;2
IK8IFV;JN72;43
IK8IFV;JN71;21
IK8IFV;JN62;1
IK8IFV;OI61;1
IK8IJN;JM78;3
IK8IOO;JM88;1867
IK8IOO;KM88;1
IK8IRK;JM88;6
IK8NBE;JN71;5
IK8NKQ;JM78;1
IK8NSR;JN72;1
IK8OAM;JM89;12
IK8OLM;JM78;39
IK8OZZ;JN70;6
IK8PGE;JN71;6
IK8PPG;JN62;1
IK8PPG;JN70;1
IK8RJS;JM88;3
IK8TPB;JM89;5
IK8TWV;JN70;3
IK8UDK;JN70;2
IK8WCP;JN71;11
IK8WEI;JM88;1
IK8WEJ;JM89;2
IK8WJZ;JN71;2
IK8YBE;JN70;5
IK8YFU;JM88;528
IK8YTA;JN70;4
IL3JUW/P;RI72;1
IL7PME;GN17;1
ILA6CF;JO49;1
IN3ADG;JN56;20
IN3AQK/P;JN56;14
IN3BFW;JN55;2589
IN3DOV;JN56;1
IN3EAR;JN55;1
IN3EJX;JN56;21
IN3EJX;JN62;1
IN3EYI;JN55;120
IN3EZU;JN56;4
IN3FAA;JN55;2
IN3FFN;JN56;3
IN3FOI;JN55;612
IN3FPJ;JN56;1
IN3FSR;JN55;1535
IN3FSR;JN35;1
IN3FSR;JN56;1
IN3FSR;JO31;1
IN3GHS;JN56;1
IN3HBF;JN56;3
IN3IJJ;JN56;2
IN3IZO;JN56;2
IN3IZQ;JN56;9
IN3IZQ;JN63;1
IN3JNO;JN55;1
IN3JQB;JN55;50
IN3JYO;JN56;1
IN3KRR;JN56;4
IN3KXV;JN56;2
IN3MBS;JN56;2
IN3NHZ;JN56;5
IN3NJB;JN56;5
IN3OWY;JN56;1968
IN3QYW;JN56;1
IN3RRX;JN56;47
IN3TJO;JN55;5
IN3VK;JN55;1
IN3VVK;JN55;3722
IN3VVK;FD82;1
IN3VZE;JN56;1
IN3WZS;JN56;1
IN3XUG;JN55;2
IN3YGW;JN56;2
IN6GGD;LJ29;1
IN6PUT;KN81;1
IO9NAK;HH84;1
IP6POPE;JN62;1
IP6POPE;PM95;1
IQ0AAI;JN40;2
IQ1DX;JN44;1
IQ1UP;JN35;1
IQ1VD;JN35;1054
IQ3ZL;JN65;6
IQ4RA;JN64;467
IQ5ARI;JN53;1
IQ6PE;JN72;7
IQ6SB;JN62;2
IQ6SB/P;JN62;1
IQ7AAB;JN90;1
IQ7KM;JN81;2
IQ8AAC/P;JN70;2
IQ8XF;JN70;1
IR5MMI;JN53;380
IS0/DK6FW;JN40;1
IS0ANW;JM49;1
IS0AWZ;JN40;1
IS0BHY;JM49;2
IS0BKS;JM49;1
IS0BOY;JM49;9
IS0BQE;JN40;3
IS0BSR;JM49;975
IS0BSR;JO32;1
IS0BZL;JN40;1
IS0CDO;JN40;2
IS0CDS;JM49;1
IS0DCR;JN40;1
IS0DSW;JN40;5
IS0FWY;JM49;6
IS0GFT;JM49;22
IS0GOI;JM49;7
IS0GRB;JM49;6
IS0HDP;JM49;1
IS0HME;JM49;3
IS0HNW;JN40;716
IS0HNY;JN40;2
IS0HZG;JM49;1
IS0IYE;JM49;136
IS0JGB;JM49;2
IS0JHV;JN40;2
IS0KNG;JM49;64
IS0KNG;JN40;1
IS0KNS;JN40;1
IS0KPN;JM49;72
IS0LLL;JM49;2
IS0LYN;JN40;3
IS0PGF;JM49;4
IS0QLX;JM49;5
IS0SLM;JM49;3
IS0SZU;JM49;1
IS0YHV;JM49;57
IS0YQK;JN40;1
IS0ZOD;JN40;6
IT5SSM;JN53;1
IT9AAI;JM67;1
IT9ACJ;JM77;117
IT9AJP;JM77;3
IT9APS;JM68;1
IT9AQC;JM78;1
IT9BGY;JM77;1
IT9BYL;JM76;2
IT9CBE;JM68;4
IT9CBS;JM67;6
IT9CCB;JM76;10
IT9CIL;JM77;721
IT9CPO;JM77;10
IT9CTG;JM67;2
IT9CVE;JM77;1
IT9CWA;JM78;2
IT9CWA;JM67;1
IT9DID;JM67;3
IT9DOO;JM77;4
IT9DVZ;JM78;1
IT9DWF;JM68;1
IT9DWY;JM67;6
IT9EJP/QRP;JM77;1
IT9ELM;JM67;1
IT9ESW;JM67;1
IT9EUT;JM76;7
IT9FEG;JM77;3
IT9FGA;JM67;2
IT9FJE;JM77;1
IT9FRD;JM77;1
IT9FRX;JM68;254
IT9FRX;JN61;1
IT9FTD;JM78;1
IT9FTP;JM68;11
IT9FXP;JM67;5
IT9GGG;JM68;1
IT9GHW;JM77;6
IT9GJK;JM77;1804
IT9GLZ;JM77;1
IT9GOT;JM77;4
IT9GSF;JM67;328
IT9GSF;JN67;1
IT9HEQ;JM77;1
IT9HWR;JM77;1
IT9HZC;JM77;3
IT9IAU;JM78;14
IT9IBL;JM68;1
IT9IJA;JM76;2
IT9IJF;JM77;1
IT9IQQ;JM77;1
IT9IRM;JM76;1
IT9IRP;JM68;4
IT9IVM;JM67;2
IT9JAV;JM67;5
IT9JDA;JM78;1
IT9JGX;JM67;1
IT9JRU;JM77;1
IT9JTN;JM77;3
IT9JVC;JM68;1
IT9JVF;JM67;606
IT9JVG;JM68;1
IT9JWH;JM76;1
IT9KHI;JM77;1
IT9KHQ;JM76;1
IT9KHW;JM77;2
IT9KMN;JM67;6
IT9KSS;JM68;1
IT9LVT;JM77;1
IT9MRM;JM77;791
IT9NKT;JM77;2
IT9NOV;JM78;1
IT9ODQ;JM76;4
IT9ORA;JM68;119
IT9PKO;JM76;8
IT9PQJ;JM76;3
IT9PQO;JM78;2
IT9QPF;JM67;1
IT9RJQ;JM67;1
IT9RWB;JM76;2
IT9RZR;JM76;2
IT9SBE;JN45;4
IT9SSI;JM78;2
IT9STG;JM67;3
IT9TPA;JM77;1
IT9VCE;JM77;4064
IT9VCE;IL18;1
IT9WMD;JM78;4
IT9XTP;JM68;10
IT9YHR;JM77;1
IT9YVO;JM78;5
IT9ZAQ;JM67;2
IT9ZHS;JM68;1
ITVCE;JM77;1
IU0AFP;JN61;2283
IU0AFP;FM29;1
IU0AFP;IM53;1
IU0AFP;JO30;1
IU0AFP;RR73;1
IU0APF;JN61;1
IU0APW;JN61;2
IU0AXD;JN61;1
IU0BVT;JN61;2
IU0CCE;JN61;1
IU0CSH;JN61;5
IU0CTR;JN62;3
IU0ERZ;JN62;1
IU0ESP;JN62;1
IU0GCB;JN62;1
IU0HDC;JN62;1
IU0HYQ;JN61;15
IU0ICA;JN61;3
IU0ICC;JN61;4
IU0IFR;JN61;1
IU0IKZ;JN62;1
IU0ILH;JN61;1
IU0JIW;JN61;1
IU0KDF;JN61;1
IU0KNS;JN62;4
IU0LFQ;JN63;3
IU0LLD;JN61;2
IU0LTY;JN62;3
IU0MBJ;JN61;1
IU0MJE;JN62;2
IU0OQO;JN61;5
IU0OTF;JN61;1
IU0OUL;JN61;1
IU0OVB;JN61;5
IU0PCI;JN61;1
IU0PVM;JN63;1
IU0PXK;JN61;3
IU0PXM;JN62;2
IU0PXR;JN61;2
IU0QLY;JN61;3
IU0QME;JN61;1
IU0QVJ;JN61;4
IU0RQA;JN61;7
IU0SIB;JN61;7
IU0TGM;JN61;3
IU0TGM;JN62;1
IU0TPA;JN61;4
IU0TXT;JN61;1
IU0TYC;JN61;5
IU0UZB;JN61;1
IU1AUG;JN35;1
IU1BSV;JN46;8
IU1CIW;JN45;19
IU1CYA;JN35;2
IU1CYJ;JN34;1
IU1DRY;JN44;5
IU1DXN;JN34;2
IU1DXU;JN35;22
IU1ETR;JN35;186
IU1FHI;JN44;1
IU1FHJ;JN44;1
IU1FIB;JN44;1
IU1FKB;JN44;1
IU1FNH;JN44;1
IU1GLI;JN34;9
IU1HGN;JN44;5
IU1HGO;JN44;1
IU1HKD;JN34;3
IU1IDN;JN44;3
IU1JFQ;JN44;1
IU1JRN;JN34;7
IU1JSF;JN45;1
IU1JSG;JN44;1
IU1KAX;JN45;2
IU1LSS;JN45;1
IU1MRH;JN45;2
IU1MVI;JN45;4
IU1NGJ;JN45;2
IU1NGT;JN35;1
IU1NKS;JN44;23
IU1NOD;JN34;5
IU1OME;JN44;6
IU1OPQ;JN44;1
IU1OQD;JN35;2
IU1OQZ;JN35;1
IU1PZM;JN35;1
IU1PZR;JN35;2
IU1QYQ;JN44;1
IU1TKL;JN35;1
IU1TKT;JN35;3
IU1TLG;JN35;5
IU1TRT;JN44;2
IU2ANW;JN55;1
IU2BHI;JN45;22
IU2CAT;JN45;6
IU2CBS;JN45;1
IU2DQH;JN45;2
IU2EBR;JN55;45
IU2ECB;JN45;7
IU2EMH;JN45;3
IU2EWY;JN45;13
IU2FCL;JN45;1
IU2GGD;JN45;70
IU2GGS;JN55;1
IU2GHZ;JN45;1
IU2HUQ/IN3;JN62;6
IU2HUQ/IN3;JM55;1
IU2HVU;JN45;1
IU2ICJ;JN44;18
IU2IGV;JN45;77
IU2ILS;JN45;4
IU2IVN;JN45;2
IU2JMZ;JN45;5
IU2KBG;JN45;2
IU2KBY;JN45;10
IU2KKA;JN45;3
IU2KXV;JN45;1
IU2LFP;JN45;101
IU2LUH;JN55;2
IU2LVS;JN45;2
IU2LVV;JN45;83
IU2LXG;JN55;1
IU2LXL/P;JN45;1
IU2LXM;JN45;4
IU2LYX;JN45;1
IU2MCH;JN45;4
IU2MZM;JN55;2
IU2NBZ;JN55;4
IU2NCP;JN45;1
IU2NUB;JN55;13
IU2OML;JN45;1
IU2OZU;JN45;1
IU2PCR;JN45;4
IU2PMN;JN45;1
IU2PNZ;JN45;6
IU2QDO;JN55;2
IU2QDQ;JN54;1
IU2QDY;JN45;2
IU2QJF;JN45;1
IU2SKO;JN45;2
IU2SLW;JN45;1
IU2STM;JN46;1
IU2TAW;JN45;290
IU2UDW;JN45;7
IU3ACL;JN65;3
IU3BTF;JN65;1
IU3BUW;JN65;1
IU3BXP;JN65;26
IU3CYV;JN55;1
IU3GKF;JN65;2
IU3GKU;JN65;1
IU3GMF;JN66;1
IU3GOR;JN55;4
IU3GPT;JN66;1
IU3HGA;JN55;6
IU3IOQ;JN65;1
IU3JGG;JN65;2
IU3KGR;JN55;17
IU3KHJ;JN65;300
IU3KHJ;JN63;1
IU3KTA;JN65;2
IU3LQY;JN66;2
IU3MAG;JN65;20
IU3MDI;JN55;47
IU3NPG;JN66;4
IU3NPO;JN55;5
IU3OGL;JN65;2
IU3OJL;JN55;1
IU3OXI;JN55;1
IU3PAK;JN55;1
IU3QFR;JN55;1
IU3QFU;JN55;2
IU3QNT;JN65;1
IU3QNU;JN55;2
IU3QYU;JN55;3
IU3RHV;JN55;1
IU3RRX;JN55;9
IU3SQH;JN55;2
IU3SSM;JN65;2
IU3UNC;JN55;1
IU4AOY;JN54;1
IU4APO;JN54;5
IU4AQE;JN54;3
IU4ASI;JN44;1
IU4COO;JN63;6
IU4CSS;JN54;1
IU4CZW;JN54;11
IU4DAF;JN54;1
IU4DTV;JN54;578
IU4FKS;JN45;2
IU4FLT;JN54;3
IU4HEI;JN54;1
IU4HMZ;JN54;1
IU4HNI;JN54;46
IU4HNR;JN54;1
IU4HOI;JN54;3
IU4JIC;JN54;144
IU4JID;JN54;1
IU4KET;JN64;20
IU4LDT;JN54;3
IU4MEP;JN54;4
IU4MKF;JN44;1
IU4MNF;JN54;3
IU4MTO;JN64;32
IU4MUB;JN54;1
IU4NDY;JN54;1
IU4OBU;JN54;16
IU4PCW;JN54;1
IU4PTA;JN54;50
IU4QQE;JN64;6
IU4QQE;EM45;1
IU4QRW;JN54;1
IU4QTF;JN64;311
IU4RWI;JN54;1
IU4RWW;JN54;3
IU4RYF;JN54;59
IU4RYT;JN64;2
IU5AWQ;JN53;21
IU5CZO;JN52;1
IU5DAH;JN53;2
IU5DDS;JN53;1
IU5FFW;JN53;1
IU5GVH;JN53;5
IU5HIU;JN53;128
IU5HIU;JN74;1
IU5HIV;JN44;1
IU5HKH;JN44;1
IU5HLE;JN44;2
IU5ICF;JN52;1
IU5IFM;JN53;2
IU5JCI;JN53;4
IU5JHK;JN53;1
IU5JJW;JN52;1
IU5KYZ;JN53;3
IU5KZG;JN53;8
IU5LQC;JN53;5
IU5MPK;JN52;4
IU5OGC;JN53;2
IU5ONQ;JN53;2
IU5PMR;JN53;1
IU5PSY;JN53;1
IU5PTB;JN53;4
IU5RBX;JN53;15
IU5RCZ;JN53;1
IU5RDC;JN54;7
IU5SGW;JN53;1
IU5SHF;JN53;46
IU5TUG;JN53;1
IU6CRH;JN72;2
IU6HWW;JN63;13
IU6JEI;JN72;1
IU6JMK;JN63;5
IU6KKW;JN63;1
IU6OSN;JN63;10
IU6RAT;JN63;1
IU6UAM;JN72;1
IU6UBB;JN72;6
IU6UBV;JN72;1
IU7ACP;JN81;5
IU7ACP;JN61;2
IU7BPL;JN81;4
IU7BQF;JN80;3
IU7EDX;JN81;3
IU7FBC;JN81;2
IU7GRJ;JN81;1
IU7GSN;JN81;1
IU7GTP;JM99;7
IU7HDQ;JN81;4
IU7HYG;JN80;16
IU7IFN;JN80;1
IU7IGC;JN81;2
IU7JAQ;JN80;1
IU7MZC;JN81;5
IU7MZC;JN80;1
IU7NKX;JN71;1
IU7QBB;JM99;3
IU7RAL;JN80;231
IU7RQC;JN71;2
IU7TUW;JN80;2
IU7UGJ;JN81;3
IU7XWD;JN80;204
IU8ACV;JN71;1
IU8ALH;JN70;48
IU8BDY;JM88;1
IU8BPS;JN70;10
IU8BWU;JM89;1
IU8CDL;JN70;4
IU8CEC;JN70;1
IU8CNE;JN71;6
IU8DKG;JM89;131
IU8DMZ;JN70;5
IU8DON;JM78;2
IU8EAT;JN72;1
IU8EQT;JN71;5
IU8FAN;JM89;1
IU8FAN;JM91;1
IU8FRF;JN70;6
IU8FVA;JN70;4
IU8FXA;JN70;15
IU8GJC;JN70;1
IU8HAO;JM88;4
IU8HPD;JM89;8
IU8IZA;JN70;1
IU8JCQ;JN70;9
IU8JLX;JM88;3
IU8KTX;JN70;2
IU8LLQ;JN71;12
IU8LLZ;JN70;2
IU8LPE;JM89;8
IU8MHG;JM78;2
IU8MIX;JN70;4
IU8MJY;JN70;1
IU8MOA;JN70;4
IU8MOA;KO68;1
IU8OBT;JM89;17
IU8OPH;JN70;1
IU8OQJ;JN70;1
IU8PLP;JN70;4
IU8PWS;JN71;3031
IU8PWS;JO32;2
IU8PWS;JN63;1
IU8QGL;JM78;5
IU8QHL;JM89;3
IU8RFW;JN70;7
IU8UHK;JN70;20
IV3ABA;JN66;2
IV3APH;JN65;1
IV3ARJ;JN66;28
IV3AZZ;JN65;2
IV3BCD;JN65;3
IV3BGW;JN66;1
IV3BHD;JN65;1
IV3BLE;JN66;5
IV3BMV;JN66;3
IV3CID;JN65;2
IV3CIS;JN65;1
IV3CVE;JN65;1
IV3CVN;JN66;5
IV3DBT;JN66;1
IV3DET;JN66;1
IV3DXW;JN65;1836
IV3DXW;FN41;1
IV3DXW;KN36;1
IV3DXW;RH38;1
IV3EXL;JN65;1
IV3EZV;JN65;4
IV3FBH;JN66;1
IV3FGT;JN65;1
IV3FHI;JN66;2
IV3FNX;JN65;1
IV3FSG;JN65;140
IV3FSG;JN55;1
IV3FVM;JN65;1
IV3GDE;JN65;2
IV3GNE;JN66;1
IV3GOW;JN65;7
IV3GTH;JN65;1
IV3GUY;JN65;3
IV3GVY;JN66;112
IV3HLS;JN65;1
IV3HQK;JN66;1
IV3IAH;JN65;2
IV3IAN;JN65;2
IV3IBK;JN65;7
IV3IDO;JN65;1
IV3IHV;JN66;3
IV3IIM;JN65;2
IV3IPA;JN65;2
IV3IPS;JN65;237
IV3IUM;JN65;5
IV3IXN;JN65;127
IV3IXN;JN66;1
IV3JAK;JN66;201
IV3JAK;JM66;1
IV3JAK;OI66;1
IV3JJT;JN65;103
IV3JRW;JN65;1
IV3KAS;JN65;1
IV3KEI;JN65;2
IV3KKW;JN66;1
IV3KNT;JN66;1
IV3KQN;JN66;2
IV3LNQ;JN65;1068
IV3LNQ/QRP;JN65;1
IV3MTU;JN65;1
IV3NBD;JN65;8
IV3NDI;JN65;1
IV3NEP;JN65;2
IV3OSC;JN65;3
IV3PRK;JN66;1
IV3RCH;JN66;550
IV3SFG;JN65;1
IV3SKB;JN66;163
IV3TPW;JN65;1
IV3UWA;JN66;1
IV3VFR;JN65;3
IV3VVK;JN55;1
IV3XHF;JN66;3
IV3XLY;JN65;2
IV3YYK;JN66;59
IV3ZXF/P;JN66;1
IW0AEN;JN61;2
IW0BCF;JN61;1
IW0BMC;JN61;1
IW0CUK;JN62;2
IW0EFI;JN61;12
IW0FEK;JN61;9
IW0FFI;JN62;1
IW0FFK;JN61;2
IW0FGX;JN61;1
IW0GCA;JN61;2
IW0GEQ;JN61;3
IW0GYC;JN61;1
IW0HAC;JN61;5
IW0HK;JN61;1
IW0HKH;JN61;3
IW0HOS;JN61;1
IW0QOX;JN63;3
IW0RBS;JN63;1
IW0RLC;JN63;904
IW0RQJ;JN63;1
IW0SAG;JN63;2
IW0URG;JM49;3
IW0UWE;JM49;14
IW1AHG;JN45;5
IW1ALW;JN35;14
IW1CBG;JN44;100
IW1CQ;JN34;2
IW1DGK;JN35;2
IW1DJS;JN35;1
IW1DNE;JN45;1
IW1ELO;JN44;1
IW1FRD;JN35;5
IW1FWB;JN44;92
IW1FZR;JN45;379
IW1GB;JN45;1
IW1GEI;JN35;1
IW1GEU;JN35;1
IW1PPB;JN44;9
IW1PPM;JN33;1
IW1PUR;JN44;84
IW1PVT;JN33;20
IW1QBR;JN44;7
IW1QN;JN44;1
IW1RDA;JN44;1
IW1RGP/QRP;JN33;1
IW1RIU;JN43;1
IW1RMM;JN44;4
IW2AFI;JM99;5
IW2BUW;JN45;3
IW2BUW;JN62;1
IW2BZY;JN45;7
IW2CAM;JN45;3
IW2CDH;JN45;3
IW2CXB;JN45;1
IW2CYS;JN45;155
IW2DNI;JN45;1155
IW2DNI;JN55;1
IW2DNI;JN98;1
IW2DUG;JN45;2
IW2DZQ;JN45;1
IW2EHJ;JN45;1
IW2ENA;JN45;9
IW2ETR;JN46;2
IW2EZU;JN45;2
IW2FCX;JN45;1
IW2GSC;JN45;1
IW2HFU;JN45;1
IW2HTZ;JN45;3
IW2HUS;JN45;1
IW2ICC;JN45;1
IW2ILQ;JN45;1
IW2ISC;JN45;1
IW2JPB;JN55;1
IW2JSX;JN45;3
IW2JYJ;JN45;4
IW2LUY;JN45;48
IW2LUY;JN63;4
IW2MLJ;JN46;2
IW2MVI;JN45;1
IW2MYG;JN55;3
IW2MYH;JN45;3
IW2NEF;JN46;281
IW2NPX;JN44;5
IW2NPX;JN45;1
IW2NRI;JN45;3
IW2NWK;JN45;1
IW2OCY;JN45;2
IW2ODG;JN45;12
IW2ODY;JN45;3
IW2OEV;JN45;2
IW3AGO;JN56;113
IW3BVV;JN56;1
IW3BYL;JN56;10
IW3GJF;JN55;1
IW3GLJ;JN55;1
IW3HHB;JN66;3
IW3HKL;JN66;3
IW3HKP;JN55;5
IW3HKW;JN65;5
IW3HOI;JN65;3
IW3IBN;JN55;4
IW3IEA;JN55;7
IW3IEH;JN55;10
IW3IFJ;JN55;188
IW3IIP;JN66;1
IW3IMM;JN56;4
IW3IOD;JN55;337
IW3QBN;JN65;1
IW3QRM;JN66;7
IW3RPS;JN65;1
IW3RPW;JN65;1
IW3RWZ;JN66;1
IW3SGN;JN65;2
IW3SSD;JN65;1
IW4AOT;JN54;15
IW4AOT;JN62;1
IW4APB;JN45;1
IW4APL;JN54;1
IW4BFF;JN54;1
IW4BIF;JN64;1
IW4BKX;JN54;5
IW4BNN;JN54;2
IW4BSI;JN44;2
IW4CXK;JN54;139
IW4DDJ;JN54;2
IW4DLP;JN54;8
IW4DV;JN54;9
IW4DXW;JN64;1
IW4ECF;JN54;15
IW4EGP;JN64;5
IW4EHZ;JN54;1
IW4EII;JN54;8
IW4EJK;JN54;574
IW4ENV;JN45;2
IW5ABF;JN53;1
IW5AEQ;JN53;1
IW5AOT;JN53;37
IW5AXW;JN53;1
IW5AZA;JN53;50
IW5AZA;JN62;1
IW5BEF;JN53;3
IW5BHU;JN54;3
IW5BLT;JN53;1
IW5BMS;JN53;1
IW5BNI;JN53;1
IW5BTT;JN52;2
IW5CKO;JN53;1
IW5CLM;JN53;5
IW5CPQ;JN53;2
IW5CWC;JN53;159
IW5DGQ;JN53;1
IW5DNZ;JN53;4
IW5ELB;JN53;1
IW6ASD;JN63;7
IW6ATQ;JN63;1
IW6CHN;JN62;1
IW6CUY;JN63;1
IW6CZF;JN63;1
IW6DGJ;JN63;7
IW6DTM;JN63;1
IW6MSQ;JN72;5
IW6MXV;JN72;13
IW6NEM;JN62;3
IW6NSG;JN62;3
IW6NZY;JN62;1
IW6OMM;JN72;2
IW6PWC;JN72;1
IW7EBB;JN80;1
IW7ED;JN80;5
IW7EDZ;JN71;1
IW7EEQ;JN80;1
IW7EHC;JN80;1
IW7PCP;JN80;3
IW8AOF;JN70;13
IW8BSR;JN70;3
IW8BWQ;JN70;2
IW8BZE;JN70;1
IW8CGX;JN70;12
IW8ELR;JN70;13
IW8FAD;JN71;1
IW8FBM;JN70;5
IW8PJI;JM88;52
IW8PQ;JM78;23
IW8PQU;JM88;1
IW8QQK;JM89;2
IW8RCN;JM89;1
IW8RQA;JM88;5
IW8RRF;JM88;4
IW8XOU;JN71;15
IW9BJP;JM68;223
IW9CHW;JM77;7
IW9DAF;JM67;7
IW9DED;JM78;1
IW9DNS;JM77;1
IW9EWX;JM77;1
IW9EZO;JM77;22
IW9FDD;JM77;1
IW9FRA;JM68;31
IW9GYL;JM77;1
IW9HDC;JM77;1
IW9HEU;JM68;5
IW9HMQ;JM77;2
IW9HPG;JM78;6
IW9HRN;JM67;15
IX1AMY;JN35;424
IX1CKN;JN35;5
IX1CLD;JN35;1146
IX1CVF;JN35;6
IX1DIT;JN35;2
IX1EJZ;JN35;607
IX1EJZ;LN35;1
IX1HPN;JN35;6
IY4FGM;JN54;694
IY4FGM;JN45;1
IY9ZRO/P;AN35;1
IZ0AEZ;JN62;17
IZ0AON;JN61;1
IZ0AXF;JN61;4
IZ0AXF;OF78;1
IZ0BAK;JN61;2
IZ0BPI;JN61;2
IZ0BVU;JN63;1
IZ0BYM;JN61;16
IZ0CGP;JN62;5
IZ0CLP;JN61;8
IZ0CUV;JN62;4
IZ0CVT;JN61;5
IZ0DHC;JN62;3
IZ0DIB;JN61;1
IZ0DRA;JN61;2
IZ0DXD;JN63;42
IZ0EAE;JN61;4
IZ0EGA;JN61;5
IZ0EUX;JN61;5
IZ0FUW;JN63;4
IZ0FVD;JN61;306
IZ0FYW;JN61;3
IZ0GVZ;JN63;1
IZ0HAP;JN62;65
IZ0HTW;JN61;1
IZ0IBA;JN61;1
IZ0IWP;JN61;5
IZ0LHM;JN61;1
IZ0MIO;JN61;18
IZ0MIT;JN61;578
IZ0MQN;JN63;315
IZ0MTN;JN63;7
IZ0MYH;JN63;1
IZ0NPM;JN61;4
IZ0PAP;JN61;2
IZ0PVL;JN62;2
IZ0RTT;JN61;9
IZ0RVI;JN62;3
IZ0TKD;JN61;3
IZ0TYA;JN61;1
IZ0TYF;JN61;1
IZ0UME;JN61;1
IZ0VRD;JN61;2
IZ0VZS;JN63;2
IZ0WXS;JN62;1
IZ0YZN;JN61;1
IZ0ZAD;JN61;1
IZ0ZIP;JN61;16
IZ0ZZV;JN62;1
IZ1AJJ;JN44;10
IZ1ANK;JN33;1
IZ1BWB;JN35;1
IZ1DBY;JN45;3
IZ1DXG;JN44;1
IZ1DXU;JN45;16
IZ1ERR;JN35;3
IZ1ERT;JN35;3
IZ1ERW;JN45;8
IZ1ESH;JN34;3
IZ1FBC;JN44;5
IZ1GDB;JN35;1
IZ1GEA;JN62;3
IZ1GIT;JN56;1
IZ1GLT;JN34;1
IZ1HIB;JN44;1
IZ1IPF;JN45;1
IZ1JII;JN44;17
IZ1JIZ;JN44;1
IZ1JLP;JN33;3
IZ1JMN;JN43;12
IZ1KGK;JN45;2
IZ1LBD;JN35;7
IZ1MKE;JN44;6
IZ1MKX;JN44;1
IZ1MLQ;JN35;2
IZ1MRO;JN45;3
IZ1NQY;JN45;2
IZ1PHR;JN44;1
IZ1QXV;JN33;1
IZ1WIX;JN33;1
IZ1WWS;JN34;2
IZ1XEE;JN34;78
IZ1YTH;JN45;104
IZ1YUP;JN35;2
IZ1YWD;JN44;6
IZ1ZJD;JN45;3
IZ2ABX;JN45;1
IZ2ACM;JN45;1
IZ2ADT;JN45;4
IZ2ARJ;JN45;18
IZ2BKT;JN55;1
IZ2BVJ;JN45;13
IZ2BZP;JN45;2
IZ2CPP;JN45;1
IZ2CSX;JN45;18
IZ2DAW;JM99;4
IZ2DAZ;JN45;3
IZ2DMV;JN45;1
IZ2DPX;JN45;46
IZ2DPX/2;JN03;1
IZ2DVI;JN45;1
IZ2EAS;JN45;21
IZ2EAS;JN53;8
IZ2EVD;JN55;7
IZ2EWN;JN45;6
IZ2EWQ;JN45;1
IZ2FDU;JN55;3
IZ2FDX;JN45;4
IZ2FNS;JN45;2
IZ2FOS;JN55;65
IZ2FTR;JN55;4
IZ2GNQ;JN45;3
IZ2GTS;JN45;4
IZ2IPF;JN45;26
IZ2JPN;JN45;4
IZ2KLV;JN45;1
IZ2KVA;JN45;1
IZ2KWV;JN55;1
IZ2LRU;JN45;3
IZ2LTL;JN45;5
IZ2LWE;JN45;2
IZ2MOB;JN55;5
IZ2NAB;JN45;1
IZ2OAR;JN45;8
IZ2OAV;JN45;1
IZ2OBS;JN45;2
IZ2ODN;JN55;10
IZ2QCP;JN45;2
IZ2QDC;JN45;4
IZ2QDG;JN55;1
IZ2QDQ;JN45;4
IZ2QGF;JN45;1
IZ2QKG;JN45;1
IZ2QPP;JN46;4
IZ2SNS;JN45;1
IZ2SSP;JN55;1
IZ2SXZ;JN56;16
IZ2YHL;JN45;1
IZ2YNV;JN45;1
IZ2ZPT;JN46;1
IZ2ZQP;JN45;435
IZ2ZSK;JN55;1
IZ3ATV;JN55;1
IZ3BUR;JN55;1
IZ3CGL;JN55;1
IZ3CIX;JN65;2
IZ3CLE;JN65;1
IZ3CLE/QRPP;JN65;2
IZ3DCN;JN66;2
IZ3EIN;JN65;1
IZ3ENH;JN56;24
IZ3ERM;JN55;5
IZ3ERM;JN01;1
IZ3GEF;JN65;1
IZ3GHP;JN55;4
IZ3GNG;JN55;12
IZ3GOG;JN55;6
IZ3GOG;JO31;1
IZ3GOM;JN56;674
IZ3KNK;JN65;943
IZ3KQV;JN66;1
IZ3KUS;JN66;5
IZ3KVD;JN65;13
IZ3LCE;JN65;2
IZ3LCF;JN55;1
IZ3LCP;JN65;1
IZ3LES;JN65;4
IZ3LSZ;JN65;2
IZ3MEZ;JN55;308
IZ3MEZ;JN35;1
IZ3MEZ;JO23;1
IZ3MEZ;KN97;1
IZ3NLT;JN65;6
IZ3NUI;JN65;5
IZ3NUI;JN62;1
IZ3NVE;JN55;2
IZ3NVE;JN65;1
IZ3NVR;JN65;1697
IZ3NVR;KN08;1
IZ3NXC;JN65;1
IZ3PZL;JN55;1
IZ3PZM;JN55;1
IZ3QAQ;JN55;2
IZ3QHA;JN56;2
IZ3RCE;JN55;2
IZ3SMP;JN65;2
IZ3VAJ;JN65;1
IZ3VCA;JN55;1
IZ3VCN;JN66;5
IZ3VCW;JN55;1
IZ3VIN;JN55;6
IZ3WBX;IN70;1
IZ3WBX;JN66;1
IZ3WXG;JN65;1
IZ3XBL;JN55;2
IZ3XCA;JN55;1
IZ3XEF;JN55;252
IZ3XEF;JO90;1
IZ3XJM;JN55;21
IZ3XJN;JN55;1
IZ3XNJ;JN55;1566
IZ3XOJ;JN65;1
IZ3ZID;JN55;1
IZ3ZLT;JN55;692
IZ3ZMC;JN55;4
IZ3ZMC;KN46;1
IZ3ZOO;JN55;3
IZ3ZTZ;JN65;3
IZ3ZUS;JN65;7
IZ4AFM;JN64;13
IZ4AIF;JN54;3
IZ4BKI;JN64;2
IZ4BZD/P;JN54;1
IZ4COW;JN54;3
IZ4EFV;JN64;7
IZ4EFV;JN54;1
IZ4EKI;JN54;6
IZ4FHV;JN54;2
IZ4FUA;JN45;2
IZ4IRO;JN44;162
IZ4IRO;JN55;1
IZ4IRR;JN54;1
IZ4ISM;JN54;5
IZ4IST;JN54;1
IZ4IVK;JN54;2
IZ4JMA;JN54;599
IZ4JMA;JN62;1
IZ4LZH;JN54;1
IZ4MJP;JN54;806
IZ4OSH;JN54;1649
IZ4REF;JN54;956
IZ4REF;FN20;1
IZ4SJI;JN64;1
IZ4SJP;JN54;1
IZ4TNN;JN54;4
IZ4TOA;JN54;5
IZ4TSV;JN54;1
IZ4UFB;JN54;2
IZ4VSS;JN54;4
IZ4VSS;JN49;1
IZ4VVL;JN54;2
IZ4WNP;JN54;1
IZ5BSA;JN53;172
IZ5CMG;JN53;11
IZ5CPK;JN44;9
IZ5CPK;JN34;1
IZ5DKG;JN53;3
IZ5DKI;JN53;1
IZ5EKW;JN53;5
IZ5EKX;JN53;5
IZ5EME;JN52;10
IZ5FCC;JN54;4
IZ5FSA;JN53;185
IZ5FSO;JN53;5
IZ5GSF;JN53;2
IZ5GXZ;JN53;5
IZ5HLP;JN54;1
IZ5HNI;JN53;1
IZ5HQB;JN53;1
IZ5IIN;JN53;735
IZ5IJY;JN53;5
IZ5IJY;JO97;1
IZ5ILK;JN63;972
IZ5ILK;JN62;1
IZ5IMB;JN54;16
IZ5IOS;JN53;5
IZ5IOT;JN53;1
IZ5JLF;JN54;1
IZ5JNO;JN53;3
IZ5LDD;JN53;3
IZ5MDD;JN53;17
IZ5MJO;JN53;1
IZ5MMT;JN52;344
IZ5MOD;JN53;1
IZ5MOQ;JN54;109
IZ5NSH;JN53;607
IZ5OQA;JN53;2
IZ5OVP;JN53;7
IZ5RKH;JN53;1
IZ5RKL;JN53;2
IZ5TIY;JN53;1
IZ5TJD/7;JN80;1
IZ5TQW;JN53;1
IZ5UFW;JN53;1
IZ5VCI;JN53;1
IZ5WTV;JN53;191
IZ5YBN;JN53;1
IZ6BXQ;JN62;119
IZ6BXV;JN72;2
IZ6BYS;JN72;1
IZ6BZQ;JN63;9
IZ6ERS;JN62;1
IZ6FIR;JN61;1
IZ6FKI;JN72;4
IZ6GSB;JN72;3
IZ6HAO;JN63;1
IZ6JPK;JN63;1
IZ6KPR;JN63;3
IZ6MPZ;JN63;6
IZ6NAL;JN72;2
IZ6OVA;JN63;1
IZ6RMG;JN62;2
IZ6SCG;JN62;2
IZ7AUH;JN80;106
IZ7CAL;JM86;1
IZ7DJS;JN81;4
IZ7DOO;JN81;25
IZ7DOZ;JN81;14
IZ7EUB;JN80;1
IZ7FSY;JN80;46
IZ7GIT;JN80;7
IZ7GIT;JN12;1
IZ7HAI;JN90;2
IZ7HNO;JN80;11
IZ7JVR;JN71;1
IZ7LDG;JN81;1
IZ7MFY;JN81;3
IZ7MZU;JN80;1
IZ7NLM;JN81;1
IZ7QFP;JN80;3
IZ7QSS;JN80;2
IZ7QUF;JN81;1
IZ7SGQ;JN71;5
IZ7UBU;JN80;1
IZ7UMS;JN81;1
IZ7URY;JN90;1
IZ7VLL;JN90;3
IZ7WEM;JN81;2
IZ7XIQ;JN81;2
IZ7XIT;JN80;1
IZ7XNB;JN80;6
IZ7XUQ;JN30;1
IZ7XWO;JN71;1
IZ8BFV;JN70;5
IZ8CCW;JM89;200
IZ8CLM;JN70;2
IZ8CPZ;JN70;1
IZ8DBJ;JN70;34
IZ8DFO;JN71;246
IZ8DFW;JM89;3
IZ8DGR/P;JN71;1
IZ8EDI;JN70;7
IZ8EDL;JN71;286
IZ8EFD;JN71;5
IZ8EGE;JM89;2
IZ8EGE;JN60;1
IZ8EGM;JN70;4
IZ8EYN;JM89;115
IZ8FCA;JN70;1
IZ8FCR;JM88;1
IZ8FDH;JN61;2
IZ8FFA/P;JM87;2
IZ8FGH;JN71;6
IZ8FGO;JN70;2
IZ8FMX;JM88;4
IZ8FPK;JN70;1
IZ8GCP;JN70;2
IZ8GNU;JN70;1
IZ8GUU;JN70;5
IZ8IEV;JN70;2
IZ8IFL;JN62;1
IZ8IQO;JM89;5
IZ8JBO;JM89;2
IZ8JJM;JN70;22
IZ8KVW;JN71;1
IZ8LDQ;JN70;2
IZ8LGZ;JN70;4
IZ8MNL;JM89;1
IZ8NON;JN71;1
IZ8NVV;JN70;1
IZ8OFO;JN70;9
IZ8OYV;JN70;1
IZ8PPI;JM89;211
IZ8PPJ;JM88;5
IZ8QKI;JN70;3
IZ8QNS;JN70;1
IZ8UVU;JN62;1
IZ8VYU;JN71;23
IZ8WDH;JM88;3
IZ8XFM;JM89;1
IZ8XQC;JN70;2
IZ8XXE;JN71;16
J3DMQ;PM74;1
J50BAS/P;OJ91;1
J66BF;FK93;1
J68HZ;FK93;184
J69BB;FK94;1
J69DS;FK94;63
J69DS;FK93;1
J72IMS;FK95;1
J73ESL;FK95;2
J73HGL;FK95;2
J73WA;FK95;352
J73WA;KN38;1
J79WTA;FK95;590
J84KTS;RM81;1
J88A;FK93;1
J88BTI;FK93;13
J88IH;FK93;7
J8AA;FK93;303
JA0AAO;PM97;1
JA0ABK;PM97;16
JA0AFD;PM96;1
JA0AOO;PM97;60
JA0AOO;PM95;1
JA0AQX;PM95;2
JA0ARF;PM97;50
JA0ARF;PM86;5
JA0ARF;PM33;1
JA0BXP;PM96;6
JA0BYV;PM97;4
JA0BZY;PM96;316
JA0BZY;PM86;2
JA0CBP;PM95;4
JA0CCR;PM96;8
JA0CFA;PM96;1
JA0CIU;PM85;6
JA0CJK;PM97;1
JA0CJO;PM86;2
JA0CLW;PM96;1
JA0CRI;PM96;8
JA0CRI;PM98;1
JA0CVC;PM96;1
JA0CXQ;PM96;1
JA0CZC;PM53;2
JA0DAI;PM97;52
JA0DAI;PM96;1
JA0DBQ;PM95;1
JA0DBR;PM97;1
JA0DCB;PM85;2
JA0DET;PM97;1
JA0DIN;PM96;1
JA0DJX;PM95;1
JA0DLM;PM85;10
JA0DOW;PM86;2
JA0DRC;PM96;1
JA0DXW;PM97;122
JA0DXW;PM95;1
JA0EBL;PM97;4
JA0EBV;PM97;2
JA0EBV;PM96;1
JA0ECY;PM97;2
JA0ECZ;PM97;2
JA0EFR;PM98;14
JA0EIY;PM96;2
JA0EKS;PM87;1
JA0ELB;PM85;2
JA0ELW;PM97;3
JA0EME;PM97;14
JA0EOK;PM85;9
JA0EOK;PM95;1
JA0EPV;PM97;1
JA0EVI;PM97;2
JA0EYV;PM96;1
JA0FIL;PM97;12
JA0FIL;OM09;1
JA0FLL;PM97;5
JA0FMU;PM96;1
JA0FOO;PM97;2
JA0FOX;PM85;25
JA0FOX;JN03;1
JA0FOX;PM95;1
JA0FSB;PM97;10
JA0FVU;PM97;53
JA0GCI;PM96;82
JA0GJJ;PM97;19
JA0GRC;PM97;2
JA0GUG;PM97;5
JA0HFG;PM95;10
JA0HFG/P;PM95;2
JA0HJI;PM97;1
JA0HMB;PM86;2
JA0HNN;PM97;7
JA0HNN;PM86;1
JA0HWF;PM85;11
JA0HXV;PM85;18
JA0HZR;PM97;6
JA0IAH;PM96;1
JA0IXW;PM86;5274
JA0JRX;PM96;2
JA0JTA;PM97;1
JA0JVE;PM97;4
JA0JWQ;PM97;4
JA0JXU;PM97;4
JA0KGX;PM97;3
JA0KGY;PM86;1
JA0KJD;PM85;1
JA0KJE;PM85;2
JA0KNM;PM86;1
JA0KNM;PM95;1
JA0LFV;PM97;4
JA0LIV;PM97;5
JA0LNS;PM97;5
JA0LSH;PM85;1
JA0MOQ;PM86;11
JA0MQT;PM97;2
JA0MRW;PM96;3
JA0MVW;PM97;11
JA0NFP;PM97;27
JA0NQM;PM96;1
JA0NTR;PM86;1
JA0NUY;PM96;3
JA0OAV;PM95;1
JA0OZZ;PM97;2
JA0PAS;PM85;1
JA0PBK;PM96;2
JA0PE;PM97;9
JA0PIY;PM97;3
JA0PMZ;PM98;1
JA0POI;PM97;1
JA0PPE;PM97;14
JA0PZJ;PM95;2
JA0QAO;PM97;4
JA0QED;PM96;1
JA0RBW;PM96;1
JA0RHT;PM85;3
JA0RUG;PM97;63
JA0SZX;PM97;8
JA0TEB;PM97;1
JA0UNG;PM97;4
JA0US/P;PM95;5
JA0UUA;PM85;1
JA0VEU;PM85;1
JA0VSH;PM85;14
JA0VTS;PM97;1
JA0VV;PM97;1
JA0VZT/P;PM96;1
JA0WDW;PM96;1
JA0WJA;PM86;7
JA0WME;PM96;1
JA0WMP;PM85;5
JA0WRZ;PM86;2
JA0XGF;PM97;3
JA0XII;PM97;17
JA1ADP;PM95;2
JA1AFR;QM05;5
JA1AGE;PM95;2
JA1AGG;QM05;1
JA1AKL;PM95;203
JA1ALE;PM95;1
JA1ALS;PM95;3
JA1ALY;PM95;1
JA1AMB;PM95;6
JA1ARF;PM86;1
JA1ATW;PM95;2
JA1AWF;PM96;104
JA1AWG;PM95;2
JA1AWM;QM05;1
JA1AWU;PM95;591
JA1AWU;PM85;1
JA1AXB;PM95;1
JA1BAU;PM95;1
JA1BAZ;PM95;2
JA1BBE;PM95;1
JA1BFN;PM86;1
JA1BFN;QM05;1
JA1BJY;QM05;20
JA1BK;PM95;1
JA1BLW;PM94;2
JA1BOA;PM95;1
JA1BON;PM95;1
JA1BOP;PM95;21
JA1BPA;PM95;24
JA1BPL;PM95;1
JA1BUL;PM95;42
JA1BWA;QM05;198
JA1BZF;PM95;138
JA1CAY;PM95;3
JA1CCG;PM95;2
JA1CCH;PM95;3
JA1CCX;PM95;3
JA1CDV;PM95;1
JA1CFU;QM06;3
JA1CFZ;PM95;1
JA1CHY;PM95;9
JA1CIA;QM06;3
JA1CIN;PM95;2
JA1CJL;PM95;5
JA1CJP;PM95;2
JA1CLZ;PM96;1
JA1CQK;QM05;5
JA1CQK;AA00;1
JA1CQK;PM84;1
JA1CTT;PM95;1
JA1CUF;PM95;1
JA1DBO;PM95;1
JA1DCK;PM95;49
JA1DDD;PM95;1
JA1DDZ;PM95;211
JA1DFQ;PM95;3
JA1DLZ;QM05;1
JA1DTP;PM95;2
JA1DUH;PM86;1
JA1DVM;PM95;11
JA1DXJ;PM95;4
JA1EGN;PM95;1
JA1EIJ;OF78;1
JA1EIJ;PM96;1
JA1ELM;PM96;1
JA1EMQ;PM95;324
JA1EOD;PM96;24
JA1EPJ;PM95;1492
JA1EUR;PM95;2
JA1EYN;PM96;1
JA1EYQ;QM05;1
JA1FJJ;PM95;149
JA1FNO;PM95;73
JA1FON;PM95;3
JA1FON;PM85;1
JA1FPO;PM95;3
JA1FQI;PM96;1
JA1FUE;PM95;2
JA1FUI;PM95;1
JA1FVE;PM95;7
JA1FVS;PM95;2
JA1FVS;PM86;1
JA1FWS;QM05;5
JA1GFB;QM05;2
JA1GFD;PM95;479
JA1GFD;PM86;1
JA1GHR;PM95;2
JA1GKF;PM95;1
JA1GLE;QM06;3
JA1GLM;PM95;5
JA1GNB;PM86;1
JA1GPN;PM96;2
JA1GQC;PM95;1
JA1GRM;PM95;32
JA1GTN;PM95;1
JA1GUC;PM95;1
JA1GVM;QM05;1
JA1GWA;PM95;2
JA1HEH;PM95;2
JA1HFY;PM95;153
JA1HLF;PM95;1
JA1HOX;QM05;28
JA1IAW;QM06;1
JA1IAZ;PM95;54
JA1IDQ;PM95;2
JA1IE;PM95;663
JA1IFD;PM95;1
JA1IHD;PM96;11
JA1II;PM95;2
JA1ILA;PM95;7
JA1ILA;QM05;1
JA1IOA;QM06;4
JA1ISJ;PM95;57
JA1IST;PM95;2
JA1IST;PM52;1
JA1IVQ;PM95;2
JA1IXY;PM95;1
JA1IZ;PM95;82
JA1IZZ;PM95;92
JA1JAN;PM95;21
JA1JCQ;PM95;1
JA1JEJ;PM86;8
JA1JEJ;PM96;6
JA1JNY;PM95;476
JA1JPM;PM95;1
JA1JQM;PM95;5
JA1JQM;PM86;1
JA1JXT;PM95;2
JA1JYS;PM95;1
JA1KDP;PM95;1
JA1KDU;QM06;3
JA1KGV;PM95;2
JA1KNB;PM95;6
JA1KPF;QM06;392
JA1KPF;OM06;1
JA1KPH;PM95;2
JA1KSP;PM95;2
JA1KTZ;PM95;1
JA1KUV;PM95;2
JA1KWB;QM05;4
JA1KXQ;PM95;9
JA1KYY;PM95;4
JA1KZA;PM95;1
JA1KZC;PM95;4
JA1LBZ;PM95;1
JA1LCT;PM96;1
JA1LSY;PM95;7
JA1LZB;PM95;17
JA1LZB;PM86;1
JA1LZU;PM96;1
JA1MBJ;PM95;1
JA1MLY;PM96;3
JA1MUX;PM95;1
JA1MZL;PM95;1
JA1MZM;PM95;1
JA1NCZ;PM95;2
JA1NCZ;PM53;1
JA1NCZ;QM05;1
JA1NEJ;PM95;3
JA1NEP;PM95;1
JA1NFM;QM05;3
JA1NFM;PM86;1
JA1NFQ;PM95;2
JA1NGB;PM95;2
JA1NGD;QM05;2
JA1NGW;QM05;1
JA1NLC;PM95;1
JA1NLX;PM95;25
JA1NOH;PM95;1
JA1NPQ;PM95;1
JA1NQB;PM95;1
JA1NQI;QM05;1
JA1NRH;PM95;3
JA1NTP;PM95;1
JA1NUX;PM95;1
JA1NVF;PM95;1
JA1NXH;PM96;1
JA1NXV;PM96;3
JA1OCZ;PM95;4
JA1ODC;QM05;2
JA1OGX;PM95;4
JA1OHP;PM95;885
JA1OLT;PM95;229
JA1OMJ;PM95;2
JA1OQJ;QM05;15
JA1OSJ;QM06;2
JA1OVD;QM05;848
JA1OVD;JN76;1
JA1OVD;QM08;1
JA1OYY;PM95;18
JA1OZZ;PM96;7
JA1PAD;QM06;5
JA1PCM;QM05;47
JA1PEC;PM95;1
JA1PIN;PM95;1
JA1PKI;QM06;1
JA1PLL;PM96;5
JA1POP;PM95;2
JA1PPD;PM95;2
JA1PPW;PM95;2
JA1PPW;PM96;1
JA1PQI;PM96;1
JA1PTO;PM95;106
JA1PVX;PM95;16
JA1PYZ;PM96;2
JA1QDB;PM96;123
JA1QEY;PM95;4
JA1QFX;PM95;2
JA1QJI;QM05;3
JA1QML;QM05;3
JA1QMZ;PM95;3
JA1QOS;PM95;2
JA1QOW;PM95;623
JA1QUT;PM95;2
JA1QVR;QM05;1
JA1QWT;PM96;1
JA1QZR;PM96;4
JA1RAL;PM95;1
JA1RBY;PM95;7
JA1RCX;PM95;1
JA1RGY;PM95;1
JA1RHX;PM96;1
JA1RMT;PM95;1
JA1RNU;QM05;3
JA1RPQ;PM95;8
JA1RRA;PM95;329
JA1RSA;PM95;1
JA1RSI;PM96;1
JA1RTX;PM96;2
JA1RXQ;PM95;2
JA1SBA;PM95;4
JA1SCE;PM95;388
JA1SGT;PM95;3
JA1SGX;QM05;1
JA1SJV;PM95;14
JA1SKE;PM95;3
JA1SKG;PM95;4
JA1SLI;QM05;2
JA1SST;PM96;8
JA1SST;PM86;1
JA1SVP;PM96;13
JA1SZN;PM95;1
JA1TDM;PM95;21
JA1TEJ;PM95;2
JA1TKS;PM95;5
JA1TMG;PM96;242
JA1UBZ;PM95;14
JA1UBZ/1;PM85;1
JA1UII;PM95;8
JA1UMQ;PM95;3
JA1UNT;PM95;1
JA1UQA;PM95;25
JA1UQA;PM86;1
JA1UTZ;QM05;16
JA1UWB;PM95;1
JA1UXV;PM95;435
JA1VAT;PM95;4
JA1VBN;PM95;188
JA1VDJ;PM95;6
JA1VGV;QM06;2
JA1VHO;PM95;1
JA1VIP;PM95;1
JA1VIT;PM95;1
JA1VMJ;PM95;5
JA1VND;PM86;1
JA1VRU;PM95;7
JA1VSL;PM95;4
JA1VVX;PM95;1
JA1VWK;PM95;1055
JA1VZO;PM95;1
JA1WAR;PM95;1
JA1WBX;PM95;1
JA1WIO;PM95;8
JA1WJT;PM95;3
JA1WOB;PM95;1
JA1WSK;PM95;957
JA1WSX;PM95;12
JA1WTO;PM96;188
JA1WZM;PM95;1
JA1WZV;PM95;318
JA1XBX;PM95;3
JA1XEC;QM06;37
JA1XGI;PM95;52
JA1XKU;PM95;3
JA1XPH;PM95;1
JA1XPQ;QM05;25
JA1XPQ;PM96;1
JA1XRA;QM05;100
JA1XRA;PM86;2
JA1XRA;PM95;1
JA1XS;PM95;3
JA1XTN;PM95;1
JA1XUY;PM95;37
JA1XWK;QM05;6
JA1XWT;OF78;1
JA1XWT;PM95;1
JA1XXN;PM96;3
JA1XZF;QM05;5
JA1YAD;PM95;365
JA1YGX;PM95;264
JA2ADH;PM85;1
JA2AJJ;PM85;2
JA2ANR;PM84;6
JA2ANX;PM95;2
JA2ATE;PM85;26
JA2ATQ;PM85;3
JA2BCE;PM85;4
JA2BDR;PM85;3
JA2BIV;PM94;1
JA2BMW;PM85;18
JA2BMW;PM96;2
JA2BMW;PM95;1
JA2BNK;PM95;4
JA2BQG;PM85;1
JA2BVS;PM94;3
JA2BYQ;PM85;3
JA2CEJ;PM85;2
JA2CFB;PM85;2
JA2CPN;PM84;1
JA2CXH;PM94;2
JA2DBY;PM85;1
JA2DJI;PM84;17
JA2DMT;PM85;1
JA2DXE;PM84;3
JA2EAB;PM95;3
JA2EDG;PM85;13
JA2FFA/P;QM05;1
JA2FMY;PM95;1
JA2FNY;PM95;13
JA2FQV;PM95;3
JA2FRC;PM85;1
JA2FRO;PM84;1
JA2FSM;PM86;868
JA2FUJ;PM85;6
JA2FXV;PM95;562
JA2FYO;PM94;1
JA2GHP;PM85;4
JA2GOA;PM94;2
JA2GQU;PM95;1
JA2GSR;PM85;1
JA2GSW;PM85;1
JA2HGF;PM86;5
JA2HGF;PM95;2
JA2HIJ;PM85;7
JA2HKC;PM95;3
JA2HMD;PM95;2
JA2HNP;PM85;19
JA2HQZ;PM85;3
JA2HRV/P;PM95;1
JA2HYD;PM86;8
JA2HZA;PM94;3
JA2IB;PM84;9
JA2ICB;PM95;3
JA2IDZ;PM85;3
JA2III;PM84;2
JA2INL;PM84;17
JA2IQV;PM85;2
JA2ITK;PM85;2
JA2IVK;PM84;3
JA2IXS;PM94;4
JA2JBT;PM85;3
JA2JBZ;PM95;65
JA2JDY;PM85;9
JA2JID;PM95;2
JA2JKE;PM84;1
JA2JKU;PM84;1
JA2JNA;PM94;6
JA2JNC;PM95;559
JA2JNT;PM85;2
JA2JRG;PM84;7
JA2JTN;PM95;7
JA2JVC;PM95;1
JA2JVG;PM84;4
JA2JVK;PM94;15
JA2JVK;QE38;1
JA2JWH;PM85;2
JA2JWW;PM84;1
JA2JXI;PM95;1
JA2KAK;PM95;7
JA2KFQ;PM85;12
JA2KGH;PM84;7
JA2KKA;PM84;89
JA2KPW;PM84;1444
JA2KPW;PM94;1
JA2KPW;PM95;1
JA2KPW/P;PM84;391
JA2KQE;PM85;1
JA2KTX;PM84;2
JA2KVB;PM94;14
JA2KVB;PM97;1
JA2KVD;PM84;6
JA2LBA;PM84;1
JA2LMA;PM85;1
JA2LMY;PM94;3
JA2LPY;PM95;6
JA2LRQ;PM85;1
JA2LWA;PM85;21
JA2LWA;PM95;1
JA2LWD;PM84;5
JA2MAX/P;PM95;5
JA2MBT;PM85;1
JA2MNB;PM85;3
JA2MOG;PM84;9
JA2MWP;PM94;2
JA2NDQ;PM94;2
JA2NNF;PM85;1
JA2NOS;PM84;2
JA2NRF;PM84;1
JA2ODB;PM94;46
JA2ORW;PM85;1
JA2QCX;PM95;5
JA2QPD;PM94;1
JA2QUQ;PM85;1
JA2QVP;PM85;6
JA2QXP;PM84;1
JA2RBU;PM84;2
JA2RGH;PM84;9
JA2RID;PM86;4
JA2RPZ;PM84;1
JA2SEN;PM85;5
JA2TKG;PM84;1
JA2TOD;PM85;2
JA2TPZ;PM84;3
JA2UBD;PM85;1
JA2UBD;PM98;1
JA2UDU;PM85;2
JA2VDX;PM85;1
JA2VHO;PM85;2
JA2VHO;PM75;1
JA2VID/P;PM95;1
JA2VMU;PM84;14
JA2VQF;PM84;3
JA2VWG;PM84;3
JA2WSJ;PM85;1
JA2WYN;PM94;1
JA2XQO;PM85;2
JA2XTV;PM94;11
JA2YAK;PM85;1
JA2YSO/P;PM85;2
JA3ADW;PM74;4
JA3ADW;PM86;2
JA3AHD;PM74;4
JA3AIC;PM74;1
JA3ALY;PM74;5
JA3ALY;PM86;5
JA3APV;PM74;5
JA3AVM;PM74;10
JA3BFV;PM74;1
JA3BFV;PM95;1
JA3BIN;PM74;4
JA3BJZ;PM75;3
JA3BOA;PM74;20
JA3BVD;PM74;25
JA3BXF;PM74;8
JA3CG;PM95;9
JA3CTR;PM74;5
JA3DAY;PM74;1
JA3DAZ;PM74;30
JA3DJX;PM74;1
JA3DU;PM74;2
JA3DWJ;PM74;1
JA3EA;PM74;1
JA3EGF;PM74;1
JA3EGW;PM74;8
JA3EGW;PM94;1
JA3EGY;PM74;3
JA3EMA;PM74;3
JA3ENN;PM74;1
JA3EOG;PM74;1
JA3EQC;PM74;10
JA3EQC;PM96;1
JA3FDK;PM74;21
JA3FEC;PM74;2
JA3FGJ;PM86;1
JA3FHL;PM74;10
JA3FQO;PM74;25
JA3FYC;PM85;151
JA3GAK;PM74;34
JA3GGF;PM74;1
JA3GHI;PM75;1
JA3GLU;PM74;6
JA3GN;PM74;1
JA3GPP;PM74;1
JA3GQQ;PM74;1
JA3GRA;PM95;1
JA3GZE;PM95;120
JA3GZE;PM94;1
JA3GZF;PM84;3
JA3HCC;PM74;2
JA3HDM;PM74;3
JA3HDP;PM74;2
JA3HIL;PM74;1
JA3HKR;PM85;2
JA3HLX;PM74;1
JA3HSI;PM64;2
JA3HWX;PM74;1
JA3IBU;PM74;197
JA3IKG;PM74;3
JA3ITQ;PM74;4
JA3IVL;PM74;2
JA3IWB;PM74;14
JA3IXW/P;PM84;2
JA3JDG;PM74;1
JA3JFT;PM74;22
JA3JFT;PM96;1
JA3JGZ;PM74;1
JA3JJU;PM74;1
JA3JNS;PM73;2
JA3JRI;PM74;48
JA3JTU;PM74;2
JA3JYE;PM74;2
JA3KAW;PM74;1
JA3KCM;PM74;2
JA3KKE;PM74;7
JA3KLS;PM74;9
JA3KNN;PM74;2
JA3KNR;PM74;1
JA3KP;PM74;1
JA3KPR;PM74;2
JA3KVC;PM74;1
JA3KVI;PM74;2
JA3KVT;PM74;23
JA3KWJ;PM85;8
JA3LBF;PM74;7
JA3LCR;PM74;1
JA3LEV;PM74;5
JA3LEV;PM95;1
JA3LUU;PM74;8
JA3LVJ;PM74;1
JA3LX;PM86;1
JA3MAT;PM74;29
JA3MCC;PM74;6
JA3MID;PM95;2
JA3MID;PM83;1
JA3MID;PM94;1
JA3MID/P;PM95;1
JA3MMR;PM74;19
JA3MPT;PM74;9
JA3MZG;PM74;2
JA3NCL;PM74;1
JA3NDS;PM74;2
JA3NFA;PM74;5
JA3OHI;PM74;3
JA3OHY;PM74;1
JA3OSA;PM74;2
JA3PCQ;PM74;4
JA3PFY;PM74;1
JA3PIW;PM74;1
JA3PNG;PM74;1
JA3PNN;PM74;1
JA3PNN;PM86;1
JA3POJ;PM74;7
JA3POV;PM74;7
JA3PQX;PM74;2
JA3PRM;PM74;1
JA3PZM;PM74;2
JA3QEC;PM74;16
JA3QJJ;PM75;1
JA3QNI;PM74;1
JA3QOS;PM74;1142
JA3QVO;PM74;3
JA3RAF;PM74;1
JA3RAZ;PM74;100
JA3RHR;PM74;1
JA3RPT;PM74;1
JA3RSJ;PM74;9
JA3RSP;PM74;2
JA3SCY;PM74;3
JA3SIA;PM74;22
JA3TOA;PM74;1
JA3TRH;PM74;5
JA3TYB;PM74;1
JA3UCO;PM74;1
JA3UOQ;PM95;5
JA3USA;PM74;2
JA3VLD;PM74;3
JA3VOV;PM74;502
JA3VOV;PM95;1
JA3VXH;PM74;3
JA3VXM;PM75;4
JA3WNB;PM74;2
JA3WPN;PM74;4
JA3WUI;PM74;3
JA3WXL;QN00;1
JA3XBJ;PM74;1
JA3XGE;PM74;1
JA3XJF;PM74;1
JA3XKJ;PM75;3
JA3XNH;PM84;1
JA3XRO;PM74;1
JA4AEZ;PM64;1
JA4AFA/3;PM74;1
JA4AFT;PM64;25
JA4AQS;PM64;6
JA4BAC;PM64;1
JA4BDY;PM64;3
JA4BEV;PM54;22
JA4BJU;PM64;3
JA4BKE;PM86;1
JA4BMV;PM74;1
JA4BRS;PM64;9
JA4BWN;PM64;3
JA4BXL;PM64;2
JA4CES;PM64;3
JA4CTE;PM64;1
JA4CXX;PM65;1
JA4CZM;PM64;720
JA4DFJ;PM75;2
JA4DHN;PM64;1
JA4DLF;PM75;2
JA4DNC;PM64;8
JA4DPM/1;PM95;1
JA4DPM/1;QM05;1
JA4DTM;PM64;1
JA4DWG;PM64;3
JA4ECC;PM54;2
JA4EFG;PM64;2
JA4EII;PM53;1
JA4ELX;PM64;1
JA4ENY;PM64;697
JA4ENY;OF78;1
JA4EPE;PM53;3
JA4EVN;PM75;392
JA4FAK;PM53;1
JA4FAK;PM96;1
JA4FCC;PM64;3
JA4FCV;PM64;2
JA4FDZ;PM95;1
JA4FJR;PM53;5
JA4FKX;PM64;12
JA4FLC;PM75;1
JA4FQU;PM64;1
JA4FSH;PM64;11
JA4FVC;PM64;1
JA4GBD/8;PM86;1
JA4GCF;PM54;3
JA4GCL;PM64;10
JA4GGM;PM64;1
JA4GYE;PM64;2
JA4GZK;PM64;4
JA4HDO;PM64;7
JA4HEU;PM64;12
JA4HXF;PM64;14
JA4IAQ;PM54;5
JA4ICR;PM64;2
JA4ICR;PM96;1
JA4IHI;PM54;2
JA4IHI;PM95;1
JA4IIJ;PM64;17
JA4IQK;PM64;1
JA4IXI;PM86;1
JA4IYY;PM95;122
JA4JBP;PM64;1
JA4JBT;PM64;21
JA4JCY;PM74;2
JA4JKO;PM64;11
JA4JKO;PM86;2
JA4JOE;PM54;100
JA4JSL;PM54;1
JA4KDT;PM64;4
JA4KHG;PM64;1
JA4KHO;PM64;1
JA4LAO;PM54;1
JA4LKY;PM65;1
JA4LKY;PM86;1
JA4LVZ;PM64;1
JA4LXY;PM64;5
JA4LZC;PM64;2
JA4MAC;PM53;2
JA4MEM;PM75;7
JA4MMO;PM54;1
JA4MOK;PM64;12
JA4MOK;PM96;1
JA4MRD;PM64;2
JA4NBX;PM64;3
JA4NGS;PM64;1
JA4NIJ;PM64;38
JA4NIJ;PM86;3
JA4NLM;PM64;1
JA4NOV;PM65;3
JA4OIJ;PM74;1
JA4OK;PM64;6
JA4OKP;PM64;1
JA4ONP;PM75;6
JA4OPW;PM64;22
JA4PXC;PM64;33
JA4PXC;PM86;1
JA4QAD;PM64;2
JA4QV;PM96;1
JA4RBC;PM64;1
JA4RED;PM64;124
JA4RLB;PM74;1
JA4RMX;PM65;286
JA4RSI;PM64;24
JA4SCR;PM64;2
JA4SVS;PM54;9
JA4TJC;PM64;1
JA4TKY;PM75;9
JA4UDN;PM65;1
JA4UMN;PM64;4
JA4VAD;PM64;24
JA4VOK;PM95;1
JA4VOK/P;PM95;1
JA4VPS;PM64;2
JA4VUQ;PM75;2
JA4WLF;PM64;5
JA4WUA;PM54;1
JA4XTA;PM64;4
JA5AB;PM74;2
JA5AFJ;PM63;3
JA5AFW;PM64;1
JA5ALE;PM74;6
JA5AQC;PM63;7
JA5AUC;PM63;6
JA5BDZ;PM64;16
JA5BEN;PM63;84
JA5BGA;PM63;1
JA5BGO;PM64;3
JA5BQC;PM63;1
JA5BTM;PM63;3
JA5BZL;PM63;4
JA5CBU;PM74;2
JA5CDL;PM64;87
JA5CEX;PM74;21
JA5CPJ;PM74;8
JA5CRC;PM74;3
JA5DDB;PM74;6
JA5DES;PM63;1
JA5DIM;PM64;1
JA5EXC;PM74;1
JA5EYO;PM64;4
JA5EZJ;PM63;1
JA5FNX;PM63;151
JA5FRK;PM63;2
JA5GOJ;PM74;1
JA5GSL;PM62;1
JA5GYU;PM63;12
JA5GYU;PM86;2
JA5HYL;PM63;1
JA5ICH;PM74;2
JA5JFB;PM63;1
JA5JGY;PM63;2
JA5JLF;PM63;11
JA5JQH;PM74;28
JA5JQH;PM96;1
JA5JVQ;PM64;1
JA5JWQ;PM64;13
JA5KJD;PM95;4
JA5LFB;PM63;1
JA5LHW;PM63;3
JA5MHD;PM63;10
JA5MMB;PM63;1
JA5MNW;PM64;3
JA5MOO/P;PL48;2
JA5NLN;PM64;6
JA5NSR;PM73;28
JA5NVN;PM74;1
JA5OAU;PM86;1
JA5OP;PM74;2
JA5OXV;PM63;1
JA5PVC;PM64;2
JA5QJD;PM63;2
JA5QYR;PM64;1
JA5ROH/P;PM74;11
JA5SGY;PM63;1
JA5SLV;PM74;1
JA5SQH;PM74;7
JA5SUD;PM74;887
JA5SUI;PM74;1
JA5SUI/5;PM74;1
JA5THU;PM63;10
JA5USR;PM64;3
JA5VUT;PM64;5
JA5WIO;PM64;1
JA5XAE;PM63;12
JA5XI;PM63;22
JA6ADA;PM52;10
JA6AGA;PM53;3
JA6AGA;PM86;1
JA6ARE;PM53;1
JA6ATL;PM53;1
JA6AVT;PM53;2
JA6BCV;PM53;4
JA6BDB;PM86;1
JA6BMB;PM53;2
JA6BMM;PM53;2
JA6BPQ;PM53;4
JA6BXA;PM52;4
JA6BXA;PM96;1
JA6BZA;PM52;1
JA6BZI;PM53;613
JA6BZI;PP53;1
JA6CBG;PM53;1
JA6CGI;PM53;2
JA6CMQ;PM53;1
JA6CNL;PM53;3
JA6CNL;PM63;1
JA6CNX;PM51;558
JA6CPQ;PM52;4
JA6CVR;PM53;245
JA6DFD;PM42;1
JA6DJS;PM51;2
JA6DWQ;PM53;3
JA6EDJ;PM51;7
JA6EDJ;PM86;1
JA6ENL;PM53;1
JA6EXO;PM52;6
JA6FCV;PM53;2
JA6FFO;PM53;10
JA6FIO;PM53;62
JA6FIO;PM74;1
JA6FIO;PM85;1
JA6FIO;PM96;1
JA6FOD;QM05;4
JA6FUV;PM51;19
JA6GCE;PM52;1757
JA6GEN;PM53;1
JA6GHP;PM53;7
JA6GIR;PM53;11
JA6GMC;PM42;233
JA6GPR;PM53;2
JA6GQF;PM53;1
JA6GWD;PM53;1
JA6GWX;PM53;2
JA6GWX;PM20;1
JA6HLU;PM52;1
JA6HOR;PM53;1
JA6IGO;PM53;3
JA6IGO;PM63;1
JA6IQG;PM53;2
JA6IUQ;PM51;8
JA6IWU;PM53;4
JA6JHM;PM52;5
JA6JMC;PM96;1
JA6JNF;PM53;6
JA6JQV;PM53;12
JA6JRG;PM43;12
JA6JRG;PM96;1
JA6JSY;PM42;2
JA6JTT;PM52;1
JA6JWC;PM53;1
JA6JYN;PM53;1
JA6KJQ;PM51;5
JA6KKZ;PM53;1
JA6KLP;PM53;1
JA6KTD;PM53;2
JA6LCJ;PM52;5
JA6LIK;PM51;1
JA6LIK;PM86;1
JA6MWW;PM53;1115
JA6MWW;JN78;1
JA6MWW;PM86;1
JA6MWW;PM96;1
JA6NEJ;PM52;2
JA6NEJ;PM96;1
JA6NNR;PM51;2
JA6NQC;PM52;2
JA6NQT;PM53;1
JA6NRG;QM05;5
JA6QV;PM53;6
JA6RCH;PM53;14
JA6REX;PM53;6
JA6RFB;PM53;1
JA6SEU;PM53;3
JA6SNA;PM51;3
JA6SNV;PM53;1
JA6SQR;PM53;4
JA6SRB;PM52;90
JA6SUY;PM53;5
JA6SZV;PM95;3
JA6TJY;PM52;3
JA6TXU;PM53;1
JA6UBY;PM42;1
JA6UBY;PM96;1
JA6UGH;PM52;1
JA6VLW;PM53;1
JA6VQA;PM53;355
JA6VQA;PM86;6
JA6VZ;QM06;7
JA6VZB;PM53;578
JA6WCY;PL48;1
JA6WHC;PM53;1
JA6XBH;PM53;1
JA7AKW;QM08;22
JA7AUM;QN00;62
JA7AXP;QN00;1
JA7BAL;QN00;1
JA7BEW;QM08;1
JA7BFT;QM09;5
JA7BMR;QM07;2
JA7BVH;QM08;2
JA7BWT;QM07;2
JA7BXS;PM86;2
JA7BXS;PM95;1
JA7BYR;QM09;3
JA7CBB;QM08;3
JA7CHL;QM07;1
JA7CME;QM07;3
JA7CME;PM95;1
JA7CMH;QM09;1
JA7CPW;QM08;3
JA7CSS;QM09;13
JA7DFD;QM07;2
JA7DFE;QM08;1
JA7DNO;QM08;7
JA7DXX;QM08;5
JA7EMP;QM08;1
JA7ETU;QM09;4
JA7EUX;QN00;2
JA7EVP;QM08;2
JA7EVP;PM86;1
JA7FHI/1;PM99;1
JA7FHL;PM99;4
JA7FJL;PM98;1
JA7FLI;QM09;18
JA7FLI;PM84;1
JA7FLK;QM08;19
JA7FLK;PM86;7
JA7FSB;QM08;1
JA7FTR;QM08;176
JA7FVA;QM07;28
JA7FVA;QM08;1
JA7FVT;QM08;2
JA7GAP;QM08;2
JA7GBS;QM08;2
JA7GFI;QM09;3
JA7GKP/P;QM05;2
JA7GLO;QM08;1
JA7GND;QM07;3
JA7GVE;QM09;6
JA7GYP;QM09;320
JA7HFB;PM98;1
JA7HGA;QM08;7
JA7HKY;QM08;3
JA7HRF;QM09;1
JA7HRM;QM08;108
JA7HRM;EM80;1
JA7HYE;QM07;5
JA7IBX;QM06;1
JA7IC;QM07;2
JA7IRI;PM86;1
JA7ISM;QM09;2
JA7JAS;PM95;1
JA7JFB;QM09;17
JA7JKF;QM09;5
JA7JM;QM08;2
JA7JND;PM97;12
JA7JPZ;PM98;5
JA7JWF;QM08;2
JA7KBR;PM95;4
JA7KE;QM08;4
JA7KHQ;QN00;3
JA7KPL;QM07;2
JA7KQC;QM09;25
JA7LIP;QM07;1
JA7LKA;QM09;1
JA7LKA;QN05;1
JA7LMZ;QM08;2
JA7LNX/P;PM95;1
JA7LOT;QM08;1
JA7LVH;QM09;2
JA7MDY;QM08;1
JA7MIT;QM08;27
JA7MJ;QM08;1
JA7MJP;QM07;1
JA7MKB;QM08;2
JA7MNF;QM07;5
JA7MOL;QM07;1
JA7MVX;QM08;1
JA7MWC;QM07;19
JA7MYG;QM07;4
JA7MYG;QM08;1
JA7NGE;QM08;8
JA7NOX;QM07;2
JA7OTE;QM07;2
JA7OUV;QN00;13
JA7OVC;QM09;2
JA7OWB;QM08;1
JA7OWD;QM07;3
JA7OWD;PM51;1
JA7OYF;QM08;9
JA7OZW;QN00;1
JA7PKV;QM08;1
JA7PPK;QM08;2
JA7QOA;QM08;2
JA7QQQ;QM09;5
JA7QVI;QM08;21
JA7QVK;QM08;3
JA7RAK;QN00;2
JA7RHK;QM08;1
JA7RIH;QM09;9
JA7RMJ;QM08;4
JA7RMY/P;PM95;3
JA7RRU;QM08;8
JA7SYA;QM09;1
JA7TX;QM07;1
JA7TZP;QM08;1
JA7UFG;QM09;6
JA7UKM;QM09;25
JA7UNE;QM09;1
JA7WLY;QM08;2
JA7WND;QN00;1
JA7WSZ;QM07;4
JA7WXL;QN00;3983
JA7XBG;QM08;1
JA7XRH;QM07;8
JA7XVZ;QM09;5
JA7XZU;QM08;1
JA7ZC;QM07;1
JA7ZF;QM09;171
JA7ZP;QM09;176
JA8ABZ;PM95;3
JA8ABZ;PM86;1
JA8ABZ/P;PM95;2
JA8AJE;QN03;6
JA8APN;QN03;1
JA8AWH;QN02;1
JA8AZN;QN03;2
JA8BCW;QN03;1
JA8BMD;QN23;4
JA8BNP;QN03;4
JA8BQW;QN03;3
JA8BSK;QN23;6
JA8CAU;QN13;5
JA8CEA;QN14;988
JA8CIB;QN03;1
JA8CJY;QN02;2
JA8CNF;QN03;1
JA8COE;QN13;3
JA8CPF/P;PM95;2
JA8CVH;QN03;5
JA8DIQ;QN03;11
JA8DIV;QN23;7
JA8DKD;QN02;1
JA8DKJ;QN03;279
JA8DNV;QN03;2
JA8DOB;QN02;3
JA8ECS;QN03;12
JA8ECS;PM95;1
JA8EDN;QN02;32
JA8EJK;QN01;2
JA8EKN;QN03;1
JA8EPO;QN23;2
JA8FAR;QN03;1
JA8FDX;QN13;1
JA8FFB;QN23;2
JA8FFD;QN13;1
JA8FIA;QN03;1
JA8FIG;QN02;1
JA8FIG;QN03;1
JA8FIZ;QN13;3
JA8FLI;QN23;17
JA8FLI;QM09;1
JA8FND;QN24;10
JA8FXW;QN22;1
JA8GAK;QN22;3
JA8GJH;PM95;1
JA8GJH;QN03;1
JA8GJV;PM95;8
JA8GMH;QN03;5
JA8GSZ;QN03;1
JA8GWA;QN03;7
JA8HCE;QN03;2
JA8HCK;QN05;1
JA8HK;QN03;4
JA8HLK;QN03;8
JA8IAF;QN03;2
JA8IDS;QN02;2
JA8IEQ;QN13;2
JA8IER;QN03;4
JA8IIK/P;PM96;1
JA8IML;QN03;7
JA8IMX;QN13;6
JA8INX;QN02;2
JA8ISK;QN23;6
JA8ISK;PM86;2
JA8ISK;QN01;1
JA8ISU;QN23;9
JA8IUB;QN03;1
JA8IZP;QN03;21
JA8IZP;QM08;1
JA8JAK;QN13;3
JA8JLC;QN03;45
JA8JNU;QN13;1
JA8JNZ;QN13;5
JA8JVL/1;PM85;1
JA8JVL/1;PM95;1
JA8JVL/P;PM95;6
JA8JVL/P;PM86;1
JA8KAW;QN02;4
JA8KFR;QN03;1
JA8KFR/P;QN03;2
JA8KSF;QN03;5
JA8KSW;PM96;2
JA8KSW/P;PM96;335
JA8LHN;QN03;1
JA8LJL;QN23;10
JA8LKG;QN03;5
JA8LLL;QN03;1
JA8LRG;QN03;10
JA8MIO;QN02;1
JA8NJC;QN02;2
JA8NRS;QN12;17
JA8NSF;PM95;1
JA8NSF/P;PM95;2
JA8OAI;QN03;108
JA8OGL;QN03;6
JA8OGL;PM96;1
JA8RAT;QN12;2
JA8RJP;QN03;2
JA8RRF;QN02;11
JA8RVP;QN23;8
JA8RVP;QN24;1
JA8SLQ;PM95;1
JA8TIP;QN02;2
JA8UBV;QN23;2
JA8UIV;QN03;8
JA8UUM;QN03;2
JA8XAS;QN01;1
JA8XFK;QN03;1
JA8XQI;QN03;2
JA8ZO;QN03;3
JA9APM;PM86;3
JA9ASN;PM86;7
JA9AVA;PM86;5
JA9AVA;PM85;1
JA9BFN;PM86;22
JA9BGL;PM86;4
JA9BOH;PM85;5
JA9BOH;PM86;1
JA9BOL;PM86;1
JA9BSL;PM85;4
JA9BWA;QM05;1
JA9CAC;PM86;3
JA9CCG;PM86;556
JA9CEI;PM86;5
JA9CHI;PM86;9
JA9CHI;RR73;1
JA9CJJ;PM86;3
JA9CNX;PM51;1
JA9CWJ;PM86;949
JA9CWJ;PM96;1
JA9CXW;PM86;3
JA9CYD;PM85;2
JA9CZJ;PM86;3
JA9CZZ;PM86;2
JA9DAG;PM86;4
JA9DFN;PM86;1
JA9DGI;PM86;7
JA9ECK;PM86;1
JA9EIX;PM74;1
JA9EIX/3;PM74;1
JA9EIX/P;PM74;2
JA9EJG;PM86;645
JA9ELE;PM86;13
JA9ELE;PM64;1
JA9FAI;PM86;1
JA9FFS;PM86;9
JA9FHB;PM86;3
JA9FNY;PM86;1
JA9FOA;PM86;3
JA9FPI;PM86;4
JA9FPI;PM95;1
JA9GLW;PM86;17
JA9GPG;PM86;1
JA9HIZ;PM86;1
JA9HWD;PM86;7
JA9IFF;PM95;12
JA9IIC;PM86;1
JA9IPJ;PM86;1
JA9IVJ;PM86;1
JA9IWR;PM86;1
JA9IWY;PM86;5
JA9JAI;PM86;3
JA9JNM;PM85;1
JA9KA;PM85;3
JA9KTT;PM86;3
JA9LJS;PM86;6
JA9LNC;PM86;3
JA9LX;PM86;1498
JA9LX;JM09;1
JA9MAT;PM86;5
JA9NFO;PM86;18
JA9NLE;PM86;3
JA9OJM;PM86;3
JA9PAK;PM86;2
JA9PBP;PM86;9
JA9PCD;PM85;1
JA9PHV;PM86;52
JA9PPC;PM86;7
JA9QVW/3;PM74;1
JA9QVW/3;PM86;1
JA9RBZ;PM85;3
JA9RRH;PM87;2
JA9SBI;PM85;1
JA9SFE/2;PM85;4
JA9SFE/2;PM95;1
JA9SNF;PM86;4
JA9SOB;PM86;1
JA9SUY;PM86;1
JA9SUY;QM05;1
JA9SVY;PM86;4
JA9SW/P;PM95;1
JA9SWV;PM86;4
JA9TTT;PM96;1
JA9UVC;PM86;2
JA9YH;PM75;1
JD7IDF;OI76;1
JE0ANW;PM86;1195
JE0ANW;PM95;1
JE0ART;PM96;6
JE0ERZ;PM96;2
JE0HCL;PM86;2
JE0IJN;PM97;1
JE0KLX;PM96;9
JE0UXR;PM97;233
JE0WCQ;PM96;125
JE1AGB;PM95;1
JE1AJG;PM95;1
JE1AZH;PM95;1
JE1AZZ;QM05;2
JE1BBV;QM05;2
JE1BJT;QM06;1
JE1BMJ;QM05;11
JE1BZW;PM95;1
JE1CAC;QM06;7
JE1CCD;PM95;10
JE1CCD;QM05;1
JE1CFI;PM95;1
JE1COB;PM95;161
JE1CSW;PM96;9
JE1CTL;QM06;1
JE1CZF;PM95;1
JE1DOF;PM95;2
JE1DRU;QM05;35
JE1EDY;QM06;5
JE1EMH;PM95;3
JE1EMK;PM95;2
JE1FQV;PM95;640
JE1FUT;QM05;1
JE1FYV;PM95;2
JE1GAP;QM05;2
JE1GAP;PM64;1
JE1GAP;PM95;1
JE1GGI;PM95;2
JE1GSD;PM95;12
JE1GUQ;PM95;6
JE1GZB;QM05;3
JE1GZR;PM95;3
JE1HIM;QM05;7
JE1HMS;PM95;3
JE1HPI;PM95;4
JE1HPM;PM95;1
JE1HRI;PM95;5
JE1HRI;QM05;1
JE1HST;PM95;2
JE1IBI;PM95;1
JE1ICP;PM95;1
JE1IIN;PM95;4
JE1ILP;PM95;25
JE1IZO;PM95;1
JE1JAC;PM95;207
JE1JBI;PM95;2
JE1JCF;PM96;4
JE1JDD;QM06;3
JE1JGC;PM95;1
JE1JIM;PM95;5
JE1JPZ;QM06;1
JE1KDI;PM95;2
JE1LES;PM95;265
JE1LET;PM95;1
JE1LFX;PM95;101
JE1LPZ;PM95;7
JE1MCJ;PM95;1
JE1MGE;PM96;3
JE1MII;PM95;1
JE1MPI;QM06;54
JE1MPI;QM09;1
JE1MUP;PM95;1
JE1NAX;PM96;2
JE1NQQ;PM96;3
JE1NVD;PM96;11
JE1NYS;PM95;2
JE1NZZ;PM96;1
JE1OJC;PM96;1
JE1PGA;PM95;15
JE1PKD;PM95;1
JE1POK;QM06;4
JE1PON;PM96;5
JE1PYS;PM95;3
JE1QEV;PM96;2
JE1QYI;PM96;1
JE1RMI;PM95;11
JE1RRK;PM95;566
JE1RRK;PM86;1
JE1RXJ;PM95;4
JE1RZE;PM95;1
JE1SFU;PM95;1
JE1SGH;QM06;1
JE1SOF;PM95;3
JE1SYN;PM96;2
JE1TRF;PM95;1
JE1UDM;PM96;3
JE1UDM;OF78;1
JE1UKJ;PM95;2
JE1UWG;PM85;1
JE1UWG;PM95;1
JE1VIS;QM06;2
JE1VOL;PM95;1
JE1VTZ;PM95;10
JE1VTZ;PM86;1
JE1WAF;PM95;1
JE1WBA;QM05;3
JE1WIF;PM95;2
JE1WMV;PM95;31
JE1XHL;PM95;2
JE1XUL;PM95;22
JE2ADB;PM95;2
JE2AVU;PM95;6
JE2AVU;IN99;1
JE2BOM;PM84;1280
JE2BSJ;PM85;4
JE2CAY;PM85;1
JE2CGR;PM85;6
JE2CPI;PM94;103
JE2DJC;PM86;2
JE2DLR;PM85;50
JE2DZC;PM84;1
JE2EBT;PM94;15
JE2EHP;PM85;3
JE2ERR;PM86;2
JE2ERR;PM95;2
JE2FUP;PM85;15
JE2GEG;PM85;9
JE2GKZ;PM85;1
JE2GUV;PM85;31
JE2HSJ;PM85;1
JE2HSJ;PM95;1
JE2HXL;PM84;209
JE2HXP;PM84;2
JE2IDB;PM84;6
JE2IKS;PM84;2
JE2KDN;PM84;2
JE2KSM;PM95;2
JE2KSP;PM95;1
JE2LOT;PM85;3
JE2LPC;PM85;10
JE2LUN;PM84;2
JE2MVP;PM85;2
JE2NRP;PM95;131
JE2OTM;PM94;20
JE2OTM;PM86;1
JE2OVG;PM84;1
JE2PHJ;PM94;9
JE2PMC;PM85;1
JE2PRX;PM84;2
JE2QGQ;PM84;2
JE2QNA;PM85;1
JE2RBK;PM85;1
JE2RDO;PM84;6
JE2RDO;PM86;1
JE2RMH;PM85;2
JE2RRL;PM84;3
JE2SJK;PM84;4
JE2SOL;PM84;5
JE2TI;PC19;1
JE2TLZ;PM84;1
JE2UFF;PM94;427
JE2UFF;PM86;1
JE2UFF;PM96;1
JE2VFX;PM85;1
JE2WLD;PM85;1
JE2WNL;PM95;2
JE2WTX;PM84;1
JE3AIE;PM73;1
JE3CDW;PM74;1
JE3CMQ;PM74;9
JE3CXJ;PM74;44
JE3DWM;PM74;2
JE3EDJ;PM74;6
JE3EZK;PM74;7
JE3FOR;PM74;3
JE3GAR;PM74;4
JE3GNN;PM75;1
JE3GUG;PM74;421
JE3GYQ;PM74;1
JE3HDF;PM85;1
JE3HUA;PM74;3
JE3IFD;PM74;2
JE3IFZ/P;PM74;1
JE3KKC;PM74;5
JE3MDQ;PM74;2
JE3MPM;PM74;1
JE3MPU;PM74;1
JE3OBW;PM74;1
JE3OUW;PM74;11
JE3OUW;PM95;1
JE3PCP;PM74;1
JE3PZO;PM74;4
JE3QXC;PM95;4
JE3RMM;PM74;2
JE3RMQ;PM74;488
JE3RMR;PM75;2
JE3RNC;PM74;2
JE3RWD;PM74;1
JE3TAT;PM74;1
JE3UJH;PM85;1
JE3UXO;PM75;33
JE3VRJ;PM74;2
JE3VRJ;PM95;1
JE3WHT;PM74;2
JE3WWJ;PM75;1
JE4CIL;PM75;1
JE4EQL;PM64;1
JE4EYM;PM64;5
JE4GJV;PM74;3
JE4GSK;PM64;1
JE4IVN;PM64;26
JE4KCN;PM65;13
JE4KQH;PM75;1
JE4MHL;PM64;313
JE4MKV;PM64;1
JE4MZA;PM75;1
JE4MZT;PM64;3
JE4NAN;PM64;5
JE4RAL;PM65;3
JE4SJA;PM54;1
JE4TOP;PM65;1
JE4URN;PM53;2
JE4WOK;PM64;5
JE4WSA;PM64;1
JE4XOH;PM64;2
JE5BTY;PM63;2
JE5BZO;PM63;1
JE5DWU;PM64;3
JE5HTN;PM64;947
JE5HTN;PM94;1
JE5JHZ;PM63;4
JE5JRY;PM64;3
JE5LXR;PM63;1
JE6AFQ;PM53;1
JE6AZU;PM51;1
JE6CEY/P;QM08;1
JE6CXJ;PM96;1
JE6DOI;PM53;12
JE6DWB/R;MQ55;2
JE6EKQ;PM54;6
JE6FEL;PM53;2
JE6HGL;PM52;8
JE6IEQ;PM53;1
JE6IKC;PM95;1
JE6ILH;PM53;1
JE6JNC;PM53;2
JE6JZP;PM52;3
JE6KYA;PM53;2
JE6LAP;PM53;1
JE6LZN;PM53;193
JE6NXH;PM53;13
JE6OVK;PM53;198
JE6PJP;PM43;1
JE6QQN;PM51;3
JE6RDN;PM53;6
JE6RLB;PM53;15
JE6TDG;PM51;2
JE6UJH;PM53;3
JE6UJH;PM95;1
JE6UJH;PM97;1
JE6UST;PM51;1
JE6VER;PM52;2
JE6WHE;PM51;1
JE6WUG;PM53;10
JE6XEQ;PM51;1
JE6XEQ/P;PM51;1
JE6XNG;PM51;1
JE6XWE;PM52;3
JE6XWE;PM96;1
JE6XYS;PM52;2
JE7BKV;QM07;3
JE7BRO;QM06;1
JE7ETY;PM98;4
JE7ETY;PM86;2
JE7FOP;QM08;2
JE7GXQ;QM09;16
JE7GXQ;PM74;1
JE7HYK;QM09;70
JE7JDL;QM09;143
JE7KHL;QM08;4
JE7KJG;QN00;1579
JE7LHT;PM96;43
JE7LHT;QM07;3
JE7MAY;OI33;1
JE7MAY;QM09;1
JE7MRX;QN00;8
JE7NBR;QM09;1
JE7RHT;QM08;17
JE7UZT;QM09;1
JE7WWR;QM08;1
JE8AGX;QN14;3
JE8CGS;QN23;3
JE8GPW;QN24;1
JE8KDQ;QN04;6
JE8TGI;QN03;2
JE8TRU/P;PM85;1
JE8VZK;QN12;8
JE8VZK;PM96;1
JE9PFD;PM86;3
JE9QMZ;PM86;7
JE9WEO;PM86;2
JF0BZN;PM96;1
JF0CSK;PM86;13
JF0HEN;PM97;1
JF0JNU;PM97;7
JF0MIP;PM96;4
JF0MIP;PM95;1
JF0RRH;PM96;5
JF0SCH;PM96;1
JF0WBW;PM86;1
JF1AAF;PM95;2
JF1AGB;PM95;1
JF1BFW;PM95;5
JF1BKN;QM06;2
JF1BKV;PM95;2
JF1BVG;PM95;1
JF1CCH;QM05;2
JF1CPH;PM95;10
JF1CSE;PM95;1
JF1DCN;PM95;5
JF1DGU;PM96;1
JF1DPF;PM95;2
JF1EHM;PM95;3
JF1ELR;PM95;3
JF1ENF;PM95;1
JF1EPL;PM95;1
JF1EUY;QM06;1
JF1FAO;PM96;4
JF1FFF;PM95;6
JF1FLT;PM95;2
JF1FQV;PM95;1
JF1FSR;PM95;6
JF1FSW;QM05;1
JF1HMC;PM95;1
JF1HQC;PM95;1
JF1HQC;PM96;1
JF1IZZ;PM86;1
JF1JDG;PM95;5
JF1JDQ;PM96;5
JF1JEH;PM96;1
JF1JEQ;QM05;1
JF1JTQ;PM95;1
JF1KAN;QM06;6
JF1KKV;PM95;2
JF1KMC;PM95;15
JF1KML;PM95;4
JF1KUR;PM95;1
JF1KWI;QN00;4
JF1LMB;PM95;3914
JF1LMB;PM05;1
JF1LRS;PM95;1
JF1MAD;PM95;1
JF1MDK;QM06;3
JF1MLG;PM95;1
JF1MUE;PM95;7
JF1MVF;QM05;1
JF1MXC;PM95;1
JF1MXQ;QM06;275
JF1OCG;PM95;1
JF1OCQ;PM96;7
JF1OLC;PM96;1
JF1OPL;PM96;3
JF1OPO;PM96;1
JF1OSL;PM95;7
JF1OST;QM05;2
JF1OVA;PM95;149
JF1PTU;PM95;1
JF1PUW;QM05;1
JF1QQK;PM95;4
JF1RDH;PM95;8
JF1RFB;PM95;1
JF1RPM;PM95;1
JF1RWZ;PM96;1
JF1RYU;PM96;1865
JF1SAG;PM95;2
JF1SEP;QM05;4
JF1SEP;PM95;1
JF1TEU;QM05;89
JF1TPG;PM95;1
JF1TPR;PM95;1
JF1UKN;PM96;5
JF1UKO;PM74;1
JF1URD;QM06;1
JF1URP;QM06;2
JF1USM;QM05;2
JF1UTK;QM05;2
JF1UVJ;PM95;2
JF1VAB;PM95;1
JF1VGE;PM96;2
JF1VST;PM95;9
JF1VTR;QM06;8
JF1WAM;PM95;51
JF1WCK;PM95;28
JF1WHJ;PM95;1
JF1WLK;PM95;5
JF1WQC;PM95;46
JF1WQN;QM05;1
JF1WWM;QM06;1623
JF1WWM;PM96;379
JF1XBQ;PM95;1
JF1XCV;PM95;4
JF1XDA;OF78;1
JF1XHA;QM05;17
JF1XOU;PM95;7
JF1XQL;PM95;1
JF1YRU;PM96;1
JF2AII;PM84;10
JF2BIP;PM95;1
JF2CEO;PM94;1
JF2CTS;PM84;485
JF2CTS;OI52;1
JF2DDR;PM84;9
JF2DDW;PM85;2
JF2DEJ;PM85;1
JF2DJV;PM84;7
JF2DND;PM85;1
JF2EPY;PM95;1
JF2EQC;PM85;1
JF2ERJ;PM84;2
JF2GHV;PM84;4
JF2GPO;PM85;1
JF2GYH;PM84;5
JF2GYH;QF12;1
JF2HBM;PM85;5
JF2HPA;PM85;4
JF2IUC;PM84;10
JF2IWL/150;PM86;1
JF2JFP;PM85;2
JF2JRD;PM86;1
JF2KMC;PM85;4
JF2KOZ;PM84;20
JF2MBF;PM85;1
JF2MMJ;PM85;4
JF2NLF;PM94;2
JF2NLH;PM84;195
JF2OBU;PM95;3
JF2OHQ;PM84;6
JF2OHQ;PM96;1
JF2OZH;PM84;6
JF2PKP;PM84;2
JF2QUL;PM85;2
JF2RDG;PM95;33
JF2RJP;PM85;1
JF2RLB;PM84;1
JF2RLD;PM85;4
JF2RLD;PM86;1
JF2RSF/1;PM95;2
JF2RYX;PM84;9
JF2SKV;PM85;432
JF2SQB;PM95;1
JF2UEE;PM85;1
JF2UPM;PM84;3
JF2UZW;PM85;3
JF2VGS;PM84;1
JF2WGN;PM85;1
JF2XGF;PM95;12
JF2XQP;PM85;1
JF3ACK;PM74;2
JF3AHI;PM74;1
JF3BHV;PM74;3
JF3BPW;PM74;3
JF3BRE;PM85;2
JF3BRW;PM74;1
JF3DCH;PM73;457
JF3EIG;PM74;1
JF3ELH;PM75;1
JF3FFY;PM74;1
JF3GFH;PM95;8
JF3HWO;PM74;9
JF3INI;PM74;1
JF3IPR;PM74;1
JF3JDE;PM75;6
JF3KKD;PM74;1
JF3KQA;PM75;281
JF3KVI;PM74;1
JF3LFL;PM74;1
JF3LGC;PM74;59
JF3LOP;PM74;6
JF3MKC;PM74;1
JF3MXG/6;PM96;1
JF3NTU/P;PM74;6
JF3OUQ;PM74;4
JF3OVQ;PM74;3
JF3OWJ;PM74;2
JF3PCH;PM74;2
JF3PNQ;PM74;299
JF3PNQ;PM47;1
JF3PRS;PM74;35
JF3RGS;PM74;2
JF3RLV;PM74;1
JF3RML;PM85;1
JF3SFK;PM75;7
JF3SFU;PM74;1
JF3UKJ;PM74;12
JF3VAX;PM74;2
JF3VEC;PM74;2
JF4AKW;PM54;1
JF4IMD;PM54;1
JF4MUY;PM64;75
JF4VZT;PM64;2
JF4XUT;PM64;2
JF5JFV;PM63;3
JF6AHC;PM53;1
JF6BCC;PM53;1
JF6BVT;PM52;1
JF6CKV;PM53;1
JF6COJ;PM53;2
JF6CTZ;PM53;1
JF6CVW;PM52;1
JF6CYD;PM53;1
JF6DWC;PM52;1
JF6FFS;PM53;3
JF6FIO;PM53;2
JF6HKQ;PM53;2
JF6JEU;PM53;3
JF6KKC;PM95;1
JF6LIU;PM95;220
JF6LIU/1;PM95;1
JF6LIU/P;PM95;191
JF6LIU/P;KN35;1
JF6LIU/P;MN83;1
JF6LIU/P;NO66;1
JF6LIU/P;OJ05;1
JF6LIU/P;OL62;1
JF6LIU/P;PL07;1
JF6LIU/P;PM01;1
JF6LIU/P;PN11;1
JF6MGC;PM53;40
JF6MZN/P;PM95;1
JF6PND;PM53;1
JF6QIP;PM95;1
JF6QWX;PM42;6
JF6RDM;PM52;2
JF6TLZ;PM53;14
JF6UFB;PM53;1
JF6XHS;PM53;47
JF6XSI;PM53;1
JF6ZKL;PM51;1
JF7BAO;QM08;1
JF7ELG;QM05;1
JF7GDF;QM08;2
JF7NNI;QM07;1
JF7NQM;QN00;2
JF7QUG/P;QM09;1
JF7RJM;QM08;2
JF7RZQ;QM08;4
JF7VGF;QM07;2
JF7XBS;QM08;2
JF7XKY;QM07;1
JF7XLV;QM09;1
JF7XUE;QM09;1
JF8CFI;QN23;9
JF8DBP;QN14;1
JF8EKI;QN03;2
JF8EVE;QN13;2
JF8KBH;QN13;6
JF8LWU;QN12;1
JF8NKM;QN05;4
JF8QNF;QN03;15
JF8QNF;QN02;12
JF9QGG;PM86;2
JF9RBK;PM86;2
JF9RFO;PM86;2
JF9RHS;PM86;2
JF9SHH;PM86;1
JG0CQK;PM97;3
JG0EXP;PM97;1
JG0PXL;PM97;1
JG0SXC;PM96;1
JG0XWS;PM97;1
JG1ABC;PM95;1
JG1AID;PM95;51
JG1APZ;PM95;1
JG1BBD;PM95;6
JG1BKX;PM95;1
JG1BOZ;PM95;1
JG1BPS;PM96;5
JG1BVW;PM84;1
JG1CBZ;PM96;1
JG1DLY;QM05;1
JG1DPP;PM95;1
JG1EGG;PM95;1
JG1EKX;PM96;1
JG1ERW;PM95;2
JG1EZF;PM95;6
JG1FMA;PM95;244
JG1FUV;PM96;1
JG1FVM;PM96;2
JG1GEO;PM95;3
JG1GFU;PM95;9
JG1GGU;PM86;2
JG1GJH;PM95;7
JG1GWG;PM95;1
JG1GZH;PM95;1
JG1HGT;PM95;2
JG1HVC;PM95;1
JG1IEF;PM96;114
JG1IGX;PM53;1
JG1IGX;PM96;1
JG1IIF;QM06;8
JG1IIF;PM95;1
JG1IMP;QM05;18
JG1IPZ;PM96;18
JG1IVI;PM95;1
JG1JAN;PM95;147
JG1JAS;PM95;1
JG1JEO;QM06;7
JG1JHY;PM95;19
JG1JPE;PM96;6
JG1JQK;PM96;3
JG1KAJ;PM95;2
JG1LEU;PM95;5
JG1LKT;PM95;1
JG1NDH;PM95;1
JG1NDM;QM06;2
JG1NDM;PM95;1
JG1NJU;PM95;4
JG1NUY;PM95;1
JG1OGM;PM96;3
JG1PST;PM95;1
JG1PXO;PM95;1
JG1QCK;PM95;1
JG1QLY;PM95;1
JG1QLY;PM96;1
JG1QZF;PM95;2
JG1QZW;PM95;1
JG1RBF;PM95;2
JG1RFE;QM05;11
JG1RNK;QM06;3
JG1RSI;PM95;2
JG1RVN;PM95;16
JG1RYQ;PM95;1
JG1SAJ;PM95;2
JG1SDZ;PM96;4
JG1SNW;PM95;3
JG1SRO;PM96;4
JG1SVF;PM95;4
JG1SWV;PM95;140
JG1SXP;PM95;3
JG1SYK;PM95;20
JG1TFC;PM95;1
JG1TGQ;QM06;2
JG1TJO;PM95;4
JG1UDD;PM96;1
JG1UDE;PM96;3
JG1ULJ;QM05;2
JG1ULJ;PM86;1
JG1ULT;PM95;3
JG1UNF;PM95;2
JG1UNV;PM95;2
JG1UTA;PM95;1
JG1UVU;PM96;1
JG1WNM;QM05;3
JG1WNO;QM05;4
JG1XBM;PM95;1
JG1XFN;PM95;2
JG1XUZ;PM95;5
JG2AIG;PM95;4
JG2AJK;PM85;5
JG2CNZ;PM86;4
JG2DZM;PM84;4
JG2GGR;PM84;2
JG2HAS;PM95;2
JG2HYX;PM85;1
JG2KTZ;PM84;2
JG2KTZ;PM98;1
JG2OTY;PM85;3
JG2PPK;PM85;1
JG2VCQ;PM85;4
JG2XXQ;PM86;1
JG3AGB;PM74;1
JG3CHR;PM74;1
JG3CYV;PM74;2
JG3DHN;PM95;52
JG3DJX;PM74;2
JG3EIA;PM95;72
JG3EIA/P;PM95;79
JG3EWE;PM74;8
JG3EYA;PM75;3
JG3EYU;PM75;2
JG3FEA;PM74;5
JG3FSK;PM74;3
JG3FSK;PM75;1
JG3GNU;PM75;7
JG3KLF;PM74;2
JG3KMT;PM74;1
JG3LDD;PM74;2
JG3LGD;PM96;1
JG3LHR;PM74;1
JG3LLF;PM95;1
JG3LWP;PM74;4
JG3MBE;PM75;2
JG3MBE;PM74;1
JG3MBL;PM74;5
JG3MPK;PM74;4
JG3NES;PM74;1
JG3NVJ;PM74;1
JG3OZC;PM74;3
JG3PMB;PM74;1
JG3QBJ;PM75;9
JG3QHX;PM74;2
JG3QZN;PM74;3
JG3RIG;PM74;1
JG3RWX;PM74;2
JG3RXZ;PM74;5
JG3SKK;PM74;8
JG3TRB;PM74;74
JG3TRB;PM96;1
JG3TWK;PM74;3
JG3UAW;PM74;1
JG3UCV;PM85;1
JG3VHY;PM75;4
JG3WJN;PM74;4
JG3WXM;PM74;1
JG3XLB;PM74;1
JG4AKL;PM64;9
JG4BLW;PM75;1
JG4CSI;PM64;2
JG4GZK;PM64;3
JG4JZB;PM64;1
JG4NDO;PM64;5
JG4NDO;PM63;1
JG4NNS;PM54;2
JG4OIS;PM96;1
JG4QFG;PM64;80
JG4TNW;PM65;8
JG5CAJ;PM63;1
JG5FAE;PM63;4
JG5GLB;PM63;2
JG5KJN;PM74;1
JG5OFT;PM63;2
JG5VFK;PM74;8
JG6FOX;PM53;1
JG6QHE;PM53;1
JG6RLI;PM43;2
JG6SRB;PM43;5
JG6TYU;PM43;1
JG6VBG;PL48;3
JG7AMD;QM09;2024
JG7DAM;QM08;3
JG7DLI;PM99;1
JG7IGQ;QN00;1
JG7LBN;QM08;1
JG7PLB;QM07;1
JG7TWN;QM08;1
JG7UMF;QM09;2
JG7WYZ;PM97;1
JG8CGC;QN03;1
JG8DSR;QN02;1
JG8FWH;QN03;18
JG8HXF;QN03;1
JG8IAF;QN02;1
JG8IBY;QN03;1
JG8JBX;QN03;225
JG8NQJ/JD1;QL64;1
JG8TDZ;QN03;583
JH0AHI;PM97;10
JH0AKV;PM96;3
JH0ASH;PM86;1
JH0AWC;PM97;4
JH0BBA;PM97;5
JH0BQN;PM97;1
JH0BQX;PM97;14
JH0CFC;PM96;9
JH0CLK;PM96;1
JH0DUG;PM96;787
JH0DUG;PM06;1
JH0DUG;PM94;1
JH0EHQ;PM96;19
JH0EQN;PM97;5
JH0EXA;PM96;4
JH0FSO;PM96;1
JH0FUC;PM96;4
JH0FWR;PM97;1
JH0FYS;PM97;3
JH0HJL;PM97;3
JH0HQY;PM86;2
JH0IHR;PM86;1
JH0ILL;PM96;3
JH0INE;PM97;2
JH0JBM;PM97;2
JH0JLP;PM85;9
JH0KWZ;PM97;1
JH0LAO;PM97;1
JH0LQD;PM96;9
JH0LQD;PM86;1
JH0MAQ;PM97;11
JH0MAU;PM97;2
JH0MSF;PM97;4
JH0MTI;PM96;1
JH0MUE;PM96;4
JH0MXV;PM86;2
JH0NCG;PM97;2
JH0NKN;PM97;1
JH0NOS;PM95;6
JH0OIM;PM86;1
JH0OXS;PM96;2
JH0QQG;PM97;2
JH0RNN;PM97;3
JH0RVY;PM96;12
JH0RXF;PM85;1
JH0SBU;PM85;1
JH0TPF;PM97;2
JH0WJE;PM86;909
JH0WJF;PM86;4154
JH0WJF;PM06;1
JH0WRT;PM97;2
JH0WSL;PM87;2
JH0ZXV/P;PM96;1
JH1ABC;QM05;1
JH1AGZ;PM95;1
JH1AHU;PM95;9
JH1AJT;PM95;19
JH1AKZ;PM96;3
JH1APK;PM95;5
JH1APZ;PM95;13
JH1APZ;PM86;1
JH1AQG;PM95;5
JH1AUL;PM95;29
JH1AWJ;PM95;1
JH1BBS;QM06;10
JH1BCS;PM95;3
JH1BGH/P;PM94;1
JH1BHW;PM95;427
JH1BNC;PM95;3
JH1BSJ;PM95;6
JH1BTY;PM95;12
JH1BTY;EM80;1
JH1BZJ;PM86;4
JH1BZJ;QM06;4
JH1BZJ;PM95;1
JH1CCN;PM95;7
JH1CGI;QM05;1
JH1CJQ;PM95;5
JH1CJY;PM95;26
JH1CQE;PM95;2
JH1CTV;QM05;2528
JH1CUW;PM95;1
JH1CZK;PM96;5
JH1DBK;PM95;13
JH1DGJ;QM06;1
JH1DIS;PM96;1
JH1DJD;PM95;119
JH1DJJ;PM96;3
JH1DOM;PM95;1
JH1DRF;PM95;2
JH1DSX;PM95;23
JH1DTX;PM95;1
JH1DWN;PM95;1
JH1DWQ;PM96;109
JH1EBO;PM96;3
JH1EDA;PM95;2
JH1EDD;QM06;2
JH1EDZ;PM95;1
JH1EFE;QM05;6
JH1EGJ;PM95;2
JH1EIG;QM06;7
JH1EVF;PM95;1
JH1EXF;QM06;1
JH1EXH;PM96;8
JH1EXH;PM95;1
JH1EYM;QM05;6
JH1FCV;PM95;3
JH1FNO;QM05;2
JH1FNU;PM95;307
JH1FSB;PM95;2
JH1FSB;PM85;1
JH1FVE;PM96;1
JH1FWD;PM95;1
JH1FXB;PM95;11
JH1FYN;PM95;1
JH1GBO;PM95;121
JH1GJY;PM95;4
JH1GZE;PM96;2
JH1GZV;PM95;2
JH1HAB;PM95;9
JH1HFE;PM96;370
JH1HFE;QM07;1
JH1HGI;PM96;23
JH1HHC;PM96;1
JH1HHP;PM95;69
JH1HRJ;PM95;15
JH1HST;PM95;42
JH1HYC;PM95;3
JH1IDM;PM95;1
JH1IFS;PM96;16
JH1IHG;PM95;2
JH1IHO;PM95;1
JH1ILV;PM95;4
JH1IMU/P;PM95;6
JH1JCQ;PM95;7
JH1JJV;QM07;307
JH1JJV;PM95;2
JH1JLH;PM96;1
JH1JNJ;PM95;59
JH1JRA;PM95;10
JH1JWW;QM06;2
JH1KAK;QM05;3
JH1KDN;PM95;3
JH1KDN/P;PM95;2
JH1KFU;PM95;6
JH1KGT;PM95;13
JH1KKT;PM95;4
JH1KNR;PM96;5
JH1KNV;PM95;2
JH1KPT;PM96;542
JH1KSB;PM96;2
JH1KYA;PM95;346
JH1KYX;PM95;1
JH1LAH;PM96;10
JH1LAH;PM74;1
JH1LAH;PM84;1
JH1LNL;PM95;2
JH1LON;PM95;2
JH1LPZ;PM95;13
JH1LPZ;PM86;1
JH1LYO;PM95;3
JH1MFN;QM06;1
JH1MGT;PM95;1
JH1MOH;PM95;276
JH1MZI;PM95;1
JH1NCZ;PM95;1048
JH1NHY;PM95;9
JH1NIO;PM95;1
JH1NTG;PM95;9
JH1NYM;QM06;1
JH1OAA;PM95;1
JH1OBM;PM95;6
JH1OBS;PM95;12
JH1ODD;PM96;1
JH1OEV;PM96;1
JH1OGT;PM95;1
JH1OLB;PM96;302
JH1OLB;RM96;1
JH1OMF;PM95;2
JH1ORA;PM95;5
JH1ORW;PM95;9
JH1OXI;PM95;1
JH1OZV;PM95;221
JH1OZV;PM86;9
JH1PCE;PM95;1
JH1PTA;PM96;5
JH1PXH;PM95;3
JH1PZD;PM95;8
JH1PZJ;PM95;1
JH1QAX;PM96;1
JH1QMX;PM95;1
JH1QQN;PM95;5
JH1QYT;QM05;13
JH1QYT;EM90;1
JH1QYT;PM01;1
JH1QYT;PM74;1
JH1RAG;PM95;92
JH1RFM;PM96;1144
JH1RRP;QM05;1
JH1SBE;PM95;1
JH1SCZ;PM95;1
JH1SJN;PM95;1
JH1SLW;PM96;9
JH1TAA;QM05;1
JH1TCA;PM95;1
JH1TDO;PM95;4
JH1TEB;PM95;4
JH1TJH;PM95;20
JH1TRO;QM06;1
JH1TUX;PM95;1
JH1TVM;PM95;1
JH1UBK;QM06;103
JH1UBW;QM06;1
JH1UGN;QM05;1
JH1UKI;PM96;4
JH1UOB;PM95;2
JH1USA;PM96;4
JH1USM;PM95;2
JH1USR;NO66;1
JH1USR;PM95;1
JH1UXJ;PM95;1
JH1VHU;PM95;13
JH1VIX;PM95;593
JH1VKZ;PM95;1
JH1VPB;PM95;5
JH1WCL;QM05;1
JH1WFS;QM06;45
JH1WFS;PM86;1
JH1WOY;QM05;135
JH1XBQ;QM05;2
JH1XEF;PM95;6
JH1XOX;PM95;9
JH1XQE;PM95;1
JH1XUM;PM95;689
JH1XXB;PM95;10
JH1XYB;PM96;2
JH1XZX;PM95;1
JH2AKB;PM85;4
JH2AMN;PM85;1
JH2AZA;PM84;1
JH2BDA;PM85;6
JH2BHW;PM85;5
JH2BJL;PM85;20
JH2BKA;PM95;1
JH2BLF;PM95;5
JH2BUF;PM84;18
JH2CCQ;PM85;7
JH2CDL;PM85;1
JH2CHY;PM85;2
JH2CSZ;PM84;1
JH2DBQ;PM96;1
JH2DFJ;PM85;36
JH2DUC;PM94;1
JH2EJQ;PM85;1
JH2ELO;PM84;1
JH2ELZ;PM85;1
JH2EUV;PM95;27
JH2EUV;PM86;1
JH2FCW;PM85;4
JH2FNN;PM85;1
JH2FNN;PM86;1
JH2FOR;PM85;2
JH2FXK;PM84;538
JH2GSE;PM85;1
JH2HHD;PM84;1
JH2HHJ;PM85;5
JH2HIW;PM95;4
JH2IJD;PM85;1
JH2IUV;PM95;4
JH2JFM;PM94;2
JH2JNU;PM84;1
JH2JRX;PM84;2
JH2KAC;PM95;1
JH2KAG/P;PM95;1
JH2KKW;PM94;3
JH2KOZ;PM94;2
JH2KVP;PM84;14
JH2LMH;PM95;411
JH2LMH;QM08;1
JH2LPY;PM85;1
JH2MYN;PM94;211
JH2NGG;PM85;1
JH2NKE;PM84;5
JH2NWP;PM84;10
JH2OJS;PM95;7
JH2OJS/P;PM85;1
JH2QBV;PM84;1
JH2QBV;PM85;1
JH2QFW;PM85;2
JH2QMT;PM85;3
JH2QXG;PM85;107
JH2RIH;PM85;211
JH2RWP;PM85;1
JH2SAR;PM94;2
JH2UVL;PM94;1
JH2VNS;PM95;3
JH2VVH;PM84;5
JH2WDT;PM85;2
JH2WHV;PM85;1
JH2XEM;PM85;2
JH2XQY;PM85;3
JH3AGV;PM74;2
JH3AIU;PM74;5
JH3ALW;PM74;3
JH3AQQ;PM75;1
JH3BJG;PM74;1
JH3BQR;PM74;1
JH3BSD;PM74;3
JH3CFG;PM75;3
JH3CON;PM74;2
JH3CUL;PM74;26
JH3DMQ;PM74;446
JH3EQP;PM74;6
JH3EUJ;PM74;2
JH3FCF;PM74;1
JH3FDR;PM75;1
JH3FGI;PM74;1
JH3FHQ;PM74;3
JH3GBS;PM74;1
JH3GCN;PM74;1
JH3GFA;PM74;1
JH3GIR;PM75;2
JH3GMI;PM74;123
JH3GNS;PM74;2
JH3GRO;PM74;1
JH3GVG;PM74;3
JH3IEF;PM74;4
JH3IEG;PM74;18
JH3IMR;PM74;9
JH3IMR;PM86;1
JH3IOY;PM74;3
JH3IVO;PM74;3
JH3IXM;PM86;5
JH3JJD;PM74;1
JH3JJS/P;PM95;2
JH3JWH;PM74;2
JH3JZJ;PM74;2
JH3KAI;PM74;5
JH3KCA;PM75;3
JH3KCW;PM74;2
JH3KHS;PM74;1
JH3KTL;PM74;1
JH3LIB;PM74;1
JH3LSB;PM74;1
JH3MTL;PM74;3
JH3MWD;PM74;1
JH3OGT;PM74;1
JH3OWW;PM74;4
JH3OXM;PM74;3
JH3PTC;PM74;22
JH3PVK;PM74;1
JH3QAX;PM75;1
JH3QDS;PM74;2
JH3QFY;PM74;2
JH3REA;PM74;1
JH3SIF;PM74;3
JH3TEM;PM74;1
JH3TFN;PM74;3
JH3UWS;PM74;1
JH3VWN;PM74;2
JH3WRT;PM74;1
JH3XYA;PM74;2
JH3YKM;PM74;4
JH4AAG;PM74;4
JH4ADV;PM64;5
JH4ALY;PM54;6
JH4ALY;PM25;1
JH4ATC;PM53;1
JH4ATX;PM75;1
JH4AWD;PM75;2
JH4AWD;OF78;1
JH4BAR;PM74;8
JH4BTI;PM54;1
JH4BYS;PM64;4
JH4BYS;PM95;1
JH4BYZ;PM64;11
JH4CES;PM64;3
JH4CPC;PM64;6
JH4CZY;PM64;3
JH4DHX;PM65;1
JH4DYP;PM75;3
JH4EHF;PM65;1
JH4EYD;PM75;1
JH4FUF;PM64;609
JH4GLG;PM64;1
JH4GNI;PM64;1
JH4GPU;PM64;1
JH4GXE;PM64;8
JH4GXR;PM64;1
JH4HMG;PM64;62
JH4HMG;PM74;1
JH4HNG;PM64;1
JH4IEB;PM98;1
JH4IFF;PM74;7
JH4JNG;PM75;1
JH4JOM;PM64;1
JH4JUW;PM74;1
JH4KRP;PM64;4
JH4KVO;PM64;10
JH4MCZ;PM64;8
JH4MJO;PM64;3
JH4MSA;PM64;1
JH4MTE;PM64;3
JH4MYD;PM54;4
JH4NRG;PM64;1
JH4NYG;PM64;1
JH4PBQ;PM64;353
JH4PBQ;PM85;1
JH4PNG;PM64;5
JH4PUL/3;PM86;1
JH4QGW;PM64;2
JH4RUF;PM74;1
JH4RWV;PM64;6
JH4SAQ;PM64;3
JH4SLF;PM64;1
JH4SUY;PM64;1
JH4TAJ;PM64;1
JH4TAJ;PM95;1
JH4UTP;PM64;8786
JH4UTP;PM96;1
JH4UYB;PM64;5287
JH4UYB;PM86;5
JH4UYB;JL24;1
JH4UYB;OF78;1
JH4VAJ;PM95;126
JH4VEC;PM64;1
JH4VTV;PM64;1
JH4WHW;PM64;1
JH4XSY/P;PM95;149
JH5AUY;PM64;1
JH5BIZ;PM74;2
JH5BKC;PM74;5
JH5CPM;PM64;1
JH5EZJ;PM63;2
JH5FTY;PM63;22
JH5FTY;PM96;1
JH5FVT;PM74;17
JH5FXP;PM63;1
JH5FXP;PM96;1
JH5GEN;PM64;2
JH5GWA;PM64;1
JH5GWN;PM63;2
JH5HDA;PM63;2266
JH5JJK;PM63;2
JH5LCN;PM63;1
JH5LTS;PM64;9
JH5MTH;PM74;1
JH5MXB;PM63;202
JH5MXB;JN72;1
JH5PHC;PM63;1
JH5PXJ;PM64;9
JH5QJK;PM63;1
JH5QVM;PM73;1
JH5TWQ;PM63;7
JH5WPY;PM63;5
JH5WVY;PM74;1
JH6ATS;PM53;2
JH6AUV;PM52;2
JH6BMH;PM53;1
JH6CDH;PM43;2
JH6CPQ;PM42;5
JH6CYW;PM53;1
JH6DSR;PM52;2
JH6DSR;PM85;1
JH6DUL;PM51;6
JH6EEJ;PM53;1
JH6EFI;PM53;2
JH6ERA;PM53;2
JH6ETS;PM53;24
JH6ETS;PM93;1
JH6EYL;PM53;1
JH6GCW;PM53;3
JH6GSR;PM51;28
JH6HXH;PM41;3
JH6HZH;PM53;13
JH6JBQ;PM53;2
JH6JDZ;PM43;3
JH6JGN;PM51;3
JH6KTZ;PM44;1
JH6KTZ;PM53;1
JH6MNB;PM43;4
JH6NYL;PM53;1
JH6OPP;PM53;10
JH6OZO;PM53;2
JH6PFY;PM53;3
JH6PFY;PM52;1
JH6PPV;PM53;1
JH6PRH;PM53;1
JH6QIL;PM51;882
JH6QLA;PM52;1
JH6QOK;PM51;2
JH6RKI;PM53;6
JH6RRR;PM53;1
JH6RTO;PM51;3
JH6SKJ;PM53;44
JH6SKJ;OM53;1
JH6SQZ;PM53;3
JH6SZD/P;PM53;1
JH6TGL;PM51;1
JH6TNH;PM53;17
JH6TOU;PM53;1
JH6URJ;PM53;2
JH6VXP;PM53;3
JH6WDG;PM96;1
JH6WHN;PM53;507
JH6WOF;PM54;2
JH6XOD;PM52;1
JH6XYA;PM53;2
JH7APL;QM08;1
JH7AUL;QM07;457
JH7AUL;PM86;3
JH7AUR;QM07;1
JH7AWL;QM08;1
JH7BDS;QM09;1
JH7BKN;QN00;2
JH7CVM;QM07;8
JH7CVM;OM07;1
JH7DDD;QM08;1
JH7DFZ;PM86;1
JH7DFZ;QM07;1
JH7DUP;PM97;8
JH7FHQ;QN01;1
JH7FUI;QM08;1
JH7GFA;QM08;6
JH7GGZ;QM07;3
JH7GHF;PM97;1
JH7GWO;QM08;4
JH7GZW;QN00;16
JH7HIQ;QN00;9
JH7HUB;QM08;13
JH7HWR;QM07;3
JH7IAJ;QM08;1
JH7IMX;QM08;25
JH7IMX;PM96;1
JH7IXU;QM08;1
JH7JCX;QM08;1
JH7JLN;QM09;1
JH7KAG;QM08;5
JH7KAG;PM96;1
JH7KEY;QM07;5
JH7MEV;QM08;12
JH7MGJ;QM07;3
JH7MKB;QN00;13
JH7NVJ;QM08;4
JH7OHS;QM07;9
JH7OTG;QM08;6
JH7OUW;QM09;3
JH7PES;QM08;6
JH7PFD;PM09;1
JH7PIP;QM09;1
JH7QLR;QM08;13
JH7QXJ;QM08;3336
JH7QXJ;PM86;3
JH7QXJ;OM08;1
JH7QXL;PM86;1
JH7QXL;PM98;1
JH7RTQ;QM07;1678
JH7RTQ;BA69;1
JH7RTQ;QM09;1
JH7RWQ;QM08;2
JH7RXU;QM09;9
JH7RYC;QM09;1
JH7RZM;QM09;3
JH7SHV;QM09;5
JH7SSJ;QM08;373
JH7SSJ;PM86;1
JH7UJU;QM08;189
JH7UKE;QM08;8
JH7VHZ;QN00;90
JH7VTE;QM09;101
JH7WNV;QM07;3
JH7WOB/P;PM64;1
JH7WQX;QM08;5
JH7XKI;QM07;2
JH7XMO;QM08;2
JH7XPW;QM08;2
JH7XQR;QM09;1
JH7XRG;QN00;1
JH7XWM;QM09;6
JH7XWT;QN00;1
JH8AHV;QN03;1
JH8BPG;QN02;1
JH8CGU;QN02;2
JH8CXW;QN03;195
JH8DBI;QN01;1
JH8DBJ;QN13;2
JH8DPS;QN03;2
JH8DWD;QN02;1
JH8EJA;QN13;2
JH8ESQ;QN13;3
JH8FFJ;QN03;7
JH8FNO;QN03;3
JH8HOK;QN03;1
JH8HPH;QN02;2
JH8IBB;QN03;3
JH8ISO;QN03;18
JH8IST;QN03;1
JH8IYN;QN03;40
JH8JWF;QN02;13
JH8JYV;QN02;216
JH8KHD;QN03;1
JH8KUQ;QN13;3
JH8KVF;QN03;9
JH8LAJ;QN01;1
JH8MZF;QN15;400
JH8NTR;QN02;10
JH8NTR;QN00;1
JH8NTR;QN03;1
JH8OCV;QN03;1
JH8PFW;QN13;7
JH8RXM;QN03;1
JH8RZJ;QN03;2
JH8SGR;QN02;3
JH8SIT;QN03;13
JH8SYG;QN03;1
JH8UQJ;QN12;1
JH8VQT;QN02;1
JH8VVN;QN03;2
JH8VYH;QN03;11
JH8WAH;QN03;14
JH8WGT;QN02;1
JH8WUR;QN03;5
JH8WWP;QN12;1
JH8XTZ;QN03;1
JH8XVT;QN03;3
JH8ZMF;QN15;1
JH9ATW;PM75;7
JH9AUB;PM86;1
JH9CHL;PM87;1
JH9DRL;PM86;80
JH9FNB;PM96;1
JH9IBF;PM86;3
JH9ISY;PM86;11
JH9IWZ;PM87;1
JH9OKC;PM86;2
JH9OPW;PM86;1
JH9OSX;PM86;1
JH9VLZ;PM86;3
JH9VMK;PM90;1
JI0NRN;PM96;1
JI0SOO;PM85;10
JI0SOO;PM96;1
JI0VWH;PM97;6
JI1AFU;QM06;5
JI1AJO;PM95;6
JI1ANI;PM95;2
JI1ANL;PM95;3
JI1AOI;PM95;3
JI1BBN;QM05;11
JI1BKC;PM95;1
JI1BXD;QM05;3
JI1CHH;PM95;1
JI1CLB;PM96;1
JI1CMW;PM95;1
JI1CNA;PM95;6
JI1CPN;PM95;2
JI1CRM;QM07;1
JI1CZK;PM95;5
JI1DCW;PM95;11
JI1DFO;PM95;6
JI1DMH;PM96;4
JI1DOM;PM95;1
JI1ENE;PM95;12
JI1ETU;PM95;4
JI1FGX/DU9;PJ18;5
JI1FGX/DU9;PM85;1
JI1FLB;PM95;128
JI1FWH;QM06;4
JI1GDS;PM95;2
JI1GFZ;PM95;5
JI1GGW;QM05;1
JI1GJH;PM95;2
JI1GPP;PM95;1
JI1GQO;PM96;2
JI1GXN;PM95;1
JI1HAC;QM05;11
JI1HFJ;PM95;1
JI1HGD;PM95;2
JI1HNC;PM95;1
JI1HPZ;QM05;1
JI1HSV;PM95;3
JI1IKC;PM95;2
JI1ILB;PM96;3
JI1ISA;PM95;2
JI1IZS;PM95;1
JI1KLH;PM95;3
JI1LNP;PM95;3
JI1MPS;PM95;3
JI1MUT;PM95;771
JI1MWZ;PM95;3
JI1NIK;PM95;1
JI1NJC;QM06;9
JI1NNE;PM95;2
JI1NOK;PM95;1
JI1ORE/P;PM95;2
JI1OYZ;PM95;1
JI1PFB;PM95;3
JI1PSW;PM95;4
JI1QAU;PM95;4
JI1QXH;PM95;3
JI1QXZ;PM95;1
JI1RUX;PM96;5
JI1RXQ;PM96;1
JI1RZI;QM05;1
JI1SAI;PM95;1
JI1SAI/P;PM95;1
JI1SCR;PM95;2
JI1SGI;PM95;3
JI1SGI;PM96;1
JI1SIE;PM95;2
JI1SMA;PM95;415
JI1SVY;PM95;2
JI1TBA/P;PM53;1
JI1TSH;PM95;1
JI1UMC;PM95;2
JI1UPP;PM95;1
JI1UUI;PM95;1
JI1VDM;PM95;2
JI1VIK;QM05;9
JI1VIK;PM85;1
JI1VJX;QM06;1
JI1VXT;PM96;3
JI1VXT;PM34;1
JI1WMI;QM05;4
JI1WMI;PM95;1
JI1XNQ;PM95;1
JI1XOR;PM95;2
JI1XTO;PM95;2
JI2BKO;PM94;2
JI2FBG;PM85;13
JI2FBG;PM86;1
JI2FYR;PM84;1
JI2HPJ;PM85;2
JI2IXA;PM85;858
JI2IXA;PM84;1
JI2KUJ;PM85;1
JI2OSJ;PM85;1
JI2RAC;PM95;3
JI2RID;PM95;1
JI2SCP;PM85;1
JI2SIN;PM84;1
JI2TKX;PM85;21
JI2UDK;PM85;1
JI2VWY;PM85;1
JI2XEA;PM84;4
JI3CJP;PM85;2
JI3CWI;PM74;4
JI3DMI;PM74;14
JI3ERY;PM74;1
JI3GDB;PM74;3
JI3GKP;PM74;1
JI3GNI;PM74;1
JI3KHV;PM74;7
JI3KWZ;PM96;12
JI3LLF;PM74;3
JI3MJK;PM74;7
JI3OYK;PM74;2
JI3PMR;PM85;1
JI3QPZ;PM85;1
JI3VUB;PM74;1
JI3XOK;QN13;2
JI3XRZ;PM74;4
JI4JGD;PM64;63
JI4JKO;PM64;13
JI4JKO;PM95;2
JI4POR;PM65;16
JI4UUG;PM65;1
JI4WAO;PM65;934
JI4WAO;KO33;1
JI4WAO;PM95;1
JI4WHS;PM64;2196
JI4XLI;PM54;1
JI5BQS;PM63;3
JI5HGO;PM63;1
JI5KGQ;PM74;2
JI6EEZ;PM53;2
JI6HOF;PM53;2
JI6IHG;PM51;1
JI6IHG;PM96;1
JI6IHG/P;PM51;1
JI6JMD;PM52;4
JI6VWH;PM53;1
JI7FFF;QM07;2
JI7GYU;QM07;3
JI7HSW;QM08;1
JI7JIH;QM08;46
JI7KNV;QM08;1
JI7UUO;QM08;29
JI7VNJ;QM07;457
JI8DXO;QN13;7
JI8GVJ;QN13;1
JI8ODD;QN03;1
JI8QDC;QN12;1
JI8UCI;QN13;1
JJ0ACA;PM96;3
JJ0AWX;PM97;25
JJ0AWX;PM86;1
JJ0CCZ;CM87;1
JJ0CCZ;PM86;1
JJ0DRC;PM97;1
JJ0GIS;PM85;3
JJ0LZQ;PM97;78
JJ0NCC;PM85;1
JJ0OAP;PM97;1
JJ0QKW;PM86;1
JJ0UFO;PM97;2
JJ0UZR;PM96;3
JJ0VEF;PM86;1
JJ0VFV;PM86;2
JJ0WAJ;PM96;2
JJ0WCH;PM86;1
JJ1ABU;PM95;1
JJ1AHS;QM06;1
JJ1AYX;PM95;3
JJ1BCB;PM95;1
JJ1BDX;PM95;4
JJ1BIJ;PM95;1
JJ1BKX;PM95;3
JJ1BMD;PM95;1
JJ1CBY;PM95;1265
JJ1CBY;PM86;2
JJ1CEN;QM05;8
JJ1CIX;PM95;2
JJ1CKN;PM95;1
JJ1CWC;PM95;154
JJ1DJW;PM95;15
JJ1DPG;PM95;1
JJ1DWT;PM95;3
JJ1ECD;PM95;1
JJ1ECQ;PM95;1
JJ1EER;PM95;2
JJ1EJN;PM96;2
JJ1ENZ;PM95;2
JJ1EOE;QM05;2
JJ1EPD;PM96;12
JJ1GID;PM95;11
JJ1GIN;QM05;1
JJ1GLK;PM96;62
JJ1GTQ;PM95;1
JJ1GTV;PM95;2
JJ1HEU;PM95;1
JJ1HLL;PM95;1
JJ1HMC;PM95;1
JJ1HMR;QM05;4
JJ1HTI;PM96;1
JJ1HTO;PM95;1
JJ1IMG;QM06;502
JJ1IOJ;PM95;1
JJ1IOM;PM96;3
JJ1IWF;PM96;1
JJ1JGZ;PM95;1
JJ1JHR;PM95;14
JJ1JMZ;PM96;11
JJ1JZB;PM95;2
JJ1KTK;PM95;3
JJ1KZZ;PM95;171
JJ1LAH;QM05;8
JJ1LBJ;PM95;5
JJ1LNN;QM06;1
JJ1MBU;PM95;75
JJ1MDZ;PM95;3
JJ1MNB;PM95;3
JJ1MUO;PM95;1
JJ1MXR;PM95;1
JJ1NDP;PM95;59
JJ1NFA;PM95;2
JJ1NRD;PM95;3
JJ1NRL;QM06;2
JJ1NRL;PM96;1
JJ1NRX;QM05;1
JJ1NYA;PM95;2
JJ1NYH;PM95;17
JJ1PFC;QM06;3
JJ1PII;PM95;86
JJ1PIQ;PM96;1
JJ1PMZ;PM95;3
JJ1PWI;QM05;3
JJ1QCI;PM95;3
JJ1QDK;PM95;7
JJ1QDT;PM96;1
JJ1QEI;PM95;4
JJ1QMJ;PM95;2
JJ1QOH;QM05;4
JJ1QQT;QM06;1
JJ1QUM;PM96;1
JJ1QUV;PM95;2
JJ1QWP;PM95;5
JJ1RDX;PM95;3
JJ1REU;PM95;1
JJ1SAZ;PM95;3
JJ1SMC;PM95;1
JJ1SRO;PM95;2
JJ1SSY;PM95;31
JJ1SZA;QM05;14
JJ1TBK;PM95;5
JJ1TKN;QM06;4
JJ1TPF;PM95;3
JJ1TQD;PM95;25
JJ1TQD;PM94;1
JJ1TUI;PM95;2
JJ1UBA;PM95;5
JJ1UBX;PM95;53
JJ1UEM;PM96;1
JJ1UOZ;PM95;3
JJ1UUZ;PM95;49
JJ1UYE;PM95;3
JJ1VCJ;PM95;3
JJ1VIY;PM95;4
JJ1VJQ/P;PM51;3
JJ1VQD;PM95;1
JJ1VZZ;PM95;2
JJ1WFB;PM95;200
JJ1WGG;PM95;1
JJ1WLB;PM95;7
JJ1WWL;QM06;75
JJ1XAB;PM95;1
JJ1XBQ;PM95;8
JJ1XCJ;PM95;1
JJ1XIH;PM95;2
JJ1XQU;PM95;189
JJ1XRO;QM06;3
JJ1ZEJ;QM06;196
JJ2AOA;PM84;1
JJ2AVH;PM85;4
JJ2CDL;PM84;2
JJ2CJB;PM85;3
JJ2CJB/P;PL36;3
JJ2CJB/P;PM85;1
JJ2EJA;PM85;1
JJ2HCM;PM85;24
JJ2HCM;PM86;1
JJ2IJU;PM85;17
JJ2IJU;PM86;3
JJ2KDZ;PM94;10
JJ2LPV;PM85;4
JJ2MQW;PM94;1
JJ2MWV;PM85;2
JJ2NWI;PM85;9
JJ2OYC;PM85;3
JJ2PDR;PM95;2
JJ2PIK;PM85;1
JJ2QWN;PM85;6
JJ2QWN;PM96;1
JJ2RON;PM94;1
JJ2TFF;PM95;3
JJ2TLC;PM84;1
JJ2UDF;PM84;1
JJ2VVY;PM84;1
JJ2WOC;PM85;1
JJ2YVY;PM84;42
JJ3AMU;PM74;1
JJ3BRC;PM74;1
JJ3BTB;PM74;4
JJ3DKQ;PM74;2
JJ3GPJ;PM96;1
JJ3JHP;PM75;1
JJ3KPS/P;PM74;3
JJ3LKQ;PM74;1
JJ3PUC;PM74;4
JJ3UQP;PM85;1
JJ3VLV;PM74;3
JJ3WTY/P;PM75;1
JJ4JIR;PM54;3
JJ4KXR;PM64;1
JJ4NDD;PM64;1
JJ4QKY;PM65;7
JJ4SCH;PM64;1
JJ5AOU;PM74;3
JJ5ASD;PM74;4
JJ5DZE;QM05;5
JJ5GSY;PM63;1
JJ5HOB;PM74;1
JJ5KVE;PM63;1
JJ5NFT;PM64;5
JJ5QVS;PM74;1
JJ5RAX;PM63;1
JJ5RCX;PM64;534
JJ5RZZ;PM74;96
JJ6MXA;PM53;7
JJ6PKZ/R;PP95;2
JJ6PZM;PM52;1
JJ7ATA/P;QM05;1
JJ7KKM;QN00;2
JJ7LUO;QM09;1
JJ7OIP;QM07;1
JJ7QQI;QM08;7
JJ7SRA;QM09;4
JJ7TDH;QM07;12
JJ7TDQ;QM07;2
JJ8DEN;QN12;1
JJ8ILG;PM85;1
JJ8NDL;QN03;1
JK1AFC;PM95;8
JK1AKA;PM95;2
JK1AKC;PM45;1
JK1AKC;QM05;1
JK1ANB;QM05;2
JK1AXI;PM95;910
JK1AXM;QM05;246
JK1AYO;PM95;9
JK1BAB;PM96;445
JK1BAB;PM95;1
JK1BAZ;PM95;5
JK1BBD;PM95;3
JK1BCK;PM96;1
JK1BGV;PM95;14
JK1BIB;PM95;9
JK1BMT;PM95;1
JK1BPY;PM96;1
JK1BSB;PM95;13
JK1BSB;PM86;1
JK1BSZ;PM95;2
JK1BSZ;OF78;1
JK1CAB;PM95;1
JK1CWD;PM95;7
JK1CWV;PM95;2
JK1CYB;PM95;6
JK1DDG;PM96;6
JK1DDG;PM95;3
JK1DDQ;PM95;4
JK1DIG;PM95;1
JK1DMX;PM95;28
JK1DVP/P;QN01;46
JK1EBA;PM95;2
JK1EBN;PM95;1
JK1ECX;PM95;42
JK1EEF;PM95;3
JK1EHE;PM95;1
JK1EIL;PM95;2
JK1ELI;PM95;1
JK1ERA;PM96;3
JK1ERC;PM95;1
JK1ERQ;PM96;2
JK1EVU;PM95;4
JK1EWT;PM95;1
JK1EXO;PM95;5
JK1EZK;PM95;5
JK1FFD;QM06;3
JK1FFF;QM06;1
JK1FTF;QM05;36
JK1FUN;PM96;3
JK1FUN;PM95;1
JK1GAA;QM06;1
JK1GHJ;PM95;5
JK1GIB;PM95;5
JK1GJL;PM95;1
JK1GKG;PM95;14
JK1GKG;PM74;1
JK1GOK;PM95;4
JK1GPC;PM95;136
JK1GRD;PM95;1
JK1GSY;PM95;1
JK1GTT;PM95;3
JK1GZF;OF78;1
JK1GZF;PM95;1
JK1HAK;PM95;1
JK1HIY;QM05;102
JK1HSZ;PM95;3
JK1HWU;PM95;935
JK1HXH;PM95;3
JK1HZH;PM95;1
JK1IHE;PM95;6
JK1IOY;QM05;1
JK1IQA;QM05;7
JK1IRO;QM05;1
JK1IWC;PM95;1
JK1JAS;PM95;34
JK1JSD;PM95;2
JK1JXB;PM95;3
JK1KAV/P;PM95;1
JK1KDD;PM95;13
JK1KIN;QM05;2
JK1KSB;PM95;5
JK1LEK;PM95;1
JK1LNM;PM94;5
JK1LPD;PM95;5
JK1LPW/PM53;PM35;1
JK1LQB;PM95;1
JK1LRD;PM95;6
JK1LSE;PM96;1
JK1LSP;PM95;3
JK1LUS;PM95;3
JK1MAE;PM95;5
JK1MBT;PM95;1
JK1MCD;PM95;1
JK1MEL;PM95;2
JK1MEO;PM95;1
JK1MJE;PM95;1
JK1MVU/P;PM95;1
JK1MYT;PM95;1
JK1NIU;PM95;1
JK1NJJ;PM95;3
JK1NPH;PM95;4
JK1NSR;QM05;99
JK1OFY;PM95;1
JK1OLT;PM96;5
JK1OSG;PM95;1
JK1OTP;PM95;1
JK1OUD;PM95;2
JK1OUN;QM05;1
JK1OZS;QM05;1
JK1PEC;PM95;2
JK1PIG;PM95;1
JK1PJA;PM95;2
JK1PKJ;PM95;1
JK1PLE;PM95;1
JK1PLK;PM95;10
JK1PSQ;PM95;121
JK1QEV;QM05;1
JK1QHK;PM95;8
JK1QMC;PM95;1
JK1QYL;QM05;1
JK1QYW;PM95;2
JK1RBO;QM05;1
JK1RHW;QM05;1
JK1RWT;PM95;2
JK1RZD;QM06;1
JK1RZJ;PM95;2
JK1SLR;QM06;1
JK1SOO;PM96;4
JK1SQI;PM95;1
JK1SYC;QM06;4
JK1TCV;PM96;1
JK1TFI;PM96;2
JK1TPA;PM95;1
JK1TTQ;PM95;1
JK1TVG;PM95;1
JK1TWB;PM95;2
JK1UIB;PM95;2
JK1VGN;PM95;1
JK1VUZ;PM95;11
JK1VXE;PM95;18
JK1WEY;PM95;85
JK1WPS;PM95;31
JK1WSH;PM95;5
JK1WZC;PM95;2
JK1XDK;PM95;1
JK1XFS;PM95;1
JK1XMP;QM05;9
JK1XMR;PM95;10
JK1XMR;PM96;1
JK1XPF;PM95;1
JK2AQT;PM94;14
JK2IVS;PM84;3
JK2KNH;PM84;24
JK2NNF;PM85;1
JK2NWU/P;PM85;1
JK2QUE;PM84;1
JK2REY/P;QM08;2
JK2TTP;PM83;4
JK2VOC;PM84;356
JK2XJE;PM84;3
JK3AGC;PM74;2
JK3AGC;PM75;1
JK3AGC;PM86;1
JK3DGX;PM74;5
JK3GPE;PM74;1
JK3HFN;PM75;390
JK3JTJ;PM74;5
JK3JXP;PM74;1
JK3QNH;PM74;1
JK3RHX;PM74;1
JK3ROD;PM74;3
JK3TJM;PM74;1
JK3UDU;PM74;5
JK3VPF;PM74;1
JK3WMY;PM84;2
JK4GDB;PM64;1
JK4JCR;PM64;3
JK4JMO;PM64;9
JK4KHZ;PM64;1
JK4KSD;PM64;2
JK4KSD;PM95;1
JK4OZA;PM85;11
JK4SJH;PM54;3
JK4UAO;PM54;1
JK4WKO;PM54;1
JK5RMB;AJ01;1
JK6DXD;PM53;13
JK6GVI;PM43;1
JK6IZM;PM53;1
JK6JAB;PM53;32
JK6VKE;PM42;1
JK6VKE;PM86;1
JK7ATC;QM07;13
JK7BEJ;QN00;3
JK7CWL;QM07;281
JK7IKJ;QM08;1
JK7JCK;QM08;1
JK7KBB;QM07;3
JK7QQB;QM08;3
JK7SVV;QM08;1
JK7TUJ;QM08;1
JK7UHC;QM07;3
JK7UHC;PM85;1
JK8NIP;QN05;503
JK8SBF;QN02;2
JK8VMB;OF78;2
JK8VMB;QN01;2
JK9UPN/P;EF19;1
JL1AJV;QM06;2
JL1ALQ;PM95;1
JL1AWB;PM95;1
JL1BKR;PM95;2
JL1CLJ;QM05;2
JL1CNR;PM96;1
JL1CNY;QM06;598
JL1COU;PM95;1
JL1CUS;PM95;1
JL1CWS;PM95;3
JL1CYL;QM06;1
JL1DHV;QM05;1
JL1DLQ;PM95;1
JL1DRF;PM95;2
JL1DRF;PM64;1
JL1DUE;PM95;1
JL1EEI;PM86;2
JL1EEI;QM05;2
JL1EHU;PM95;23
JL1EOH;PM95;275
JL1EUF;PM95;1
JL1EUP;PM96;9
JL1FKG;PM95;1
JL1GFO;PM95;1
JL1GHQ;PM95;6
JL1GPG;PM95;1
JL1GQI;PM95;5
JL1GSA;QM05;1
JL1GYY;PM96;6
JL1GYZ;PM96;9
JL1HRU;QM06;1
JL1IEO;PM95;20
JL1IHE;PM95;4
JL1IVG;PM95;3
JL1JAH;PM95;1
JL1JJD;PM95;117
JL1JVT;PM96;1
JL1KBS;PM95;3
JL1KBS;PM85;1
JL1KCL;PM95;9
JL1KGC;PM95;5
JL1KLD;FP50;1
JL1LNC;PM95;1
JL1LQC;PM95;1
JL1LYT;QM06;3
JL1MRO;PM95;1
JL1MYP;PM95;5
JL1OBH;PM95;1
JL1OEC;PM95;8
JL1OVC;PM95;4
JL1OWF;PM95;9
JL1QOC;PM95;322
JL1RUC;PM95;5
JL1SAM;PM95;6
JL1TJM;PM95;8
JL1TZQ;PM95;6
JL1UGN;PM95;2
JL1USZ;PM95;1
JL1UXH;PM95;2
JL1VAL;PM95;2
JL1VNI;PM95;1
JL1WRV;PM96;104
JL1WSK;PM95;3
JL1XAL;QM05;1
JL1XMN;PM96;2
JL2CPA;PM85;5
JL2GSN;PM95;1
JL2GSU;PM94;2
JL2KEQ;PM95;2
JL2KOD;PM84;1
JL2LIJ;PM84;1
JL2NLJ;PM94;1
JL2OBL;PM85;1
JL2TAW;PM95;22
JL2ULM;PM85;2
JL3JQC;PM74;2
JL3LSF;PM74;1
JL3MCM;PM74;3
JL3MST;PM74;1
JL3OUW;PM74;1
JL3OXR;QM06;388
JL3ZHU;PM85;1383
JL3ZHU;PM74;385
JL3ZHU;MO37;1
JL3ZHU;RM85;1
JL4DYV;PM64;1
JL4WYY;PM64;29
JL6HXC;PM51;1
JL6USD;PM53;10
JL6USD;QM07;1
JL6WVK;PM53;1
JL7AIA;QM09;2
JL7RTG;QM08;2
JL7VGY;QN00;2
JL7XLN;QM08;3
JL8CCQ;QN12;3
JL8GZO;QN02;1
JL8IPF;QN03;3
JL8LGW;QN01;3
JM1AKA;PM96;1
JM1ANA;PM95;16
JM1ATF;QM05;3
JM1AZO;PM95;1
JM1BUQ;PM95;2
JM1CJY;PM95;1
JM1CTP;PM95;4
JM1CYJ;PM95;1
JM1DDK;PM95;3
JM1DUI;QM05;65
JM1DVM;QM05;1
JM1FFG;PM95;2
JM1FHL;PM95;13
JM1GAW;PM95;4
JM1GAW;PM86;2
JM1GFU;PM96;1
JM1GHT;PM95;4
JM1GSA;PM96;1
JM1HJG;PM95;1
JM1JZN;PM96;1
JM1JZY;PM95;1
JM1LAW;PM95;1
JM1LIK;PM95;16
JM1LIK;PM86;1
JM1LQI;PM95;73
JM1LXS;PM96;2
JM1NBP;PM95;1
JM1NKT;PM96;1029
JM1OAX;QM05;5
JM1OFJ;PM95;1
JM1OOJ;PM95;2
JM1QUJ;PM96;8
JM1RFF;PM95;2
JM1RNP;PM95;1
JM1RNP/P;PM64;1
JM1SRF;PM95;1
JM1SZY;PM95;446
JM1UTT;PM95;3
JM1VMW;QM06;2
JM1VNJ;PM95;4
JM1VWQ/P;PM96;1
JM1WIN;PM95;2
JM1XBD;PM95;7
JM1XCW;PM95;2320
JM1XCW;PM86;1
JM1XCW;PM96;1
JM1XIX;PM95;1
JM1XLQ;PM95;1
JM1XSJ;PM95;2
JM1XXL/P;PM64;5
JM2LEI;PM84;2
JM2LOF;PM95;1
JM2RUV;PM94;83
JM2TKL;PM85;3
JM2TSY;PM84;1
JM3BCH;PM74;2
JM3INJ;PM74;2
JM3NDV;PM75;1
JM3OCJ;PM74;1
JM3UGA;PM74;9
JM3VNU;PM95;1
JM3WYA;PM74;3
JM4INV;PM64;3
JM4IOE;PM54;2
JM4OGF;PM65;1
JM4TKE;PM65;3
JM4WUZ;PM64;1
JM6FLU;PM53;1
JM6GEG;PM53;1
JM6JIG;PM51;1
JM6PYH;PM52;1
JM6TAD;PM52;2
JM7BML;QM07;5
JM7EJW;QM07;8
JM7GTK;QN00;302
JM8BGQ;QN03;3
JM8BGQ;PM53;2
JM8BIU;QN01;5
JM8DLG;QN02;7
JM8FEI;QN03;748
JM8MEP;QN03;1
JM8MGU;QN23;7
JM8PBI;QN02;1
JM8PGV;QN02;1
JM8POP;QN03;1
JM8PSY;QN05;23
JM8PZR;QN03;1
JM8QYC;QN23;1
JM8SMO;QN13;1
JN1AQH;PM96;1
JN1AUQ;QN00;1
JN1AUQ/P;QN00;2
JN1BPR;PM96;1
JN1CDX;PM95;9
JN1EJH;PM96;7
JN1IIR;PM95;1
JN1IZR;PM95;4
JN1JFC;QM06;3
JN1JFC;PM86;1
JN1JOU;PM95;1
JN1JYD;PM95;173
JN1JYD;PM74;1
JN1KXH;PM95;7
JN1LLG;PM96;2
JN1LZF;PM95;2
JN1NBU;PM95;4
JN1NKV;PM95;1
JN1NZO;QM05;1
JN1OZD;QM07;1
JN1PCA;PM95;2
JN1RFB;PM95;5
JN1RNP;PM95;1
JN1SUT;PM95;3
JN1VSI;QM06;4
JN1VUR;PM95;2
JN1VWW;PM95;5
JN1WGZ;PM96;3
JN1XAI;QM05;9
JN1XNI;PM95;11
JN1XQS;PM95;4
JN2CSD;PM84;1
JN2CXM;PM84;1
JN3AIR;PM74;3
JN3CUM;PM74;1
JN3DGL;PM74;6
JN3ECU;PM74;2
JN3HYM;PM74;2
JN3JQC;PM75;2
JN3LQP;PM74;4
JN3LQP;PM86;2
JN3MXT;PM74;180
JN3MYA;PM74;6
JN3ONX;PM74;15
JN3OUJ;PM74;1
JN3OYU;PM74;2
JN3SAC;PM74;2
JN3TMW;PM74;499
JN4CKZ;PM54;1
JN4MIV;PM74;1
JN4TBI;PM64;1
JN4THO;PM64;2
JN6AVV;PM52;3
JN6EZN;PM51;1
JN6GWQ;PM51;4
JN6III;PM53;3
JN6XBY;PM42;1
JN7DOS;QM08;8
JN7DOS;PM86;2
JN7FAH;QM08;1
JN7RFH;QM08;1
JN7TAN;QM06;65
JO1ALS;QM05;5
JO1ATK;PM95;105
JO1AYI;QM05;1
JO1COV;PM95;16
JO1CRA;PM96;20
JO1DNR;PM95;6
JO1DWH;PM96;1
JO1FJU;PM95;3
JO1GUZ;PM95;2
JO1GXE;PM95;1
JO1HJD;QM06;1
JO1JBF;PM95;11
JO1KIW;PM95;1
JO1KTD;PM95;179
JO1KVS;PM95;1
JO1KXP;PM95;2
JO1LVZ;PM95;8
JO1LXP;PM95;1
JO1MEE;PM95;1
JO1OSP;PM96;5
JO1PSX;QM05;1
JO1PYV;PM95;1
JO1QNO;PM45;1
JO1RUR;QM05;1
JO1UCV;QM06;1
JO1UHK;PM95;2
JO1ULJ;PM95;2
JO1VRK;PM95;2
JO1WMP;PM95;1
JO1WQX;QM06;6
JO1WXO;PM95;6
JO1XDV;PM96;1
JO2BZY;PM85;1
JO2CIA;PM85;2
JO2KCX;PM95;2
JO2LKB;PM84;1
JO2VSD;PM85;2
JO2VTM;PM84;5
JO3CHX;PM74;1
JO3DDD;PM75;1
JO3FNR;PM74;2
JO3GPS;PM74;1
JO3KFL;PM74;1
JO3MXH;PM74;1
JO3OEF;PM74;4
JO3OER;PM74;4
JO3QVT;PM74;6
JO3RNL;PM74;1
JO3TAP;PM74;1
JO3WHB;PM74;5
JO4ABB;PM65;5
JO4CFV;PM64;30
JO4CVI;PM75;2
JO4CYX;PM54;2
JO4FSM;PM54;5
JO4HQU;PM64;3
JO4ICI;PM53;1
JO4INE;PM64;1
JO4IPQ;PM64;4
JO4JAE;PM54;3
JO4JDU;PM64;19
JO4JKQ;PM64;3
JO4JOW;PM64;1
JO4JUK;PM64;1
JO4KLT;PM64;3
JO4KTM;PM74;1
JO4LKR;PM64;1
JO4LWJ;PM53;6
JO4LZM;PM65;1
JO4MMZ;PM64;228
JO4NRR;PM74;1
JO6JAW;PM42;13
JO6JAW;PM96;1
JO6OLU;PM43;3
JO6SNH;PM52;1
JO7BTV;QM08;3
JO7KMB;QM09;765
JO7KMB;QM90;1
JO7MDA;QM07;1
JO7RAA;QM06;578
JO7WXN;QM07;2
JO90SQ9PPT;JO90;1
JP1BBK;PM95;1
JP1EMV;PM95;1
JP1ENL;PM95;1
JP1FFU;PM95;4
JP1FPY;PM95;1
JP1GHJ;PM95;2
JP1GSI;PM95;1
JP1GTS;PM95;2
JP1GUW;PM95;2
JP1GVC;PM95;1
JP1HDK;PM95;1
JP1HUJ;PM95;1
JP1IOL;PM95;1
JP1KLI;PM95;2
JP1KSQ;PM96;1
JP1LRT;PM95;906
JP1LRT;PM55;1
JP1PIJ;PM95;3
JP1PXR;PM95;1
JP1QMX;QM06;1
JP1RIW/BW2;PL05;1
JP1RXQ;QM06;26
JP1SCQ;PM95;10
JP1SJB;PM95;1
JP1STR;PM95;6
JP1SXE;QM05;3
JP1TDG;PM95;5
JP1THV;QM06;1
JP1TRJ;PM96;180
JP1VXD;PM96;1
JP1WAU;PM95;1
JP1XDM;PM95;4
JP2NGX;PM85;1
JP2SYS;PM85;2
JP2UFW;PM85;2
JP2XLS;PM85;1
JP2XSP;PM85;1
JP2XYT;PM84;2
JP3ACW;PM75;3
JP3AWA;PM74;6
JP3AZM;PM74;2
JP3BEE;PM74;146
JP3BEE;RR73;1
JP3CYL;PM74;2
JP3FPW;PM74;9
JP3FYA;PM74;2
JP3IGU;PM75;1
JP3IKN;PM74;1
JP3JAC;PM74;3
JP3JUV;PM74;2
JP3LNM;PM74;1
JP3NRE;PM75;1
JP3NVU;PM74;1
JP3OUH;PM74;6
JP3RRW;PM74;5
JP3SMH;PM74;2
JP3SSU;PM74;32
JP3TIG;PM74;2
JP3TKR;PM74;2
JP3UBR;PM75;33
JP6SRV;PM53;1
JP7BRB;QM08;1592
JP7EIP;QM08;31
JP7EIP;PM86;2
JP7KHZ;QM09;1
JP7LOO;QM08;1
JP7NOW;PM98;2
JP7OGE;PM97;2
JP7SZL;PM98;3
JP7TAW;QM09;1
JP7TIT;QM09;18
JP7TJC;QM08;1
JP7TQQ;QM08;2
JP7USJ;QN00;1
JP7VHQ;QM07;7
JP7VSA;QM08;1
JP7WJA;PM98;2
JP7WJA;PM09;1
JP7XVC;QN00;1
JP7XWI;QM08;2
JP7XZG;QM07;4
JQ1BJW;QM06;1
JQ1CIV;PM96;6
JQ1COB;PM95;1
JQ1CPS;PM95;1
JQ1EST;QM05;1
JQ1FCM;PM95;1
JQ1FEP;PM95;22
JQ1FPN;PM95;2
JQ1GEV;PM95;3
JQ1GLJ;PM95;63
JQ1HAB;PM95;3
JQ1HDR;PM96;1
JQ1HMV;PM95;1
JQ1KLG;PM95;5
JQ1LNZ;PM95;9
JQ1NCG;PM95;1
JQ1NUT;PM95;6
JQ1OKW;PM95;1
JQ1PCX;PM95;15
JQ1QDU;PM95;2
JQ1QMU;QM06;1
JQ1SUO;QM05;1
JQ1SXI;PM96;6
JQ1TIE;PM95;1
JQ1UGE;PM96;3
JQ1VDJ;PM96;1
JQ1VIW;PM95;1
JQ1VVM;PM96;1
JQ1XFI;QM06;1
JQ1XGV;PM96;1
JQ1YIW;PM95;5
JQ1ZPH/P;PM64;1
JQ1ZWF;PM95;1
JQ2MPJ;PM85;1
JQ2NBX;PM85;1
JQ2NPZ;PM84;9
JQ2ODW;PM85;1
JQ2QCN;PM84;2
JQ2QHQ;PM94;5
JQ2SGN;PM94;2
JQ2VYG;PM85;1
JQ3ABD;PM74;2
JQ3AFI;PM74;2
JQ3BCY;JN23;1
JQ3BCY;PM74;1
JQ3BGE;PM74;2
JQ3BHT;PM74;1
JQ3BQR;PM74;2
JQ3BTU;PM74;1
JQ3CFH;PM74;1
JQ3CJF;PM74;1
JQ3DDY;PM75;4
JQ3DEO;PM74;1
JQ3DYV;PM74;17
JQ3FEP;PM74;2
JQ3FIN/P;PM74;1
JQ3FQN;PM85;3
JQ3GAZ;PM74;2
JQ3GJU;PM74;3
JQ3GMS;PM74;4
JQ3HMM;PM74;2
JQ3HPN;PM74;1
JQ3ICB;PM75;557
JQ3IKN;PM74;30
JQ3KWI;PM74;1
JQ3KXY;PM74;1
JQ3MOA;PM74;3
JQ3MZL;PM74;1
JQ6CWL;PM51;21
JQ6PJC;PM53;1
JQ6RUP;PM53;7
JQ7ADS;QM08;1
JQ7BQX;QM08;1
JQ7CGA;QM08;3
JQ7CUT;QM08;1
JQ7DGW;QM09;11
JQ7EBM;QM07;6
JQ7EUW;QN00;41
JR0AMD;PM97;2
JR0AQJ;PM86;10
JR0CUK;PM97;1
JR0DFM;PM86;1
JR0ELG;PM96;1
JR0FMQ;PM96;1
JR0GAS;PM97;1
JR0GAS/P;PM95;1
JR0GXA;PM96;2
JR0JVF;PM86;2
JR0NEA;PM97;2
JR0NQU;PM97;2
JR0QFA;PM85;2
JR0QKR;PM97;1
JR0UBE;PM96;1
JR0UBE/P;PM96;1
JR0VSF;PM96;1
JR0WUU;PM96;1
JR0WZR;PM97;6
JR1AAL;QM05;1
JR1AHL;PM95;2
JR1AIB;PM95;4
JR1AIB;PM96;1
JR1AKD;PM95;174
JR1AOZ;PM95;1
JR1AQI;PM95;81
JR1AWN;PM95;6
JR1BAS;PM95;55
JR1BLX;QM06;19
JR1BMG;PM96;1
JR1BQJ/P;PM95;2
JR1CAD;PM95;43
JR1CBC;PM95;9
JR1CFF;PM95;3
JR1CFG;PM96;1
JR1CUC;PM96;2
JR1CUL;PM95;1
JR1CWY;PM96;3
JR1DQK;PM96;1
JR1EMO;PM95;1702
JR1EMO;PM96;1
JR1EPR;PM95;2
JR1EYB;PM95;4
JR1EYT;OH41;1
JR1FMJ;PM96;3
JR1FQG;PM96;1
JR1FVH;PM95;1
JR1FWG;QM05;2
JR1FYS;QM05;5
JR1GMK;PM95;5
JR1GYY;PM95;2
JR1HOP;QM06;2
JR1HSI;PM95;2
JR1HUJ;PM96;2
JR1HYA;QM06;3
JR1IQI;PM95;1
JR1IXK;PM95;6
JR1IZM;QM06;35
JR1JDU;PM96;2
JR1JKV;PM95;1
JR1JRW;PM95;227
JR1JXQ;PM95;1
JR1KAG;PM86;1
JR1KAG;PM95;1
JR1KBJ;PM95;6
JR1KEI;PM95;6
JR1KHU;PM95;1
JR1KMO;PM95;3
JR1KPW;PM95;1
JR1KXX;PM95;4
JR1LJZ;PM96;3
JR1LNM;PM95;1
JR1LWB;PM96;1
JR1LWS;PM95;145
JR1MFS;PM95;1
JR1NHD;PM95;724
JR1NKN;PM95;182
JR1QKF;PM95;138
JR1SGU;QM06;2
JR1SLU;PM95;2
JR1SWD;QM05;6
JR1TCY;PM95;4
JR1TLC;PM96;3
JR1TLC;PM86;1
JR1TMI;PM95;11
JR1TMP;PM95;1
JR1TNP;PM96;1
JR1TRD;PM95;1
JR1TRX;PM95;2
JR1TXA;PM95;1
JR1UDV;PM95;1
JR1UFN;PM95;3
JR1USG;PM95;1
JR1USO;PM95;4
JR1UUW;PM96;7
JR1VAY;PM95;2
JR1WBY;PM95;1
JR1WCS;PM95;9
JR1WCT;PM95;17
JR1WOO;PM95;1
JR1WRH;QM06;3
JR1WYW;QM05;3
JR1XHQ;PM95;1
JR1XIS;QM05;231
JR1YT;QM05;2
JR2ADB;PM94;4
JR2AMZ;PM95;132
JR2AMZ;PM86;1
JR2BYJ;PM84;2
JR2CBE;PM85;1
JR2CCH;PM95;5
JR2DOL;PM74;1
JR2DWA;PM84;147
JR2DWA;PM95;1
JR2EKD;PM85;466
JR2FVC;PM85;2
JR2HAE;PM85;1
JR2HDU;PM85;100
JR2HRR;PM95;1
JR2HTN;PM95;6
JR2IGV;PM84;1600
JR2IMJ;PM85;6
JR2ISV;PM84;1
JR2IWM;PM94;2
JR2JGF;PM85;1
JR2KDN;PM85;1
JR2KDN;PM86;1
JR2KYG;PM84;1
JR2LBF;PM85;103
JR2LJO;PM85;10
JR2MIN;PM74;6
JR2MIN;PM86;1
JR2MPA;PM84;1
JR2MPU;PM96;1
JR2PAU;PM85;1
JR2PEB;PM84;9
JR2PGF;PM85;1
JR2PQB;PM84;9
JR2PTU;PM95;1
JR2PZX;PM94;85
JR2RIY;PM74;1
JR2SHA;PM84;15
JR2SHA;PM74;1
JR2SQZ;PM85;2
JR2TER;PM84;1
JR2TER;PM96;1
JR2TRC;PM85;1
JR2TZJ;PM95;9
JR2UBS;PM85;107
JR2UQU;PM85;2
JR2UYA;PM95;3
JR2UYG;PM95;2
JR2VAE;PM94;5
JR2VQG;PM85;1
JR2WBG;PM84;4
JR2WFE;PM94;5
JR2XOB;PM85;1
JR2XTF;PM84;4
JR2ZPX;PM85;1
JR3AKG;PM74;4
JR3BEU;PM74;2
JR3BIG;PM74;7
JR3BOT;PM74;677
JR3BVX;PM74;1
JR3CIL;PM74;1
JR3CON;PM75;1
JR3DIZ;PM74;1
JR3DXJ;PM74;7
JR3EHU;PM74;3
JR3FOS;PM74;2
JR3FOS;PL05;1
JR3GPP;PM74;536
JR3GSW;PM74;5
JR3GWZ;PM85;7
JR3HTK;PM74;5
JR3IAO;PM74;65
JR3IIR;PM74;78
JR3IIR;PM86;1
JR3IIR;PM95;1
JR3IOT;PM74;2
JR3JFZ;PM74;10
JR3JFZ;AA00;1
JR3JRI;PM74;47
JR3KAA;PM74;1
JR3KLS;PM85;1
JR3KSL;PM74;71
JR3LSV;PM74;2
JR3NZC;PM74;11
JR3NZC;PM86;1
JR3NZC;PM96;1
JR3PKO;PM74;5
JR3PKO;QM09;1
JR3PQA;PM74;3
JR3QCB;PM74;3
JR3QHQ;PM74;2
JR3REX;PM74;21
JR3RIU;PM74;493
JR3RIY;PM74;2234
JR3RIY;OI33;1
JR3SZZ;PM74;2
JR3UFI;PM75;1
JR3UI;PM74;1
JR3UIC;PM74;194
JR3UVW;PM74;1
JR3VMJ;PM85;2
JR3VXR;PM74;5
JR3WYM;PM74;2
JR3XMG;PM74;5
JR3XTP;PM74;1
JR3XUH;PM74;13
JR3XUH;PM25;1
JR3XUP;PM74;1
JR3XUW;PM74;7
JR4BCD;PM54;6
JR4CTF;PM54;68
JR4CZM;PM75;111
JR4DSM;PM54;7
JR4DZN;PM64;1
JR4ECJ;PM95;2
JR4FSG;PM64;3
JR4GPA;PM64;5
JR4GPA;PM86;2
JR4HBM;PM65;1
JR4HCQ;PM64;18
JR4HFY;PM54;1
JR4KCC;PM64;5
JR4KVI;PM75;1
JR4LZX;PM65;1
JR4OQU/P;PM95;3
JR4OTP/P;PM95;1
JR4OZR;PM75;678
JR4PMW;PM64;25
JR4PWV;PM64;1
JR4VEV;PM64;1264
JR4VEV;PM95;1
JR4WKV;PM65;2
JR4WKZ;PM74;1
JR4XLE;PM53;1
JR4XLE;PM96;1
JR4XXM;PM64;1
JR5CAG;PM63;822
JR5DFW;PM63;3
JR5EUN;PM64;4
JR5JEU;PM63;734
JR5MJR;PM97;2
JR5MJR;PM64;1
JR5MJS;PM74;17
JR5XPG;PM74;11
JR6AG;PL36;1
JR6AOO;OF78;1
JR6BYG;PM43;2
JR6CAG;PM63;1
JR6EHS;PM53;1
JR6EKM;PM53;1
JR6EZB;PM43;2
JR6EZE;PM53;28
JR6FC;PL36;4
JR6FC;PM96;1
JR6FGH/P;PM95;1
JR6FQY;PM51;1
JR6FRV;PM52;3
JR6GXK;PM53;1
JR6IKD;PM52;2
JR6IKD;PM96;1
JR6INO;PM50;4
JR6INO;PM96;1
JR6IQI;PM43;6
JR6IQI;PM86;1
JR6IVE;PM52;1
JR6JFR;PM53;7
JR6JGB;PM53;1
JR6JIB;PM52;1
JR6KQP;PM52;6
JR6LDE;PM53;1
JR6LOC;PM42;2
JR6LOC;PM52;1
JR6LOC;PM96;1
JR6LSU;PM42;264
JR6NVE;PM53;1
JR6PPS;PM42;3
JR6QFV;PM86;3
JR6RMK;PM96;1
JR6SKQ;PL24;2
JR6SKQ;PM95;1
JR6TFE;PL24;1
JR6UEE;PL36;1
JR6UEK;PL36;1
JR6YAA;PL36;2
JR6YAA;PM96;1
JR6YAA/6;PL36;1
JR7AMZ;QM08;20
JR7ANB;QM08;83
JR7BRB;QM08;1
JR7CDI;PM96;2
JR7COP;QM08;23
JR7CVG/P;QM07;2
JR7CYR;QM09;4
JR7DUT;QM09;61
JR7DXE;QM08;2
JR7EAR;QM08;3
JR7EUW;QN00;1
JR7FFN;QM07;2
JR7FMQ;QM08;1
JR7FNT;QM08;1
JR7GBL;QN00;5
JR7GIB;QM07;3
JR7HAN;QM09;2
JR7ICP;QN01;5
JR7ILA;QM09;10
JR7IWC;QM09;2
JR7IWL;QM09;81
JR7JCS/P;QM05;1
JR7KGE/7;QM08;1
JR7MIR;QM07;4
JR7NFW;PM95;1
JR7PJS;QM07;1
JR7PVD/P;PM95;2
JR7QIB;QM07;3
JR7QKH;QM09;1
JR7QWQ;QM09;2
JR7QZH;QM08;1
JR7REE;QM08;69
JR7RHO;PM98;7
JR7RHO;PM86;4
JR7RTQ;QM07;1
JR7SPG/R;ON18;1
JR7VHZ;QM09;14
JR7XKN;PM95;1
JR7XKN;QM09;1
JR7XOD;QM07;2
JR8AMF;QN03;8
JR8BHW;QN02;1
JR8EID;QN03;1
JR8INK;QN14;1
JR8JSG;QN02;2
JR8NOD;QN03;2
JR8ONS;QN03;2
JR8PWJ;QN03;3
JR8QOB;QN02;1
JR8YQI;QN02;2
JR9DZO;PM86;1
JR9KDJ;PM87;1
JR9KTS;PM86;2
JR9NEE;PM86;3
JR9QHQ;PM86;4
JS1AYX;PM95;2
JS1BEJ;PM95;8
JS1EQF;PM96;2
JS1ERB;PM95;3
JS1FDO;PM74;6
JS1IFK;PM95;6
JS1IFK;PM96;1
JS1IQR;PM95;1
JS1JTN/P;PM95;4
JS1KAL;PM95;1
JS1NDM;PM95;2
JS1NHK;PM95;1
JS1NOL;PM95;4
JS1QJR;PM95;4
JS1RHX;PM95;1
JS1RQB;QM05;1
JS1SYO;PM95;2
JS1TSS;QM06;9
JS1TVB;PM95;2
JS1WFG;QM05;4
JS1WFG;PM95;1
JS1XLL;PM95;2
JS1YSO;PM96;1
JS2AGG;PM84;3
JS2AZO;PM85;3
JS2CFT;PM85;4
JS2CFT;PM86;1
JS2CRO/R;JO89;1
JS2CTA;PM85;1
JS2DCT;PM85;2
JS2EPQ;PM85;1
JS2GFA;PM84;3
JS2GSW;PM95;9
JS2IIU;PM85;2
JS2ILQ;PM85;1
JS2IYY;PM85;4
JS2JAQ;PM85;1
JS2JDQ;PM95;1
JS2JJM;PM84;2
JS2KMX;PM95;2
JS2KWL;PM85;4
JS2KYN;PM85;1
JS2KZR;PM85;2
JS2LPJ;PM85;2
JS2MKU;PM85;2
JS2MSJ;PM94;1
JS2MWY;PM95;1
JS2MXD;PM85;2
JS2NTT;PM85;1
JS2NYJ;PM84;1
JS2PBF;PM84;11
JS2PBT;PM85;1
JS2QJQ;PM85;2
JS2QWH;PM85;54
JS3CTF;PM74;31
JS3NEA;PM85;2
JS3OSI;PM75;2
JS3OYA;PM74;1
JS3UDR;PM74;2
JS3UDR;PM86;1
JS6LKF/R;JJ76;1
JS6QOM;PL36;62
JS6SCO;PL36;1
JS6SRY;PL24;1
JS6TKY;PM96;1
JS6TWW;PL55;56
JS6TWW;PM96;1
JS6UAK;PL36;5
JS6UAK;PM96;1
JS6UBY;PM96;1
JS6UGC;PL36;68
JS6UNA;PL36;2
JT1BV;ON37;331
JT1BZ;ON37;344
JT1DN;ON16;1
JT1DN;ON37;1
JT1NQ;ON37;1
JT1PB;ON37;381
JT1PB;ON36;1
JT1YL;ON37;75
JT1YL;AP29;1
JU5MUD;FG06;1
JW2IXC/P;MQ09;1
JW4PUA;JQ78;3
JW5FAX;OD08;1
JW7LND;OG08;1
JW8IUX/R;AD53;1
JX9FXD;NI54;1
JY4CH;KM71;2
JY4CI;KM71;1
JY5IB;KM71;18
JY5JA;KM71;1
K06OKU;OO52;1
K0AD;EN35;1827
K0AD;EN45;1
K0AEB;EN42;5
K0AIZ;EN10;92
K0AJW;DN97;411
K0AJW;DN98;3
K0AJW;DN79;2
K0AN;EM49;4
K0ARM;EN31;1
K0AT;DN61;1
K0AUG;EN25;278
K0AUG;EN34;1
K0BAR;EM88;2
K0BBK;DM84;4
K0BLT;DN81;1
K0BQB;EM17;2
K0BUF;FN20;1
K0BWQ;EM20;1
K0BX;EM48;280
K0C;EM28;1
K0CFI;DM13;6
K0CQW;EN25;2
K0CYA;FM05;3
K0D;EM19;2
K0D;AA00;1
K0D;EM18;1
K0DD;EN13;1
K0DEQ;EM47;150
K0DEW;EM37;2
K0DJ;DN61;1
K0DKR;EM15;4
K0DRE;EM75;1
K0DSL;EL97;15
K0DTM;EN34;1
K0DV;EN32;1
K0DY;EM48;1
K0E;EM18;28
K0E;EM48;3
K0EKA;DM79;2
K0EKL;EN37;1
K0EON;EM29;3
K0EOU;EN26;39
K0EWS;EN32;4
K0FBV;EN41;4
K0FET;EM48;22
K0FET;DM37;1
K0FG;EM38;1
K0FJ;DM99;45
K0FO;EN34;1
K0FRY;EM79;1
K0FTC;DN70;2
K0FU;EM48;1
K0GEO;EM20;5
K0GIS;EN20;1
K0GJT;DM59;1
K0GLG;EN53;2
K0GMK;EN34;5
K0GT;EN42;1
K0GUR;DM79;2
K0GW;EN34;5
K0HB;EN34;17
K0HD;EN34;294
K0HEX;DM79;3
K0HIO;EM88;5
K0HJ;EN23;1
K0HKL;EN13;1
K0HMZ;DN88;33
K0HO;DN98;1
K0HUU;EM37;9
K0IDX;EN18;22
K0IEA;EN35;2
K0IL;EN11;15
K0ILP;EM85;4
K0IM;EM29;2
K0ION;EM39;1
K0IS;EN41;5
K0ITC;EN00;9
K0IY;EM28;1
K0IZI;EN31;6
K0IZI;FK60;1
K0JCE;EN34;2
K0JD;EN62;1
K0JDR;EM49;25
K0JEB;FN31;8
K0JJ;CN85;2
K0JJR;EN36;1
K0JM;EN35;1
K0JNR;EM48;1
K0JV;DN84;59
K0JZ;EM28;6
K0K;EM18;3
K0KAT;EN41;5
K0KC;EN80;2
K0KDO;EM38;1
K0KDS;EN31;1
K0KJT;EM16;1
K0KKU;DM79;2
K0KLB;EN32;4
K0KO;EN34;3
K0KON;EL29;4
K0KP;EN36;1
K0KPS;DM79;1
K0KT;EN32;12
K0KUK;EN11;1
K0KV;CN88;33
K0KX;EM96;1
K0KX;EN13;1
K0L;EM29;8
K0LAF;EM37;8
K0LB;FM18;45
K0LKD;FM18;1
K0LLT;EN34;1
K0LUZ;EL98;14
K0LWC;EN35;1
K0MB;FN10;1
K0MBC;EM20;9
K0MC;DM89;6
K0MEZ;EM29;3
K0MIZ;EM39;3
K0MLD;DM79;2
K0MO;EL97;10
K0MQZ;DM79;7
K0NC;EN10;15
K0NFX;EN10;1
K0NR;DM79;1
K0NV;EM37;1
K0NXV;EN35;5
K0OEH;EN26;1
K0OK;DM13;1
K0OZ;FN31;1
K0PG;EN51;480
K0PG;EN61;1
K0PHP;EM38;18
K0PIR;DN94;189
K0PIR;DN74;22
K0PJM;EN34;1
K0PLQ;DM79;2
K0PT;EM94;11
K0PWO;DM79;3
K0PWS;EM48;2
K0PZY;DM42;1
K0Q;DM98;12
K0Q;EM00;1
K0Q;EM13;1
K0Q;EN65;1
K0QB;EN34;20
K0QEI;EN35;1
K0QKY;DN70;5
K0R;EM29;14
K0RAL;EM79;7
K0RAR;EM28;10
K0RC;EN35;1
K0RGS;DM79;1
K0RI;DM78;17
K0RJK;DM79;31
K0RJV;EN22;7
K0RUG;DN70;6
K0RVW;FM18;1
K0SCO;EM48;605
K0SDW;DM42;1
K0SH;EN23;7
K0SMM;EN10;11
K0SMR;EN27;2
K0SRL;EN41;16
K0STP;FM08;5
K0SWT;EM37;7
K0TC;EN35;359
K0TER;DM78;1
K0TET;EN32;6
K0TLG;EN35;399
K0TPP;EM47;1
K0TRL;EM28;46
K0TT;EN34;3
K0TX;DM68;4
K0U;EM28;11
K0U;EM29;4
K0UO;EM07;13
K0VCZ;DM14;1
K0VFO;DM79;6
K0VG;EN35;226
K0VG;EN27;75
K0VGB;EM28;2
K0VJD;DM78;22
K0VK;DM69;1
K0VM;EN42;5
K0VN;DM43;31
K0VW;EN35;18
K0VYD;EN54;5
K0VZT;EN35;9
K0WAV;EM36;13
K0WDR;EM37;1
K0WIU;EN12;3
K0WJ;EM29;1
K0WMB;EN11;1
K0WOI;EN21;3
K0WRK;EN52;1
K0WRZ;EM08;3
K0WWX;DM79;17
K0XB;EN37;2
K0XMG;EM17;4
K0XU;EN10;156
K0XU;EM12;1
K0XW;CN87;4
K0YA;EM00;1
K0YEQ;EM29;24
K0YL;EN17;17
K0YP;EM50;1
K0YY;EM21;27
K0YY;EM22;1
K0ZS;EM48;6
K0ZU;EM12;8
K0ZX;DM79;1
K1ACT;FN43;1
K1AJD;FN31;7
K1AMF;FM19;1
K1APC;FM19;29
K1APJ;FN31;1
K1AQY;RM55;1
K1AR;FN42;2507
K1BAA;DM04;1
K1BBZ;EL87;7
K1BGH;FN41;1
K1BIF;FN34;20
K1BMW;CM99;5
K1BUK;FN31;2
K1BX;FN43;222
K1BZ;FN54;1989
K1BZ;FM19;1758
K1CA;FN42;2
K1CB;FN41;1
K1COG;EN70;2
K1CP;FN54;1
K1CRU;FN31;2
K1CXS;FN33;2
K1CYQ;FN41;1
K1CZA/P;CN96;1
K1DAT;FN41;1
K1DC;FN42;1001
K1DCT;FN41;1
K1DDA;FM17;4
K1DG;FN43;296
K1DG;FN42;12
K1DJ;FN42;17
K1DLT;EN83;2
K1DQ;FN43;4
K1DQZ;FN31;4
K1DTC;FN41;3
K1DW;FN32;1
K1EFI;FM19;5
K1ERZ;FN41;5
K1FBI;FN31;2
K1FE;FN42;1
K1FEV;FN42;8
K1FIE;CM98;1
K1FKU;FN00;2
K1FRC;FN31;3
K1FSA;FN32;1
K1FSA;FN41;1
K1FSM;FN43;3
K1FUG;FN31;3
K1FUL;EL87;1
K1FWJ;FN32;5
K1GJQ;DM43;10
K1GJY;FN43;6
K1GND;FN41;18
K1GUY;FN42;17
K1HGT;FN42;3
K1HTV;FM18;4644
K1HTV;FN18;1
K1HTV;RR73;1
K1HZ;EM13;1
K1IC;FN31;9
K1IMI;FN53;3
K1IO;FN42;114
K1IO;EL87;1
K1JAK;FN53;9
K1JDP;FN31;3
K1JOA;FN42;1
K1JPM;EM75;1
K1JRF;FN42;2
K1JSG;EM40;4
K1JSM;FN41;130
K1JT;FN20;923
K1JTB;EM65;2
K1JTB;EM66;1
K1JX;FN31;70
K1JY;FN33;2
K1KA;FN42;1
K1KDA;FM18;3
K1KEN;EL87;1
K1KEU;EM74;1
K1KL;FN42;2
K1KPC;EM75;4
K1KQC;FN42;6
K1KRN;FN33;9
K1KX;FM06;1
K1LEC;EM45;2
K1LHJ;DM13;1
K1LHO;FN31;125
K1LJL;FN34;9
K1LO;FN42;5
K1LOK;DN40;1
K1LOL;FN34;1
K1LVA;EM93;5
K1LYV;FN43;6
K1LYV;FM43;1
K1MCO;EL98;4
K1MLP;FN42;2
K1MNT;FN43;2
K1MRB;FM18;1
K1MSH;EL98;87
K1MSR;FN43;1
K1MTD;FN31;3
K1NF;FN53;5
K1NH;FN42;20
K1NKT;FN34;9
K1NKY;FN30;2
K1NOT;CN87;1
K1NOX;FN54;13
K1NR;FN42;1
K1NS;FN42;3
K1NV;DM26;2
K1NY;FN30;1
K1OB;FM16;4
K1OC;FM05;1
K1OKS;CM97;4
K1ORT;EL87;2
K1OUH;FN31;1
K1OYQ;EM83;392
K1PE;CN87;3
K1PHG;FN31;3
K1QLN;FN54;1
K1RA;FM18;30
K1RAH;FN54;1
K1RH;FM19;16
K1RZ;FM19;1015
K1S;DM14;1
K1SFA;FN32;17971
K1SFA;FN31;43
K1SFA;DM34;1
K1SFA;FN00;1
K1SFA;FN10;1
K1SFA;FN12;1
K1SFA;FN30;1
K1SFA;IO77;1
K1SFA;JO82;1
K1SFA;LE60;1
K1SGC;FN42;3
K1SMK;FN13;16
K1SND;FN32;29
K1SO;FM07;1
K1ST;FN41;19
K1SUU;EM84;3
K1SWL;FN33;1
K1SX;FN41;83
K1THS;FN41;5
K1TKS;FN42;4
K1TT;FN42;5
K1TTT;FN32;2658
K1TTW;DM59;237
K1TTW;FN33;4
K1TTW;DM95;1
K1UHF;EM80;1
K1VB;EL96;1
K1VCU;FN31;1
K1VI;FN41;12
K1VLB;FN42;2
K1VMT;FN34;10
K1VOI;FN32;1
K1VP;FN43;1
K1VU;FN31;219
K1VW;FN43;116
K1WGU;FN42;2
K1WNT;FN31;2
K1WTF;DM79;6
K1WTK;EL87;255
K1WY;FN31;39
K1XE;FN41;3
K1XE;FN33;1
K1XE;FN43;1
K1XH;FN33;9
K1XHX;FN41;1
K1XO;FN31;4
K1YTG;CM87;5
K1ZJA;EM85;9
K1ZK;FN34;1
K2A;EN32;3
K2ADG;DN17;1
K2AK;DM41;2802
K2AL;FN20;100
K2AMF;DN17;8
K2AMI;FN20;7
K2ANT;DM09;7
K2ATZ;FM05;24
K2B;FM18;101
K2BAG;DM33;17
K2BAG;FN30;2
K2BRO;EM58;1
K2CAF;EL98;3
K2CIB;EL96;9
K2CIB;EL97;3
K2CK;FN42;36
K2CMC;EL88;7
K2CMC;EL97;1
K2CWM;FM29;4
K2CYS;FN20;5
K2DAR;FN22;77
K2DD;FM29;64
K2DEC;FN02;1
K2DKT;FN30;1
K2DMS;DM06;661
K2DS;EL88;215
K2DSW;EN31;775
K2DSW;CM96;1
K2DVS;FN31;2
K2DXU;FN31;2
K2DXX;EM85;1
K2EDB;FN20;1
K2EEF;FM29;2
K2ENF;FN13;4
K2EXX;FN20;9
K2EYS;FN03;2
K2EZR;FN20;2
K2FAA;FN30;2
K2FD;FN30;100
K2FJ;FN21;222
K2FK;FN13;1
K2FZZ;FN20;1
K2GAV;FM06;73
K2GER;EM96;14
K2GLS;FN20;314
K2GT;BK29;1
K2HAT;EL97;5
K2HJB;FN21;3
K2HRT;EM92;9
K2HT;EM49;13
K2I;FN20;2
K2IBM;EN71;2
K2IDA;FN20;2
K2IL;EL97;9
K2IRM;FN22;187
K2ITT;FN20;1
K2IU;DM12;25
K2IW;FN33;1
K2JK;FN30;176
K2JVS;FN20;1
K2KA;FN42;29
K2KGJ;FN32;1
K2KGR;FN33;2
K2KN;FN03;6
K2KNB;FN30;4
K2KT;FM18;1
K2LAT;EM64;1
K2LDL;FN02;4
K2LNS;FN11;158
K2LNS/3;FN21;2
K2LW;FN21;7
K2LYV;EL88;25
K2M;FN20;1
K2M;FN22;1
K2MEN;FM29;124
K2MFR;FN20;2
K2MK;EL98;2002
K2MK;EM75;1
K2MRK;EL98;37
K2MTG;FN21;1
K2NAH;FN13;3
K2NEX;FN30;3
K2NF;FN31;1
K2NYR;FN30;11
K2OF;EN92;23
K2OI;FN13;1
K2ONN;FM15;1
K2OO;EM89;6
K2OS;EM92;1
K2PAL;FN30;904
K2PB;EL98;2
K2PJC;FN21;338
K2PS;EL98;694
K2PSD;FN20;12
K2QJ;FM05;1
K2RB;FN30;315
K2RD;DM09;579
K2RET;FM29;2833
K2RET;LO91;1
K2RH;FN20;200
K2RHK;FN31;1
K2RJF;FN20;2
K2RKJ;FM07;3
K2RKM;FN31;12
K2RSB;FN31;1
K2SD;EM96;7
K2SDS;FM29;16
K2SFA;FN32;1
K2SFS;EM85;4
K2SY;EM79;2
K2TE;EL98;608
K2TE;EL88;102
K2TE;FN42;1
K2TER;FN13;129
K2TL;FN20;50
K2TQC;FN13;7
K2TV;FM18;3
K2TV;FN30;1
K2TW;FN20;19
K2TWI;FN21;131
K2UA;FN12;58
K2UO;FN20;7
K2UP;FN31;2
K2UT;FM29;43
K2VPX;FN20;3
K2VTT;FN13;1
K2WC;EL96;1
K2WH;FN21;2
K2WJ;EM20;183
K2WPA;FN20;5
K2WVU;EM99;1
K2WW;FN24;3
K2XA;FN32;15
K2XE;FM29;1
K2XR;FN21;259
K2YG;FN20;154
K2YG;FN51;16
K2YI;DM43;1
K2YWE;FM19;165
K2YYY;DM79;3
K2ZBA;EM95;2
K2ZC;FN20;2
K2ZJ;FN13;3
K3A;EN32;9
K3ABE;FN20;323
K3ABE;EL88;288
K3ADU;FN10;3
K3AJ;FM19;1626
K3AK;FM19;1
K3AS;FN13;1
K3ASM;JN55;1
K3ATG;FM18;1
K3BAB;FM19;1
K3BAK;EN90;1
K3BBC;EN90;9
K3BLN;FN20;14
K3BR;EM92;1
K3CAN;FN43;2
K3CLT;FN00;7
K3CU;FN21;4
K3CWF;FM29;60
K3DAC;FM19;1
K3DC;EM79;1
K3DCC;DM65;1
K3DCR;FM28;1
K3DFL;FN20;121
K3DI;FM28;2
K3DNE;EM94;603
K3DQB;FM19;3
K3DWC;FM28;3
K3EA;FN20;48
K3EJJ;FM19;26
K3EWR;FM18;1
K3EY;EN90;1
K3FH;EN90;81
K3FM;EM50;3
K3FR;FM18;16
K3FRG;FM18;98
K3FRX;EN90;2
K3GEV;EM92;1
K3GWK;EM73;2
K3HFM;FM29;2
K3HIL;FM19;1
K3HM;FN00;1
K3HMA;FM28;2
K3HPA;FN00;2
K3HSK;FN11;6
K3HSK;FK68;1
K3HW;FN20;68
K3IEC;FN10;8
K3IFL;FN10;4
K3IK;FN21;1
K3IMC;EM73;3
K3IRG;FN00;1
K3IV;DM75;7
K3JDD;FM19;8
K3JGJ;FM29;14
K3JJJ;FM19;2
K3JO;FN42;18
K3JSJ;FM18;135
K3KAK;EM80;1
K3KLB;FN11;2
K3KT;CM87;2
K3KTY;FN20;4
K3KWB;FM19;103
K3KZU;EM77;1
K3LEM;FM16;20
K3LU;FM19;1
K3LUE;EL99;4
K3LYW;FM19;1
K3MAV;FN20;2
K3MD;FN10;558
K3MD;FM10;1
K3MEC;FM09;5
K3MI;EN90;7
K3MM;FM19;10705
K3MM;DM04;1
K3MM;EM19;1
K3MM;FN10;1
K3MM;FN20;1
K3MQM;FM06;1
K3MRK;FN10;4
K3MTR;FM19;77
K3NAW;FN10;8
K3NDM;FM19;2
K3NF;FM18;7
K3NK;FM19;2
K3NOQ;EM00;4
K3NQ;CM87;18
K3NS;FM19;2
K3NSA;EM13;3
K3NT;EM13;24
K3OC;EN92;12
K3OO;FN20;101
K3ORC;FM19;588
K3PCE;FN00;4
K3PJH;FN20;4
K3POE;FM18;1
K3PP;FN20;75
K3PUR;FM18;4
K3QB;CN87;21
K3QIA;FN11;482
K3RA;FM19;30
K3RAW;FN00;6
K3REW;FM29;5
K3RH;FN20;1
K3RJK;FM18;1
K3RJS;FN11;10
K3RL;FN20;15
K3RLW;FM18;3
K3RRR;EM85;5
K3RTK;FN10;5
K3RW;CN85;1
K3RWR;FM18;1
K3SAE;FN21;24
K3SEN;FM19;1
K3SF;FM29;345
K3SLH;FN20;1
K3SOM;EN90;1
K3SSS;FN54;189
K3STX;FM19;1
K3SUK;FM16;2
K3SV;EL88;24
K3SWM;FN20;1
K3SWZ;FN10;40
K3SX;FM19;1
K3TEF;FM19;3
K3TF;FN20;3
K3TJB;FM29;4
K3TN;FM19;53
K3TO;FN00;1
K3TXT;FM18;1
K3UA;EN90;1648
K3UA;EN80;1
K3UCQ;FM28;4
K3UGI;FN10;2
K3UL;FN11;491
K3URT;FN10;133
K3URT;PN10;1
K3USC;EN91;34
K3USS;FM29;1
K3VAT;FM09;2
K3VN;EL98;61
K3WA;FM05;560
K3WD;FM19;1
K3WHD;FN13;736
K3WJV;FN11;1348
K3WJV;FN34;1
K3WSP;FM29;22
K3WSU;FN00;1
K3WTT;FM19;331
K3WVU;FM19;2
K3WW;FN20;208
K3XL;FM18;1
K3XO;FM19;2
K3YBN;FM19;4
K3YES;EM73;2
K3YGC;FM03;15
K3YLW;FM19;632
K3YP;EN91;176
K3YTL;FN21;2
K3ZGA;EL98;1
K3ZIB;FM19;3
K3ZIB;FM28;2
K3ZK;FN21;50
K3ZK;FK21;1
K3ZR;FN10;1
K4AAX;EM74;122
K4ABE;EL88;1
K4ADR;EL96;3
K4AEH;EM95;16
K4AEH;EM85;1
K4AG;EL95;1
K4AMP;EM74;1
K4ANT;EM71;2
K4ANT;EL96;1
K4AOQ;EL98;10
K4AWM;FM17;2
K4BBH;EM73;11
K4BBN;EM78;3
K4BC;FM17;3
K4BDK;EM64;3
K4BH;EL96;5
K4BNZ;FM07;3
K4BPT;EM60;6
K4BWM;FM14;2
K4BWP;EM67;3
K4BX;EM65;2
K4BYN;FM05;1
K4CAE;EM94;171
K4CAN;DM79;1
K4CDN;EM94;2
K4CEB;EM95;1
K4CIH;EM73;1
K4CKR;EL98;7
K4CM;EM48;1
K4CME;EL88;2
K4CNY;EM64;2
K4CPZ;EL89;1
K4CTC;DM43;2
K4CTF;EM86;11
K4CTQ;EM93;1
K4CTX;EL98;2
K4CUL;FM18;208
K4CVL;EL87;2
K4CY;EM74;6
K4DAL;EM75;1
K4DAY;EM75;3
K4DDE;EM74;1
K4DG;EL09;5
K4DIT;EM55;2
K4DJG;FM08;2
K4DKW;EN91;1
K4DMN;EM74;124
K4DMN;EM84;3
K4DND;FM08;6
K4DV;EM76;4
K4DVE;EM55;1
K4DXB;FN20;2
K4EA;EM74;3746
K4EA;EN74;1
K4EA;FM74;1
K4EAK;EM73;35
K4EBW;EM85;5
K4EHI;EM90;1
K4EIA;EM95;14
K4ELI;EM74;656
K4EM;EM83;170
K4EME;FM08;3
K4EOD;FM18;1
K4EQ;EM48;2
K4EWR;FM18;191
K4EZY;FM05;1
K4FLH;EM75;3
K4FMX;EN55;5
K4FNX;EM51;3
K4FTF;EM55;2
K4FTO;FM18;534
K4GBI;EM70;1
K4GHB;EL97;2
K4GHC;EM50;2
K4GJF;FM09;3
K4GM;FM08;232
K4GM;FM18;97
K4GMV;FM05;2
K4GN;FM08;1
K4GNE;FM17;9
K4GO;EM83;2
K4GXK;EM94;3
K4GZR;EM85;2
K4H;EM73;8
K4H;EM83;1
K4H/SES;EM73;1
K4HAL;EM64;1
K4HB;EM83;1
K4HC;FM06;23
K4HCP;EM83;1
K4HD;DM04;1
K4HEF;EM94;194
K4HHA;EM86;3
K4HPS;FM14;1
K4HVF;EM63;4
K4HXM;FM07;15
K4HXM;FM06;9
K4IA;FM18;2
K4ICQ;EM91;1
K4IHS;EM95;14
K4IIA;EL97;5
K4IJQ;EM94;5
K4ILA;DM79;6
K4IM;EL95;7
K4IM;EM85;1
K4INU;EM84;2
K4IO;EM83;18
K4IO;EM73;1
K4IQJ;EM72;85
K4ISG;EM83;5
K4ITA;EL96;20
K4IU;EN34;1810
K4IZW;EM73;1
K4JAF;EM70;17
K4JAF;EM74;3
K4JBL;EM65;9
K4JC;EL97;1
K4JFI;FM05;2
K4JGC;EM70;3
K4JH;FM05;9
K4JIP;EM95;297
K4JJQ;FM18;1
K4JJW;FM15;14
K4JKB;FM17;142
K4JND;EM67;2
K4JOM;EM60;2
K4JOV;EL87;2
K4JTN;FM17;11
K4JW;EM75;8
K4JWA;EM88;4
K4KAY;EM95;4
K4KD;EM96;3
K4KE;EM78;28
K4KEW;EM90;2
K4KGG;FN32;1880
K4KJQ;EM78;1
K4KJR;EM86;1
K4KPD;EM74;9
K4KPD;ED74;1
K4KRT;EL96;1
K4KRV;EM70;5
K4KSV;EM63;613
K4KSW;EL99;4
K4KZM;EL96;1
K4KZY;EM73;27
K4LDC;EM74;519
K4LG;EM83;2
K4LIX;EM70;19
K4LLH;EM96;6
K4LLL;EM60;1
K4LXN;FM16;2
K4LXX;FM16;12
K4ME;FM26;3
K4MF;EL98;1
K4MI;FM17;1184
K4MIL;FM16;118
K4MJG;EL87;1
K4MJR;EM64;1
K4MKX;EL96;1
K4MLB;EL98;1
K4MM;EL97;464
K4MM;EL91;1
K4MMP;EM60;2
K4MMP;EN60;1
K4MPM;EM73;24
K4MQ;EM93;3
K4MQ;EM83;1
K4MQG;EM94;4
K4MQM;EM60;1
K4MV;EM95;2
K4MY;EM74;4
K4NAL;EM60;1
K4NAS;EM66;1
K4NAX;EM69;1
K4NCO;EL88;4
K4NKT;EM64;39
K4NKY;EM78;2
K4NOD;EM63;1
K4NTO;FM16;280
K4NWX;EM84;228
K4NWX;EM64;1
K4NYX;EL97;34
K4NYX;RR73;1
K4OCN;EM79;2
K4OMC;EM93;4
K4OP;EM77;15
K4OP;EM47;1
K4OTT;EM85;1
K4OTX;EM74;480
K4OVY;EL89;1
K4OZ;FM06;3
K4PC;FM06;4
K4PDS;EM75;4
K4PFM;EM90;1
K4PKM;EM78;1
K4PPK;EL87;110
K4PQC;EM83;4
K4PQC;EL89;1
K4PQL;FM17;80
K4PRO;EL87;8
K4PTA;EM92;1
K4PWS;EM73;15
K4PYA;EN82;1
K4PYR;FM16;3
K4QAL;EM50;29
K4QD;EL98;1601
K4QD;EL97;12
K4QGC;EL88;1
K4QL;FM06;6
K4QQG;EM92;383
K4RAD;EM82;1
K4RBW;FM18;2
K4RCG;FM08;11
K4RCW;EM63;2
K4RDZ;EL95;2
K4REK;EM63;3
K4RFH;FM04;4
K4RGN;FM05;12
K4RKY;EM63;1
K4RM;EM84;1
K4RMM;EL98;1
K4RNO;DN40;1
K4RO;EM66;364
K4RPD;FM02;1
K4RSA;FM18;1
K4RUM;FN30;798
K4RVA;DM78;1
K4RW;EM92;3
K4SAF;EM88;6
K4SAG;EL88;1
K4SBZ;EM70;1189
K4SBZ;EM40;1
K4SBZ;FM05;1
K4SCT;EL29;1
K4SE;EM86;3
K4SFC;FM18;1
K4SFT;FM18;2
K4SG;EM96;6
K4SGA;FM02;5
K4SHA;EM72;352
K4SHW;EM73;499
K4SIR;EM75;6
K4SKP;FM18;1
K4SKT;EM75;1
K4SME;EM80;1
K4SNW;DN70;3
K4SO;FM18;83
K4SPA;EM94;2
K4SPB;EM12;5
K4SQC;EM74;157
K4SQL;EM70;6
K4SWE;EM75;28
K4SX;EM48;4
K4SXT;EL98;6
K4SYT;EM90;11
K4SZS;EM73;1
K4TFT;EM70;12
K4TG;EM77;9
K4THB;EM83;3
K4TJA;FM17;1
K4TLJ;EM73;1
K4TLS;EM86;11
K4TMR;EM62;27
K4TPC;FM18;3
K4TR;EL88;1
K4TT;FN44;30
K4TUX;EM74;1
K4TXX;EM95;17
K4UI;EM76;69
K4UNK;EM42;7
K4UOJ;EM66;1
K4UTL;EM74;1
K4UU;EM66;5
K4UWC;EM85;403
K4V;FM06;1
K4VBM;EM73;140
K4VBM;EM16;2
K4VBM/7;DM26;1
K4VBR;FM16;1
K4VBX;FM16;1
K4VD;EM81;5
K4VHE;EM64;3
K4VMG;EL29;2
K4VTE;EM73;16
K4WCL;EM74;5
K4WCL;EM85;5
K4WH;EM95;2
K4WHP;EM71;5
K4WLG;EM77;8
K4WLG;EM83;1
K4WOW;EM90;4
K4WPC;EM97;26
K4WQ;EL98;62
K4WRJ;EM94;5
K4WRX;EL87;75
K4WRX;EL78;1
K4WSD;EM70;1
K4WSD;EM80;1
K4WW;EM78;638
K4WW;DM78;1
K4XD;FM06;8
K4XL;FM07;1501
K4XN;FM16;4
K4XP;EM84;1
K4XU;CN94;578
K4XXX;EM77;1
K4YCP;EM86;1
K4YCR;FM07;322
K4YDE;EM90;51
K4YEH;EM66;1
K4YJ;EM88;248
K4YNZ;EM63;2
K4YT;FM19;82
K4YYL;EM84;1
K4YZZ;EM73;6
K4ZBB;EM65;2
K4ZEV;FM03;2
K4ZH;EM79;8
K4ZMV;EM72;1
K4ZO;EM95;2
K4ZTX;DM79;1
K4ZXV;EM84;9
K4ZYU;EM84;3
K54UYK;IQ36;1
K5ABX;EM20;1
K5ACO;EM45;47
K5ACP;EM20;15
K5ACP;EL29;1
K5AGC;DN41;8
K5AGE;EM21;71
K5AHL;EL09;13
K5AQ;EM73;2
K5ATX;EM10;23
K5AVH;EM13;1
K5AY;EM12;3
K5AYO;EM10;2
K5BDL;EM22;1
K5BDM;EM16;1
K5BEZ;EM02;1
K5BG;EM12;1
K5BGS;EM54;12
K5BUD;DM09;1
K5BUD;EM47;1
K5BYN;EM25;2
K5CAY;EM26;6
K5CBB;EM13;3
K5CD;EM10;12
K5CEW;EL17;1
K5CI;EM13;43
K5CKS;EM25;97
K5CM;EM27;3
K5CPR;EM13;158
K5CRJ;EM50;1
K5CS;EM35;1
K5CSG;EM13;1
K5DA;DM26;1
K5DCM;DM91;2
K5DCZ;DM78;1
K5DDE;EN90;133
K5DDT;EM53;1
K5DDV;EL29;1
K5DEU;EM40;60
K5DGC;EM14;2
K5DHY;EM12;1
K5DKB;EM10;1
K5DNL;OF78;1
K5DOX;EL09;1
K5DRG;EL09;3
K5DRU;EM35;1
K5DSC;EM52;1
K5DSJ;EM20;3
K5DTX;EM12;2
K5DZD;EM12;1
K5DZY;EM40;1
K5EC;CN85;1
K5EK;FM03;980
K5EK;FM06;243
K5EK;EM47;1
K5EMG;EL16;2
K5ENG;EL29;44
K5EW;EM40;24
K5EWS;EM00;3
K5EY;EM13;5
K5FAN;EM13;2
K5FJP;EM13;1
K5FNQ;EM30;1
K5FP;EM00;4
K5FPJ;EM13;165
K5FXD;EM11;1
K5GE;EL09;1
K5GHM;EM13;1
K5GHS;EM13;5
K5GI;EM14;1
K5GKC;EM13;13
K5GKM;EM10;4
K5GTO;DN70;3
K5GZR;EL29;5
K5HDE;EM40;5
K5HDU;DN40;911
K5HDU;EL29;266
K5HEX;EM26;1
K5HJA;DM72;9
K5HJE;EM15;7
K5HK;DM09;12
K5HLH;DM65;2
K5HMG;EL09;1
K5HPT;EM32;1
K5HTE;EM12;38
K5HX;EM20;552
K5IB;CN87;2
K5IBK;EM12;1
K5IFA;EM13;1337
K5IFA;EM31;1
K5IJD;EM12;1
K5ITO;EM12;3
K5JAZ;EM32;871
K5JC;EM00;2
K5JF;EL89;7
K5JMB;EM25;10
K5JPP;EL29;1
K5JRW;EM32;8
K5JRW;DM62;1
K5JTX;EM12;6
K5KAB;EM12;1
K5KAC;EM26;1
K5KB;EL09;4
K5KBM;EM73;2
K5KC;EM16;3
K5KDE;EM12;2
K5KEW;EM32;4
K5KGT;EM32;1
K5KIP;FM08;11
K5KIP;EM11;1
K5KKH;EM10;1
K5KLA;EL49;111
K5KLO;EM73;2
K5KND;EM10;1
K5KPE;EM26;6
K5KSU;EM10;2
K5KSW;EM10;2
K5KW;DM79;1
K5KXF;EL18;4
K5LAD;EM26;17
K5LD;EL98;116
K5LD;EM50;1
K5LDA;EM50;1
K5LG;EM36;2
K5LKM;DM33;1
K5LRW;DM72;313
K5LUL;EL29;1
K5MBL;EM13;2
K5MCB;EM53;1
K5MEG;EM73;227
K5MFP;EM13;1
K5MGY;EM12;45
K5MWA;EM10;1
K5NBL;EM34;3
K5ND;EM12;166
K5NDA;EM54;2
K5NEC;DM84;4
K5NEW;EM22;1
K5NOV;EM16;1
K5NQ;EM40;1
K5NV;EL49;1
K5NWZ;DN70;6
K5NWZ;EL29;3
K5NZ;EM20;58
K5OA;DM14;644
K5OA;RR73;1
K5OHM;EM26;25
K5OLD;EM20;4
K5OO;EM35;1
K5OOO;EM10;4
K5OOO;EL49;1
K5OWO;EM10;4
K5PA;EM10;3
K5PA;DM93;2
K5PFL;EM22;4
K5PI;EM10;60
K5PK;EM10;4
K5PKM;EM11;2
K5PO;EM26;1
K5POF;EM22;1
K5PS;EM13;3
K5PSN;DN13;16
K5PWR;EM25;11
K5QXJ;EM30;3
K5RBV;EM12;1
K5RCD;EL09;1
K5RFK;EM10;3
K5RFS;EL09;12
K5RHD;DM79;8
K5RKS;EM15;1
K5RLK;EM90;1
K5RMD;EM50;16
K5RWG;DM80;1
K5SAB;EM31;1
K5SDL;EM00;1
K5SES;EL18;1
K5SHB;DM62;2
K5SID;EM10;6
K5SMH;DM81;2
K5SNA;EL16;2
K5TA;DM65;334
K5TAR;EM40;231
K5TBA;DM65;2
K5TCJ;EM13;35
K5TCJ/150;EM13;1
K5TCJ/150;EM32;1
K5TD;EM40;41
K5TDA;DM80;5
K5TDC;EM00;1
K5TED;EL09;5
K5TIA;EL29;547
K5TIN;EM40;10
K5TIP;EM13;1
K5TRG;EM12;1
K5TRP;EM53;120
K5TT;EM69;1
K5TXM;EM12;829
K5TXY;EM20;2
K5TZS;EM26;1
K5UF;EM54;1
K5UHF;EM10;13
K5UP;EM26;1
K5USF;CM98;1
K5UUT;EM10;3
K5UUU;EN31;103
K5UY;EL29;1
K5UZ;EM34;1
K5VG;FM18;3
K5VG;CN85;2
K5VGS;EL17;45
K5VIP;FM16;2213
K5VIP;FM17;1
K5VIP;FN16;1
K5VJZ;EM85;7
K5VRX;FM18;3
K5VS;EM36;3
K5VWW;DM09;6
K5VYT;DM79;3
K5WBD;EM12;5
K5WBM;EM50;1
K5WE;EM25;50
K5WH;EL29;3
K5WJF;EM23;10
K5WRZ;EM12;8
K5WSC;EM00;14
K5WTH;EM12;6
K5WV;EM11;1
K5WW;EL09;63
K5WW;DL99;27
K5WWT;EM00;65
K5WYS;DM61;2
K5XI;DM09;1
K5XM;DM94;7
K5YCM;EM25;2
K5YDD;EL17;1
K5YE;EM13;37
K5YG;EM50;6
K5YMB;EM54;2
K5YMB;EL09;1
K5YT;EM22;7
K5YT;EM51;1
K5YX;EM13;1
K5ZD;FN42;6847
K5ZD;EL09;1
K5ZD;FM18;1
K5ZG;DM88;2
K5ZSG;CN97;1
K60CW;FM16;1
K60K;CM98;1
K60K;CN97;1
K6AAM;CM98;9
K6AAP;CM95;1
K6ACV;EM37;113
K6ACV;CM95;1
K6AFW;EN35;6
K6AGA;DM04;3
K6AKO;DM13;1
K6AKR;CM88;1
K6ALF;CM98;15
K6AMS;DM14;4
K6ANP;CM88;8
K6AVB;CM98;1
K6AVP;CM95;8
K6BCW;CM87;1
K6BDR;DM04;1
K6BFL;DM14;1
K6BIR;CM87;150
K6BIV;CM98;8
K6BLG;DM04;4
K6BRN;DM03;8
K6BV;CM87;2
K6BY;EM55;1
K6BZZ;DM33;5
K6BZZ;DM44;3
K6CDJ;CM97;1
K6CJS;CM87;1
K6DAC;CM86;1
K6DAJ;CM87;81
K6DAV;DM06;1034
K6DBF;DM12;1
K6DBS;CN81;44
K6DDS;CM99;10
K6DER;DM14;1
K6DJ;DN70;45
K6DJV;CM88;1
K6DLC;CM87;6
K6DMY;DM04;1
K6DW;DM04;9
K6DWI;CM87;3
K6EFA;DM13;1
K6EGF;CM87;1
K6EGG;DM14;12
K6EGM;DM04;1
K6EI;CM87;52
K6EI;DN18;6
K6EID;EM73;2
K6EIE;EN54;1
K6ELE;CM87;1
K6ERF;CM87;4
K6EU;CM97;553
K6EV;DM14;1
K6FA;DM05;149
K6FAK;CM98;4
K6FAT;DM07;1
K6FEU;DM37;2
K6FG;DM04;3
K6FI;DN18;1
K6FNO;CM97;1
K6FS;DM14;1
K6GAB;CM99;88
K6GAN;CM96;6
K6GB/150;DM14;2
K6GBZ;CM98;2
K6GF;DM12;2
K6GHA;CM97;935
K6GHD;DM12;1
K6GO;DM13;2
K6GPB;CM98;4
K6HGF;DM04;3
K6HJV;DM79;1
K6HLH;DM14;225
K6HSV;CN85;3
K6HTV;FN31;4
K6HTV;DM26;2
K6IAN;DM14;3
K6IPM;CM87;1
K6IRK;CM98;11
K6IRP;DM13;1
K6IT;DM04;5
K6JAV;DM34;3
K6JBT;DM14;4
K6JDC;FM07;1047
K6JDC;FM08;2
K6JEK;CM87;1
K6JFP;CM99;12
K6JJ;CM98;2
K6JLL;DM05;1
K6JO;DM13;161
K6JR;DM09;1
K6JW;DM03;1
K6KCL;CM98;4
K6KGW;DM65;52
K6KLY;CM87;7
K6KM;CM97;1420
K6KML;CM98;1
K6KQV;CM87;25
K6KR;CN88;13
K6KWI;DM13;7
K6LEN;DM03;1
K6LEW;CM96;25
K6LG;DM13;1
K6LHE;DM14;1
K6LIE;DM65;1
K6LJ;EM10;1
K6LJS;DM65;1
K6LPO;EM20;2
K6LR;DM09;2
K6LS;EL98;3
K6LTW;DM78;5
K6LU;DM13;191
K6LUM;DM12;1601
K6LUM;FA74;1
K6LXE;CM87;18
K6MAA;DM04;1
K6MDG;DM12;2
K6MI;DM06;562
K6MKF;CM97;30
K6MM;CM87;1095
K6MMM;CM87;5
K6MTU;CM97;3716
K6MTU;CJ97;1
K6MTU;CN97;1
K6MU;DM03;3
K6NCC;CN80;13
K6ND;FN10;93
K6ND;FN42;1
K6NEZ;CM97;5
K6NLX;DM43;2
K6NR;DM14;343
K6NV;CM99;163
K6ODI;DN11;5
K6OJ;FM08;1
K6OK;CM98;7259
K6OK;CM97;1
K6OK;CN98;1
K6OK;EM99;1
K6OK;PM95;1
K6OO;CM87;10
K6PAD;DM13;14
K6PBF;CM87;2
K6PBT;DM09;5
K6PDL;CM97;44
K6PDL;CM96;1
K6PGH;DM13;115
K6PMG;DM14;1
K6PO;DM12;481
K6PO;DM11;1
K6PST;CM87;23
K6PST;CM67;1
K6PWP;DM04;1
K6QGK;DM33;4
K6QGV;DM13;2
K6QT;CM98;1
K6QY;DM04;8
K6RAH;EM12;14
K6RC;CM98;473
K6RC;CM95;1
K6RC;FM17;1
K6RFM;CM87;54
K6RLQ;DM08;2
K6RO;FN43;529
K6RO;DM13;282
K6RO;DM03;2
K6RO;EN32;1
K6RRS;DN18;1
K6RSP;EM13;2
K6RWM;DM14;40
K6SBA;DM04;1
K6SFC;CM87;1
K6SH;CM87;1
K6SHL;DM06;1
K6SKI;DM79;8
K6SKI;EM47;1
K6SQY;CM99;3
K6SQY;EM99;1
K6SRZ;CM88;631
K6ST;DM09;109
K6ST;CM99;42
K6STN;CM98;2
K6SY;DM03;20
K6TAA;DM65;687
K6TAT;CM99;2
K6TD;CM97;682
K6TD;CM87;2
K6TD;CN97;1
K6TE;CM96;4
K6TGW;CM95;1
K6TJ;CM87;60
K6TJO;DM13;2
K6TKR;DM13;2
K6TQ;CM98;1287
K6TXT;DM12;226
K6UF;CM97;1304
K6UF;OL52;1
K6UFO;CM97;3078
K6UFO;CN87;18
K6UFO;CM87;2
K6UI;DM03;1
K6UIP;DM13;2
K6UM;CN85;301
K6UMO;EL88;236
K6UO;CM97;1
K6VHF;DM43;1
K6VIB;CN84;6
K6VKO;EM85;1
K6VV;CM98;2
K6VVK;CM87;54
K6WCI;DM03;1
K6WRF;CN87;3
K6WRJ;DM12;1
K6WX;CM97;1
K6WXD;DM04;1
K6XJ;DM06;6
K6XN;CM87;434
K6XV;CM97;68
K6XX;CM87;1478
K6YEK;CM87;3
K6YES;DM13;6
K6YI;CM98;1
K6YIC;DM13;1
K6ZGW;DM04;1
K6ZH;DM12;157
K6ZP;CM87;21
K6ZP;CM96;1
K6ZW;DM03;1
K79QLY/R;RC50;1
K7AAK;DM24;23
K7AAT;CN74;1
K7AC;DM43;2
K7ACT;CN88;4
K7ACT;EM60;2
K7ACZ;DM34;1
K7AGE;CN72;1
K7AHD;DN31;1
K7ALM;CN87;4
K7AMJ;DM49;9
K7AOI;CN87;3
K7AP;EL95;19
K7API;CN87;1
K7ASL;DN17;2
K7BFI;DN40;15
K7BG;DN94;139
K7BLS;CN88;2
K7BOI;DN13;6
K7BOI;EM73;1
K7BT;CN84;5
K7BTW;CN86;1785
K7BV;FM04;816
K7BV;FN04;1
K7BWC;DN40;12
K7C;DM45;6
K7C;DM44;1
K7C;EM70;1
K7CA;DM37;832
K7CA;DM26;85
K7CA;CN87;2
K7CA;CM97;1
K7CA/P;EL28;20
K7CAH;CN87;13
K7CAM;CN83;25
K7CAR;DM37;36
K7CAR;DM38;5
K7CB;DM78;1
K7CBA;CN86;3
K7CBL;CM87;2
K7CDR;CN86;3
K7CI;DM43;1
K7CMA;CN85;3
K7CMI;DN57;1
K7CNT;DM25;316
K7CS;EN62;115
K7CTV;DM42;52
K7CWC;CN87;7
K7CXI;DN16;1
K7DAT;DN13;3
K7DB;DN17;4
K7DCJ;CN87;4
K7DL;CN87;1
K7DLX;DM37;28
K7DPO;DM37;1
K7DQ;DN31;2
K7DR;EN82;110
K7DSE;CN87;1
K7DTB;DM41;208
K7DWI;EM12;349
K7DWI;CN82;27
K7DWI;CM87;1
K7EA;DN40;15
K7EA;CN84;1
K7EAZ;DM42;187
K7EBO;DN31;207
K7EG;CN87;4
K7EMI;CN85;2
K7ER;DM09;7
K7EUG;CN84;2
K7EVM;CN86;1
K7FBC;DN45;2
K7FBC/P;DN45;1
K7FR;CN88;2
K7FTQ;DN06;2
K7GA;DM22;7
K7GGG;DM44;5
K7GJG;DM14;1
K7GPS;DN26;3
K7HAM;DM43;156
K7HEP;EM38;1
K7HKR;DM34;670
K7HLN;DN36;2
K7HPN;DM33;452
K7HRT;DN17;15
K7HSR;DN40;1
K7HV;CN87;2
K7IE;DM33;1
K7ILO;DM26;1
K7ING;DM43;1
K7IRB;DN71;1
K7IU;CN97;21
K7JB;CN87;1
K7JDD;CN85;1
K7JE;DM33;6
K7JGV;CM87;8
K7JIZ;DN40;3
K7JPN;DM43;3
K7JQ;DM43;1
K7JUS;CN97;3
K7JW;CN88;2
K7JW;DM42;1
K7JWN;CN85;1
K7KB;DN17;191
K7KB;FN42;1
K7KE;DM35;9
K7KTM;DN26;12
K7KTM;DM26;1
K7LFY;DN18;8
K7LGM;CN87;2
K7LNP;DN30;49
K7LNT;CN84;2
K7LNY;DM37;1
K7LR;CN87;28
K7LRB;DM41;7
K7LSV;EL88;212
K7LVH;DM26;1
K7LY;DM24;5
K7MAC;DN14;2
K7MDL;CN88;5
K7MG;CN87;1
K7MK;DN13;1
K7MKA;DM09;4
K7MOK;DM65;40
K7MTR;DM43;1
K7MY;DM43;2
K7MZE;CN87;3
K7MZM;DM26;10
K7MZM;DM16;2
K7NEB;DN18;2
K7NN;DM42;148
K7NWF;DM43;171
K7NWP;DN06;1
K7NWT;CN85;2
K7NZ;DM33;1
K7OHK;DM42;4
K7ONE;EL87;4
K7OP;FN56;3
K7ORZ;DN17;3
K7OSI;CN87;2
K7OWW;CN84;6
K7PAR;DM43;2
K7PAX;CN88;1
K7PDW;DN31;4
K7PI;CN87;11
K7PIL;CN93;1
K7PT;DM43;1
K7PTC;CN94;5
K7PUO;CN85;1
K7PVT;CN88;2
K7PWE;CN84;1
K7PWS;DN40;5
K7QA;DN26;933
K7QA;CM98;1
K7QA;DM12;1
K7QA;DM26;1
K7QB;EM69;1
K7QDX;CM98;1
K7QXG;CN84;2
K7RA;CN87;13
K7RB;FN31;11
K7RDG;DM51;4
K7RE;DN84;236
K7REH;DM43;4
K7REK;CN85;2
K7RHE;DN41;2
K7RL;CN88;695
K7RPN;CN94;2
K7RTK;CN85;4
K7SCW;DM33;1
K7SCX;DM79;35
K7SEM;CN84;7
K7SKE;DN13;1
K7SLD;DN06;1
K7SP;DM33;5
K7SPW;DM42;2
K7SR;CN87;1
K7STO;DN07;2061
K7STO;CN86;2
K7SVW;EM13;3
K7SWT;DN50;3
K7SYS;DN18;597
K7TBT;CN83;2
K7TCH;CN87;6
K7TDM;DM09;3
K7TEJ;DM33;3
K7TFT;DN40;2
K7TLD;CN85;3
K7TM;DN17;41
K7TMV;CN74;1
K7TTF;DM80;12
K7TTK;CN84;114
K7UAP;CN87;1
K7UJ;CN85;1
K7ULS;DN41;163
K7UV;DN31;7
K7UW;DM43;5
K7UWR;EM92;510
K7UWU;CN87;1
K7VAP;CN87;1535
K7VAY;DM42;16
K7VF;EM22;19
K7VFO;CN84;213
K7VIC;DN28;1052
K7VIT;CN85;469
K7VIT;FI06;1
K7VLL;DM52;1
K7VMZ;CN94;1
K7VNE;DM43;1
K7VOE;CN87;2
K7VP;CN97;6
K7VRK;BO49;1
K7VS;CN82;1
K7VZ;DM33;55
K7VZ;DM43;1
K7WLF;DM22;191
K7WP;DM43;75
K7WTA;DM34;19
K7WTG;CN87;3
K7WUB;DN14;1
K7XA;CN85;1
K7XB;DN40;16
K7XC;DM09;132
K7XQ;CM97;4
K7YD;DN45;3
K7YL;CN84;1
K7YMG;DM13;2
K7YY;DN06;1
K7ZGQ;EM01;2
K7ZKM;DN55;9
K7ZV;CN82;7
K7ZYV;EM50;184
K8AAK;EN72;1
K8AAT;EM98;9
K8AGB;EN90;3
K8AH;EN62;2
K8AJ;EN72;2
K8AJX;EM62;9
K8ASS;EN72;1
K8BBE;EN90;1
K8BCL;EN80;2
K8BDH;EN91;1
K8BL;EN91;471
K8BL;EM91;1
K8BPZ;EM11;3
K8CAD;EN74;1
K8CC;EN82;92
K8CEB;EN80;2
K8CR;EM79;1
K8CTR;EN82;140
K8CW;EN80;14
K8CX;EN91;1
K8CYV;EN63;2
K8DEV;EM79;1
K8DID;EN63;8
K8DIY;EN64;6
K8DK;EN82;1
K8DLD;EN73;5
K8DLD;EN63;2
K8DP;EN62;3
K8DRT;EN82;1
K8DTF;EM79;8
K8DTF;EN82;1
K8DV;EM79;18
K8DZ;EM79;1
K8EAB;EM74;1
K8EAC;FM18;3
K8EC;EM89;126
K8EIJ;EM89;3
K8EME;EN72;1
K8EQ;EM60;2
K8ERS;EN82;1
K8ET;EN66;3
K8EU;EN66;4
K8EWM;EN91;1
K8EZB;FN42;1
K8FAM;EN90;1
K8FB;DM34;1
K8FER;EM88;8
K8FF;EN91;1
K8FH;EN91;1
K8GB;EN82;406
K8GB;EN65;1
K8GED;EN81;10
K8GI;EN91;80
K8GIB;EM89;9
K8GNG;EN82;1
K8GQ;EM98;2
K8GT;EN82;21
K8GVK;EN72;2
K8HC;FM09;1
K8HHV;FM09;8
K8HMF;EL98;3
K8HW;EN82;3
K8IG;EN91;2
K8IRB;EM28;24
K8IS;EM99;5
K8JBW;EN73;5
K8JH;EN73;3
K8JI;EM79;1
K8JLW;FM07;1
K8JRG;EM89;6
K8JVR;EN91;1
K8KDS;EL96;4
K8KDT;EM99;1
K8KEN;EN91;1
K8KJR;EN91;1
K8KS;EN82;9
K8KWG;EM93;2
K8KWT;EN72;9
K8KWT;EJ88;1
K8LDX;EN90;3
K8LEC;EN72;7
K8LF;FM17;996
K8LG;EN62;1
K8LS;EM10;130
K8LSU;DN40;2
K8MA;EM89;116
K8MAO;FM08;3
K8MC;EM74;1
K8MC/8;EM74;1
K8MRD;EM20;2
K8MX;EN72;8
K8NAP;EM89;9
K8NGC;EN82;186
K8NGC;BQ25;1
K8NGW;EN82;1
K8NIA;EN91;36
K8NK;EL88;7
K8NU;EN80;21
K8NWN;EN72;7
K8NYY;EN82;2
K8OCN;EN83;55
K8OD;EN74;14
K8OD;EL88;1
K8OE;EN73;1
K8OK;EN72;10
K8OK;EM79;1
K8OM;EN42;30
K8OS;EN35;164
K8OZ;DM65;3
K8PEC;EM99;2
K8PK;EM79;41
K8PYD;EN80;4
K8QKY;EN82;3
K8RAR;EL97;331
K8RAR;FN42;1
K8RCT;EN74;1
K8RDG;EN74;1
K8RFI;EN73;2
K8RGI;EN91;297
K8RGI;EN51;1
K8RJH;EN91;3
K8RRD;EN85;2
K8SAR;EN80;1
K8SAW;EN82;7
K8SDX;EM79;19
K8SI;FM17;1
K8SIA;EN84;13
K8SJM;EM79;220
K8SQR;EM79;6
K8SRB;EN80;15
K8ST;EM79;2
K8TB;EN72;1
K8TBW;EN81;1
K8TE;DM65;57
K8TED;EN91;7
K8TLC;EN72;8
K8TR;CM97;736
K8TSU;EM89;2
K8TV;EN81;1
K8TWA;FM19;2
K8UHL;EM78;539
K8USN;EM90;27
K8VE;EM98;11
K8VEB;EN72;41
K8VSY;EM89;9
K8VT;EN82;1
K8WDA;EM78;2
K8WDX;FM19;2
K8WFL;EN91;4
K8WHA;FN20;7
K8WRD;EN82;1
K8WTF;EN81;1
K8WTF;EN91;1
K8WU;EN82;141
K8XCO;EN74;3
K8YE;EN72;416
K8YFM;FM17;4
K8YV;EN73;2
K8ZQW;EM75;1
K8ZT;EN91;511
K8ZZ;EN90;1
K9A;EN71;40
K9AAN;EM47;1
K9ACJ;EM20;1
K9AJE;EL96;1
K9AJW;EN52;2
K9AMP;EM69;149
K9APD;EM74;7
K9ARZ;EN51;2
K9ATX;EN53;8
K9AVT;DN61;5
K9AW;FN64;1
K9AZH;EN62;1
K9AZY;EM58;1
K9BAW;EL98;8
K9BLI;EN71;3
K9BLR;EM69;5
K9BM;DN55;2
K9CFA;EL29;1
K9CHP;FN12;1
K9CIS;EM59;2
K9CMS;EM97;1
K9CRA;EM12;4
K9CT;EN50;493
K9CT/150;EN50;18
K9CUF;EN64;5
K9CUF;EN54;1
K9CW;EN50;578
K9DCO;EN60;2
K9DD;EM48;3
K9DID;FM18;2
K9DJ;EN54;4
K9DLB;EM69;195
K9DLI;EN42;5
K9DP;EN38;23
K9DR;DN62;133
K9DRO;EN54;3
K9DX;EN52;14
K9DX;FN31;1
K9DXR;EN60;3
K9EE;EL96;1
K9EEH;EN51;665
K9EEH;EM51;1
K9EGS;EN61;4
K9EKP;EN70;1
K9EL;EN52;14
K9ELF;EN60;121
K9EP;EN52;1
K9ER;EL06;1
K9ETE;EN53;2
K9ETG;EN52;1
K9EXY;EM68;1
K9EYT;EN52;1
K9FE;EN51;70
K9FF;EM58;3
K9GA;EN61;1
K9GCC;EN61;2
K9GI;EN70;2
K9GL;EN52;27
K9GL;EN53;1
K9GM;EN63;1
K9GMM;FM18;107
K9GPN;EN54;1
K9GQ;CM88;1
K9GVT;EN41;2
K9GWH;EM90;2
K9GWH;OF78;1
K9GWS;EM84;1
K9HAS;EM69;2
K9HJZ;EN50;1
K9IDX;EN62;2
K9IG;EM69;7
K9IHM;EM86;26
K9IJ;EN52;11
K9IKB;EN34;2
K9IMK;EM57;21
K9IU;EM69;1
K9JAJ;EM79;2
K9JDP;EM84;3
K9JDT;DM43;1
K9JFO;CM88;2
K9JJS;EN60;2
K9JN;EN52;3
K9JOY;CN84;2
K9JOY;CN92;1
K9JP;EN82;59
K9JPD;EM69;5
K9JRW;EM85;1
K9JT;EN53;1
K9JY;FN34;172
K9KDJ;EM67;2
K9KDS;EM48;1
K9KLD;EM58;2345
K9KLD;EM78;1
K9KT;FN31;1
K9KU;EN65;3
K9LAE;EN51;1
K9LBL;EM66;1
K9LCY;EM69;6
K9LIZ;EM69;1
K9LV;EM68;2
K9LZJ;EM79;15
K9MDI;EM12;13
K9MDW;EN61;3
K9MK;EM12;92
K9MKC;EN53;1
K9MKE;FN20;1
K9MP;EN25;1
K9MRQ;CN88;8
K9NB;EN51;4
K9NN;EM69;8
K9NOZ;EM64;2
K9NW;EM79;291
K9OK;EN52;1
K9OM;EN65;5703
K9OM;EL98;12
K9OM;EL99;1
K9OM;HC41;1
K9OO;EN53;1
K9OSC;EN35;5
K9OW;EN43;1
K9OX;CN85;2
K9PGC;EM60;1
K9PLS;EN50;186
K9PM/P;DM54;2
K9POP;DM78;1
K9PSM;DM33;3
K9PSM;FN31;2
K9PW;EN52;6
K9PWT;EN61;3
K9PY;EN61;468
K9QH;EN54;132
K9QJ;EN51;15
K9QJS;EM65;455
K9QJS;CN88;140
K9QW;EN51;5
K9RE;EN71;68
K9RE;EN62;2
K9RJO;EN52;48
K9RMP;EN60;5
K9ROB;EM57;1
K9RQ;EL88;78
K9RS;FM29;219
K9RS;FM28;86
K9RS;FN29;1
K9SAT;DM42;423
K9SDM;EN62;1
K9SG;EM79;1
K9SM;EM59;2
K9SQU;EN62;2
K9STT;EN65;19
K9SX;EN51;2
K9SZ;EM59;1
K9T;EN61;8
K9TAD;DM04;1499
K9TAD;DM06;1
K9TAD;EM04;1
K9TAG;EM17;1
K9TAZ;CM98;7
K9TAZ;OF78;1
K9TBD;FN20;2
K9TF;EN63;4
K9TF;EN35;1
K9THB;EM69;3
K9TI;EN61;380
K9TOB;DM87;2
K9TRX;EN61;3
K9UFA;EN52;1
K9UNY;EL98;2
K9UO;EN70;1
K9UV;EN51;2
K9UXW;EM79;1
K9VER;EN54;33
K9VIT;DM37;2
K9VQR;EN44;2
K9VY;EN54;6
K9WEN;EN35;4
K9WKD;EN52;3
K9WKM;EN53;1
K9WW;EM79;1
K9WX;EN60;1122
K9WZB;DM24;15
K9XI;EN61;1
K9XP;EN51;8
K9XR;EN61;5
K9YT;EN53;2
K9YY;EM59;3471
K9YY;EM95;1
K9ZBU;FN21;3
K9ZFQ;EL96;2
K9ZIE;EN54;14
K9ZIE;EN64;1
K9ZIE;EN65;1
K9ZIE/P;EN53;2
K9ZM;EN50;1
K9ZN;EN62;6
K9ZO;EN50;17
K9ZVZ;EL06;8
K9ZW;EN64;8
KA0AZS;EM79;2
KA0BOJ;EN10;36
KA0BOJ;EM47;1
KA0BOJ;EN11;1
KA0FMZ;EM28;3
KA0IBF;EM50;2
KA0JIM;EN26;2
KA0KVW;DM78;599
KA0OSN;EM17;3
KA0QYE;EN41;2
KA0RGT;DM79;6
KA0RVH;DM26;1
KA0UNB;EN11;1
KA0VEL;EM48;1
KA0WAS;EN61;2
KA1AL;FN55;2
KA1AQP;FN42;2
KA1BMF;FN31;1
KA1BNE;FN44;2
KA1BQP;FN41;4
KA1CTL;FN51;4
KA1DAX;FN54;2
KA1DAX;FN53;1
KA1ERL;FN41;139
KA1FUE;FN64;8
KA1INE;FN42;1
KA1JBE;FN41;1
KA1JY;EM76;1
KA1KA;FN42;2
KA1MF;FN43;2
KA1MR;FN41;2
KA1MXL;FN41;14
KA1O;FN42;10
KA1PLU;DM04;3
KA1QBO;FN42;3
KA1R;FN65;1204
KA1R;FN42;5
KA1R;JM77;1
KA1RUE;EN91;451
KA1SAW;FN42;2
KA1ULN;FN42;6
KA1YL;FN41;1
KA1YQC;FN41;465
KA1YQC;FN42;230
KA1YSR;FN10;1
KA1ZQX;FN33;12
KA2ADX;FN32;1
KA2AEY;FN13;201
KA2D;FN30;317
KA2DDX;FN02;1
KA2EEU;EM20;36
KA2ENE;FN13;308
KA2F;FN20;1
KA2G;EM93;1152
KA2GQQ;FN20;1
KA2IRQ;FN20;1
KA2JAI;FM19;803
KA2K;FM29;1349
KA2KON;FN43;1567
KA2KON;OI42;1
KA2MAT;FN22;2
KA2MGE;FN02;2555
KA2MGE;FN22;1
KA2ON;FN43;1
KA2QIT;FN21;1
KA2R;FN31;14
KA2TAM;FN20;1
KA2TQV;FN20;1
KA2VCW;FN13;5
KA2WIK;FN02;4
KA2YEG;FN30;1
KA2YRA;FN21;117
KA2YRA;FN22;2
KA2ZDX;DM33;1
KA3CRC;FN02;17
KA3D;FN10;216
KA3EHL;EM90;3
KA3FMO;FN21;7
KA3FMO;FN20;1
KA3FTJ;FM19;2
KA3FUL;FN10;2
KA3FUL;FN20;1
KA3G;FN20;1
KA3IRT;EN90;20
KA3JCA;EM84;1
KA3KAQ;FN10;1
KA3KHZ;FM28;1
KA3MTY;FN20;2
KA3NKS;FN21;1
KA3PCX;FM15;8
KA3PMW;EM99;387
KA3QLF;EN51;10
KA3QOT;FN65;3
KA3RMM;FN20;1
KA3S;EN90;2
KA3SDL;FM19;3
KA3TKW;FN10;1
KA3UJE;EN91;1
KA3YGL;FN00;2
KA3ZLS;FM28;3
KA4ACE;EM92;8
KA4ANA;EM76;1
KA4BVG;EM65;104
KA4DOC;EM71;48
KA4DQJ;EM66;4
KA4FFK;FM18;1
KA4FLA;FN20;4
KA4FOX;FM08;5
KA4JON;EL99;3
KA4JON;EM84;3
KA4JRY;EM83;5
KA4KBX;EM73;311
KA4LTC;EM74;1
KA4MLP;EM75;6
KA4NAP;FM18;2
KA4NIV;EM84;3
KA4NXP;EM56;3
KA4OTB;EM34;58
KA4PKB/0;EN41;4
KA4PKB/0;EM72;2
KA4QVH;EM84;1
KA4RON;EM96;1
KA4RRU;FM18;1491
KA4RRU;EM12;1
KA4SQN;FM14;9
KA4UFM;EM83;2
KA4UPI;EM82;4
KA4USA;EM78;2
KA4WAY;EM74;2
KA5BJC;FN31;2
KA5D;EM10;130
KA5DJS;EM84;22
KA5DJS;EM01;1
KA5GIS;EM46;8
KA5HET;EM25;22
KA5HFE;EM15;3
KA5IAU;EL09;1
KA5ILQ;FN31;2
KA5JSM;EM25;6
KA5JTM;EL29;11
KA5KEH;EM12;1
KA5LJB;EM00;1
KA5MDY;EM00;127
KA5OOW;FM14;1
KA5OWI;EM26;2
KA5PMV;EM26;1
KA5PUD;EM20;2
KA5RBZ;EM13;13
KA5TXN;EM13;8
KA5USN;EM70;9
KA5USN;EL09;1
KA5VVI;FN33;2
KA5WRL;EM25;1
KA5WSS;CM88;735
KA5YCM;EM40;1
KA5ZHG;EL49;3
KA6AAE;CM97;1
KA6AIM;CM97;1
KA6AKH;FM18;1
KA6BI;CN73;1
KA6BIL;CN73;1
KA6BIM;CN73;7538
KA6BIM;CM87;1
KA6BIM;EN73;1
KA6GMA;DM35;1
KA6GSK/P;IB48;1
KA6HVC;CM88;2
KA6IZR;DM12;1
KA6JAR;DM13;969
KA6KI;DM13;10
KA6LAZ;DM04;3
KA6LJR;DM03;17
KA6RWL;CN87;7
KA6S;CM97;6
KA6T;CN85;1
KA6U;CM97;89
KA6U;DM12;1
KA6VKP;DM03;17
KA7FBI;FM17;4
KA7FBI;FN17;2
KA7HAK;CN96;1
KA7ICF;DN22;3
KA7IVB;DM42;3
KA7JAZ;DN41;1
KA7KDX;DN30;8
KA7MOA;DN31;1
KA7NPQ;DM33;5
KA7NWT;EM04;5
KA7NYE;CN87;27
KA7PTW;DM33;1
KA7QJN;DM37;4
KA7RIC;DM25;2
KA7RMG;CN87;1
KA7SWP;DM54;1
KA7TTY;CN87;1
KA7VIK;EN64;3
KA7VJI;DM42;1
KA7ZLE;EM29;1
KA8CNI;EN81;61
KA8D;EM78;161
KA8DUX;EN72;1
KA8EDE;EM89;14
KA8EDE;EN81;1
KA8EDE/VE1;FN56;1
KA8G;EN80;100
KA8GCQ;EN81;1
KA8GIM;EN45;1
KA8GPM;EN80;6
KA8HDE;EN35;64
KA8HNS;EM88;1
KA8MMI;EM28;203
KA8OAT;EL97;2
KA8TVY;EM79;2
KA8VTN;EN91;4
KA8XOE/R;HO77;1
KA8YGL;EN91;113
KA8ZMI;EM98;1
KA9AMO;EM68;1
KA9BOD;EN52;3
KA9CAR;EN52;1
KA9FOX;EN43;88
KA9FOX;EM47;1
KA9FOX;EN53;1
KA9G;FM07;1
KA9GDW;EM68;1
KA9IKK;EL29;2
KA9IUC;EN51;1
KA9IUC;EN61;1
KA9J;EM65;1
KA9JCP;EN52;49
KA9JLF;EM68;6
KA9MIC;EM66;1
KA9MJT;EN35;1
KA9NHL;EN51;3
KA9NTZ;EN60;7
KA9ONW;EN52;4
KA9ONW;EN64;1
KA9PGC;EN61;1
KA9PIE;EN51;3
KA9QAT;EN61;3
KA9ROB;EM57;1
KA9SOG;EN52;18
KA9TOX;EN40;1
KA9UVY;EM58;10
KA9VHY;DM61;1
KA9VIG;EN60;22
KA9VRX;EM67;2
KA9W;EN50;23
KA9WAR;EN65;30
KB0BK;EN57;1
KB0BSI;DN98;1
KB0EE;DN70;12
KB0EE;EM89;1
KB0F;EM64;26
KB0GT;EN33;273
KB0GTF;EN34;3
KB0HYH;EN12;3
KB0IFX;DM54;1
KB0JI;DM79;2
KB0JIT;DM78;1
KB0KSA;EM37;1
KB0LCO;EM38;1
KB0LFW;EN35;4
KB0NAV;DM79;8
KB0NG;DN28;3
KB0NVR;EM82;1
KB0OTY;EM48;1
KB0QAQ;EN16;1
KB0QEF;EN14;1
KB0QIP;EM48;1
KB0R;EN34;4
KB0RXC;EN10;3
KB0SNI;DM59;18
KB0TDW;EN21;151
KB0TNG;EN34;2
KB0UOA;EM17;2
KB0US;DN22;7
KB0USW;EL09;2
KB0UZT;EN34;1
KB0V;EN40;87
KB0VCN;EN30;9
KB0VHA;DM79;655
KB0VYG;EN11;43
KB10D0;FN33;1
KB1AWM;EM93;1
KB1BZ;FM19;1
KB1CHU;EM47;1
KB1CSI;FN43;4
KB1EFS;FN41;569
KB1EFS;FN42;365
KB1EFS;FN14;355
KB1EFS/2;FN14;4
KB1EFS/2;FN41;1
KB1EFS/2;FN43;1
KB1FSD;EL88;2
KB1FX;FN42;5
KB1GTG;FN41;1
KB1HKN;FN42;10
KB1IKD;FN42;4
KB1ISP;FN32;2
KB1IVE;FN33;2
KB1KBD;FN44;1
KB1KCT;FN33;3
KB1MCU;FN34;2
KB1MDP;FN32;1
KB1MGI;FN42;3
KB1MGI;FN31;1
KB1O;FN31;5
KB1ODO;FN33;109
KB1OIQ;FN42;2
KB1PD;EM86;12
KB1PQB;FN42;2
KB1RJS;FN42;1
KB1SEQ;FN42;3
KB1TSE;FN41;1
KB1TZ;FN42;8
KB1UHA;EL88;2
KB1UIF;FN32;1
KB1UTG;DM14;2
KB1UZ;FN41;1
KB1VUN;FN33;1
KB1W;FN32;870
KB1W;FN23;1
KB1W;FN41;1
KB1W;FN55;1
KB1WQN;FN43;4
KB1WSR;FN42;5
KB1YNT;FN31;1
KB1YXN;FN41;1
KB1YZ;FM18;2
KB1ZBZ;FN34;3
KB2AMY;FN30;1
KB2BAF;FN22;1
KB2BK;FN23;2
KB2DJJ;FN13;1
KB2DJJ;FN21;1
KB2DSQ;FN13;123
KB2DSR;FN32;1
KB2E;FN12;3
KB2ELA;EL96;2
KB2EZN;EM90;4
KB2GCG;FM29;1
KB2GUN;EM85;6
KB2HSH;FN02;51
KB2HSH;FN03;1
KB2IBZ;FN21;4
KB2KBC;FN20;1
KB2LZF;EN34;1
KB2M;FM29;14
KB2M;EL99;11
KB2MBC;FN12;4
KB2MDR;FN21;2
KB2MS;FN20;5
KB2MZU;EL98;1
KB2NEJ;EM94;2
KB2OBF;FN02;2
KB2OBF;FM16;1
KB2PVZ;FN12;4
KB2RO;FN32;1
KB2RSK;FN22;1
KB2S;CN87;353
KB2S;CN77;22
KB2TDH;FN12;138
KB2URI;FN02;2
KB2VDO;FN02;6
KB2VHT;FN30;4
KB2VHT;FN21;1
KB2WCW;FN21;1
KB2ZPB;FN30;2
KB3AAY;FM19;1156
KB3AYY;FN20;3
KB3BMT;FM28;3
KB3CAP;FM19;13
KB3CZO;FN21;2
KB3EDF;FM18;1
KB3EOF;FM19;3
KB3FW;EM92;71
KB3HF;EM48;1360
KB3HGW;FM19;1
KB3HPC;FN00;1
KB3IAI;FM19;8
KB3IHX;FN10;3
KB3KLG;FN10;1
KB3LAN;FM19;1
KB3LIX;EN90;5
KB3LYB;EN90;1
KB3MAW;FN20;5
KB3MHB;FM18;3
KB3MP;EN91;1
KB3MTU;FN20;2
KB3MXK;FM19;41
KB3NG;EL97;2
KB3NJB;EN90;7
KB3NSH;FN00;1
KB3ORR;EN90;3
KB3PSD;FM19;60
KB3QBB;EN92;1
KB3RCT/P;FN19;1
KB3RIJ;FM29;158
KB3RKM;FN10;195
KB3SPX;FM28;2
KB3SQV;FN11;1
KB3SQX;FN10;195
KB3T;FM19;1
KB3TC;FN20;2
KB3UWC;FN00;179
KB3VAV;FN21;3
KB3VIR;FN21;1
KB3VLL;FM18;1
KB3VQC;FM19;390
KB3WUC;FN20;1
KB3WYU;FM18;1
KB3YVZ;FM29;3
KB3Z;FN20;925
KB3ZKD;FM19;1
KB3ZVW;EN90;18
KB4AHI;EM73;4
KB4AR;EL96;1
KB4AS;EM83;1
KB4AUK;EM83;1
KB4CNQ;FM08;5
KB4CNQ;FM05;3
KB4DSL;EL87;1
KB4ECV;EM93;1
KB4EKK;EM20;1
KB4FB;EL87;28
KB4FUW;EM73;1
KB4GH;FM06;1
KB4GNP;EM67;1
KB4HAH;EM60;1
KB4HG;FM05;1
KB4HL;EM64;4
KB4JHU;EM50;16
KB4JHU;EM66;4
KB4JHU;EM65;1
KB4JOM;EM75;7
KB4KBS;EM74;304
KB4KC;EM78;57
KB4KGB;EM84;1
KB4KN;FM05;1
KB4KN;FM15;1
KB4LHP;EL98;14
KB4MG;EM74;1
KB4OLM;FM08;176
KB4RAB;FM05;2
KB4RRN;EM90;7
KB4RTX;EM93;1
KB4RZG;FM05;5
KB4S;FM17;1266
KB4S;FN17;1
KB4SYU;EL88;1
KB4SYV;EM74;1
KB4UF;EM90;3
KB4VL;EM75;240
KB4WA;EM66;2
KB4WT;EM95;1
KB4XT;EM71;4
KB4YKC;EM90;4
KB4ZAZ;FM15;4
KB5AAM;EM00;4
KB5DJX;EM50;9
KB5DMC;EM12;1
KB5DX;EM42;2
KB5FLA;EM35;1
KB5GA;EL49;10
KB5HC;EM50;4
KB5JW;EM32;28
KB5KQ;EM40;1
KB5MPJ;EM10;1
KB5PMD;EM13;5
KB5QFU;EM12;7
KB5RD;EM32;1
KB5REX;EM12;1
KB5RF;EM10;1
KB5RHE;EM12;6
KB5RNJ;EL17;1
KB5ROD;EM23;42
KB5SMY;EM12;1
KB5TFE;EM20;1
KB5TLU;EM40;2
KB5UFO;EL29;13
KB5UKT;EM29;2
KB5UZD;EM13;4
KB5VAI;EM42;4
KB5VAI/2;EM42;1
KB5VKP;EM10;5
KB5WBH;EM45;80
KB5WCK;EM12;166
KB5WCZ;EM26;2
KB5WSJ;EM10;38
KB5WTX;DM81;2
KB5WWW;EL29;2
KB5ZYC;DM04;842
KB6A;DM13;15
KB6AA;CM97;1
KB6C;DM04;14
KB6CIO;CM95;1
KB6DKK;DM04;6
KB6DYA;CM97;1
KB6IGK;EM10;1
KB6IXD;DM14;1
KB6JFL;DM05;477
KB6JSM;CM97;5
KB6LQV;DM06;2
KB6NTW;CM97;1
KB6OJE;EM12;2
KB6OQJ;CM94;1
KB6UF;EM40;1
KB6YHL;CM97;1
KB7AA;DM42;1
KB7AB;CN85;3
KB7ABJ;DM33;140
KB7AK;CN85;836
KB7AX;DM33;2
KB7CDA;CN82;4
KB7DNG;CN88;12
KB7EGU;DM37;1
KB7EM;CN87;8
KB7FHK;DM78;1
KB7GFL;CN97;6
KB7HDX;CN96;2
KB7HF;DM26;1
KB7IJ;EM12;35
KB7JJG;DM34;1
KB7KUH;CN74;1
KB7MLK;EM13;1
KB7MM;CN82;14
KB7N;CN97;16
KB7OGE;DM42;1
KB7QFE;DN13;5
KB7RUQ;DN31;1020
KB7RUQ;DM31;1
KB7RUQ;ON31;1
KB7SAT;DM26;3
KB7SDM;CN87;9
KB7WHO;DN43;2
KB7WSD;CN87;2
KB7YEB;DM79;1
KB7YVW;DM34;1
KB7ZJP;EM23;1
KB7ZTI;CN88;4
KB8AKZ;EN64;3
KB8BIP;EM88;22
KB8BMR;EN70;3
KB8CBY;EN71;3
KB8DAC;EN83;2
KB8DEX;EN80;6
KB8DID;EN82;1
KB8DM;EM86;4
KB8DNQ;EN90;3
KB8DRK;EM98;2
KB8ECG;EN81;7
KB8ECG;EN71;4
KB8HLN;EM79;1
KB8HRT;FM19;1
KB8JAN;EN80;1
KB8KIM;FM08;6
KB8KMH;EM88;1
KB8MCZ;EN54;7
KB8MTZ;EN91;1
KB8OJR;EM12;5
KB8OTK;EN90;11
KB8RFE;EN90;1
KB8RY;EN51;1
KB8SCS;EN70;2
KB8SRX;EN82;16
KB8STV;EM13;2
KB8SW;EN82;8
KB8TXZ;EN82;3
KB8U;EN71;18
KB8UIP;DM12;5
KB8V;EN82;1
KB8VIP;EN90;12
KB8VME;EN61;3
KB8YTD;EN73;3
KB8ZR;EM79;310
KB8ZUN;EN81;38
KB8ZUZ;EN82;1
KB8ZXI;EN91;1
KB9AVX;EN55;4
KB9AVX;EN58;1
KB9CB;EM57;1
KB9DAK;EN40;31
KB9DED;EN54;10
KB9DFE;EN45;6
KB9DFE;EN53;2
KB9ELS;EM46;12
KB9ENI;EM58;1
KB9FDX;EN52;1
KB9FIN;EM49;2
KB9FIR;EM69;1
KB9FKF;EM78;2
KB9GEG;EM50;1
KB9GKG;EN60;1
KB9GMU;EM68;1
KB9HMR;EN61;2
KB9IME;EN54;1
KB9ITE;EN51;4
KB9JJA;EM48;8
KB9JJF;EN54;13
KB9JMJ;EN53;2
KB9JTN;DM43;1
KB9JY;EM79;2
KB9KY;EM20;1
KB9LHT;DM33;55
KB9LNS;EN50;1
KB9LX;EM92;1
KB9ME;EN52;1
KB9MMC;EN53;3
KB9MYP;EN60;18
KB9NHZ;EN61;4
KB9NKM;EN70;1
KB9PBM;EN53;4
KB9QDI;EM79;20
KB9R;EN43;1
KB9REV;EN61;247
KB9RP;EN43;59
KB9RPG;EM79;1
KB9RUG;EM49;128
KB9S;EN44;985
KB9S;EN43;1
KB9SCT;EN43;20
KB9SF;EN50;1
KB9TBB;EN35;1
KB9TIM;EN52;2
KB9TVR;EM49;21
KB9VBR;EN55;3
KB9VF;EN70;5
KB9VNO;EN61;1
KB9WXW;EN51;1
KB9WZH;EM69;22
KB9Y;EN70;2
KB9ZM;EM57;42
KC0AZW;DM05;3
KC0BLK;EM29;13
KC0BLK;EM24;1
KC0BLK;EM45;1
KC0BLK;EM92;1
KC0BRA;DN30;30
KC0BRA;FN30;26
KC0BRA;EM20;1
KC0CC;EM48;1
KC0F;EM46;1
KC0FGX;EN30;9
KC0GIO;EN35;7
KC0GU;DM57;310
KC0IJH;EM17;5
KC0IUY;EM29;199
KC0JQW;DM79;2
KC0JRW;EN00;34
KC0KLR;EM56;1
KC0KUR;EN35;3
KC0LDH;EN35;2
KC0LQL;EN35;217
KC0LR;EM28;1
KC0LUH;DM79;1
KC0MFW;EN21;1
KC0NUK;EN00;1
KC0OGU;DM57;1
KC0QNB;DN90;1
KC0RF;DM79;212
KC0TST;EN34;3
KC0UJC;EN32;2
KC0UXC;DN84;9
KC0VDY;DM59;356
KC0ZCR;EN35;1
KC0ZPS;DM79;1
KC0ZPS;DN71;1
KC0ZRX;EM37;1
KC0ZVN;DM41;2
KC1ABT;FN32;1
KC1AHI;FN42;1
KC1AJT;FN42;1
KC1AR;EN52;2
KC1BB;DM32;220
KC1BUF;FN43;59
KC1CS;EM47;1
KC1DNY;FN44;1
KC1DSQ;FN42;5
KC1DVT;FN43;64
KC1EKB;FN64;2
KC1ENN;FN34;2
KC1EO;DN31;284
KC1ERO;FN31;8
KC1FGY;FN43;7
KC1GBZ;FN31;32
KC1GGY;FN41;3
KC1GNH;FN43;12
KC1IFK;FN34;221
KC1IIO;FN41;2
KC1IOK;FN42;2
KC1IUC;FN31;1
KC1JMF;FN44;3
KC1JMH;FN43;1
KC1KOP;FN41;2
KC1KQZ;FN33;1
KC1KVA;FN32;9
KC1LEA;FN42;1
KC1LED;FN54;1
KC1LKO;FN42;2
KC1LPX;FN31;3
KC1MMC;FN34;6
KC1MNC;FN42;1
KC1MXH;FN43;1
KC1NDI;FN43;2
KC1NGZ;FN42;2
KC1NHE;FN31;86
KC1NID;FN42;2
KC1NIK;FN43;4
KC1NJC;FN31;2
KC1NQE;FN21;1
KC1NXT;FN42;1
KC1NYZ;FN42;8
KC1OT;FN31;1
KC1OWM;FN31;3
KC1PNK;FN32;76
KC1POV;FN32;2
KC1PRD;FN43;2
KC1PRG;FN32;7
KC1PRR;FN32;364
KC1QDK;FN42;2
KC1QHG;FN32;2
KC1QKU;FN42;2
KC1QQB;FN42;1
KC1QYD;FN41;10
KC1RET;FN42;66
KC1RFJ;FN54;1
KC1RKX;FN41;86
KC1RLS;FN42;72
KC1RRG;FN42;1
KC1RVK;FN42;1
KC1SES;FN43;2
KC1SPC;FN31;5
KC1SYO;FN41;1
KC1THU;FN31;2
KC1TS;FN32;2
KC1TUF;FN42;1
KC1TXE;FN42;10
KC1UER;FN31;15
KC1UX;FN43;2
KC1UYZ;FN31;4
KC1V;FN31;1
KC1VBX;FN43;1
KC1VFQ;FN34;2
KC1VNQ;FN41;7
KC1VSR;FN31;1
KC1WD;FN42;15
KC1WOV;FN42;1
KC1YJ;FN42;4
KC2BBI;FN20;2
KC2BME;FN55;1
KC2CYO;FN20;1
KC2DAQ;EM73;1
KC2DFO;FM29;1
KC2DMC;FN21;7
KC2DPF;FM18;3
KC2DUX;FM29;1
KC2EES;FN31;21
KC2EKR;FN30;2
KC2ELS;CN87;2
KC2FEB;FN30;94
KC2FHG;FN54;5
KC2FKM;EM20;1
KC2FZN;FN34;2
KC2GOW;FN20;1107
KC2HGP;FN21;1
KC2HSU;FN23;3
KC2IPV;FM29;2
KC2JAV;EM79;2
KC2KJO;FN13;3
KC2LM;DM65;106
KC2LST;FN20;3
KC2LWX;FN30;1
KC2MBV;FN30;49
KC2MZW;FN12;2
KC2NFJ;FN20;41
KC2NFJ;JJ00;1
KC2NJ;FN20;12
KC2NJ;FN00;1
KC2OUV;FM29;36
KC2POL;FN20;11
KC2QII;EM92;6
KC2QJB;FN20;308
KC2RDX;FM07;2
KC2RDX;FN20;2
KC2RXS;EM96;2
KC2SST;FN20;3
KC2STA;FN22;2
KC2SWC;FN30;1
KC2SZ;FM29;28
KC2THY;FN20;1
KC2TN;FM29;1
KC2WUF;FN20;1528
KC2WUF;FM29;1
KC2XX;FN20;2
KC2YIL;FN31;13
KC2YME;FN22;1
KC2YTD;FN12;1
KC2YWE;FN20;1
KC2YWE;FN41;1
KC2YYF;FN21;25
KC2YYF;FM40;1
KC2ZA;FN20;1
KC2ZDC;FN22;14
KC2ZZR;FM18;3
KC3AA;FN00;2
KC3ACQ;FN20;1
KC3AEV;FN01;7
KC3AHR;FN11;6
KC3AK;FN10;3
KC3AM;FM29;2
KC3ANX;EN90;158
KC3AWJ;FN20;2
KC3BTV;FM29;1
KC3D;EL96;1
KC3DA;EN90;2
KC3EF;CN85;2
KC3EF;EN35;1
KC3EF;EN52;1
KC3EF;EN53;1
KC3EF;EN55;1
KC3EIZ;EN90;9
KC3FCQ;FM19;1
KC3FDD;FN10;1
KC3FHU;FM18;3
KC3FOI;FN20;1
KC3FSP;FN00;1
KC3FVN;FN10;12
KC3GDT;FM19;3
KC3GLK;FN20;1
KC3HFW;FN10;5
KC3HKZ;FN00;1
KC3HQQ;FN10;1
KC3IGL;FM19;3
KC3IRG;FN00;2
KC3JAS;FN01;1
KC3JCL;FM19;2
KC3JNW;FN11;549
KC3JTF;FM19;2
KC3KFW;FN00;267
KC3KGE;FN20;1
KC3KMZ;FN00;1
KC3KRZ;EN91;96
KC3KUS;EN90;1
KC3LEE;EM20;1
KC3LPQ;FN01;3
KC3MAL;FM28;30
KC3MBT;FM29;1
KC3MDK;FM19;1
KC3MLR;FM19;2
KC3NDU;FN21;467
KC3NDW;FN21;153
KC3NDZ;FN10;3
KC3NIE;FM19;3
KC3NKP;FN00;1
KC3NMR;FM19;1
KC3NNO;FN10;1
KC3NOH;FM19;2
KC3NQB;FN20;7
KC3NQE;FN20;3
KC3NZT;FN20;5
KC3OL;EM28;69
KC3OLP;FN10;3
KC3OPI;FN10;2
KC3OQP;FM19;1
KC3OQZ;FM29;2
KC3OQZ;EN90;1
KC3OSD;FM19;341
KC3OYZ;FN20;193
KC3OYZ;FN30;1
KC3PAO;FM19;1
KC3PBI;FN20;4
KC3PHT;FN11;1
KC3PIB;EN90;1100
KC3PUJ;FM19;1
KC3PWR;FN11;1
KC3PZX;FM28;1
KC3QIU;FN10;5
KC3RCM;FN11;2
KC3RDV;FN20;2
KC3REZ;FM05;1
KC3RHQ;FN00;2
KC3RN;EN90;7
KC3ROB;FM29;1
KC3RPO;FM19;128
KC3SIL;FM09;7
KC3SJ;EM77;5
KC3SVR;FM19;151
KC3SWL;FM29;6
KC3TD;FN11;21
KC3TDR;FN20;2
KC3TFW;EN90;1
KC3TIU;EN91;1
KC3TVM;FM19;1
KC3TYX;FM29;316
KC3UCQ;FM28;1
KC3UEK;FN00;1
KC3ULW;EN90;3
KC3UYI;FN10;1
KC3UYZ;FN20;2
KC3VBE;FM28;2
KC3VKP;FN00;2
KC3VPB;FM19;5
KC3VPY;FN20;1
KC3VYM;FN00;1
KC3WCY;EN90;1
KC3WDW;FN10;24
KC3WJU;FM19;2
KC3WLS;FM29;4
KC3WNX;EM77;1
KC3WOX;FN00;12
KC3Y;FM19;5
KC3YQL;FN10;9
KC3YUC;FN20;2
KC3YVE;FN00;2
KC3ZNY;FN20;1
KC3ZWZ;FN00;1
KC4AAW;EM85;1
KC4BTS;EM75;1
KC4BW;FM19;2
KC4CL;EL89;2
KC4DE;EL96;1
KC4DM;EM90;2
KC4ES;EL98;3
KC4EVR;EM55;2
KC4EZN;EM85;2
KC4GCK;EM74;326
KC4GKC;EM74;1
KC4HN;FN20;14
KC4HW;EM71;619
KC4HYO;FM17;2
KC4IG;EM96;4
KC4IR;EM74;1
KC4JKW;FM14;6
KC4JNW;EM84;187
KC4JXH;EL99;1
KC4KES;EM10;1
KC4KZR;FM06;3
KC4LGC;EL98;3
KC4LZN;EL98;4
KC4ONA;CN86;2
KC4PX;EL98;8
KC4PX;CM87;1
KC4QX;EL97;1
KC4RCR;FM09;154
KC4RFN;FN42;1
KC4RNF;EM63;164
KC4RNF;FJ24;1
KC4RZ;EL89;4
KC4SMI;EM78;5
KC4SWL;EM95;1
KC4TIQ;EM85;1
KC4TNQ;EM66;1
KC4TVN;FM17;1
KC4UMS;EM81;1
KC4WQ;EM78;17
KC4X;EM96;2
KC4YAO;EL98;5
KC4YAU;EM62;2
KC4YRV;EM74;1
KC4ZA;FM18;4
KC4ZIE;FM04;1
KC5AXH;EM13;4
KC5CPO;EM12;4
KC5CQA;AG65;1
KC5DJY;EL29;1
KC5DRI;FN10;5
KC5E;DM91;1
KC5F;EM85;7
KC5GR;EM22;3
KC5HWB;EM12;111
KC5KCT;EM22;2
KC5KE;EL29;1
KC5LK;EM52;2
KC5LT;EM86;16
KC5MPS;CN85;1
KC5MW;EM20;1
KC5NK;EM13;6
KC5OCH;EM25;6
KC5RR;EM22;2
KC5RY;EL09;9
KC5SM;EM45;7
KC5SOZ;DM65;11
KC5TCR;EM30;2
KC5TER;EM26;2
KC5TT;EL29;54
KC5UFS;FM05;2
KC5UMA;EM64;1
KC5UTA;EL19;5
KC5VAZ;EL09;4
KC5WMI;EM50;1
KC5WQ;EM43;1
KC5YPU;DM93;4
KC5YPU;DM92;3
KC5ZBO;EM12;1
KC5ZZX;EM25;3
KC5ZZX;EM26;2
KC6BAV;EL09;1
KC6CHL;DM04;4
KC6CNN;EL16;1
KC6KSN;CM97;1
KC6KWP;CM98;1
KC6MIE;DM13;4
KC6RZW;CN85;1
KC6SEH;DM24;4
KC6TDR;DM14;1
KC6UXQ;DM13;1
KC6WOG;DM04;1
KC6YPV;DM03;3
KC6YYM;DM13;1
KC6ZKT;CM97;1
KC7AA;DM42;2
KC7BBK;CN96;1
KC7BQ;DM35;10
KC7CS;DM43;81
KC7DC;EM26;4
KC7ES;DM43;2
KC7FAT;DM79;5
KC7GVU;CN88;1
KC7HDE;CN88;8
KC7HEX;CN82;8
KC7JPC;DN17;5
KC7KMP;DM43;3
KC7MDT;DN40;1
KC7PBH;CN87;1
KC7PK;DM26;15
KC7RAS;CN87;2
KC7RCY;EN61;296
KC7RG;CN87;2
KC7UB;DN41;7
KC7UBS;DN74;2
KC7UG;BL12;1
KC7UG;DN07;1
KC7UI;EM69;19
KC7V;DM33;1271
KC7V;DM43;145
KC7VLO;FM14;2
KC7WJ;CN92;1
KC8AMH;EN83;1
KC8AZZ;EN81;4
KC8BGJ;EN82;10
KC8DIB;DM33;4
KC8DMH;EN72;31
KC8EOQ;EN51;1
KC8GCR;EM95;5
KC8GE;EN82;1
KC8GWH;EN81;4
KC8HQS;EM79;305
KC8IQ;EN81;1
KC8IZE;EM79;1
KC8JNV;CM98;8
KC8JRE;EM88;1
KC8JUS;EM98;3
KC8LOW;EN80;1
KC8MLB;EL98;3
KC8NUH;EN66;4
KC8ODI;FM09;1
KC8OH;EN91;1
KC8OPV;FM17;5
KC8OYE;EN82;2
KC8P;EN82;2
KC8PFF;EM88;4
KC8PZA;EL49;1
KC8QDQ;EM89;1
KC8QNO;EN83;3
KC8RC;EN82;3
KC8RF;EM79;2
KC8RFE;EN50;1
KC8RKL;EM79;4
KC8RPO;EM79;3
KC8SES;EN75;12
KC8SWY;EN90;2
KC8TYK;EM99;1
KC8U;EN80;1
KC8YOM;EM79;1
KC8YRK;EM84;1
KC8ZKS;EM89;13
KC8ZKS;EN80;3
KC8ZPI;EN73;3
KC9AA;EN54;3
KC9AH;EN51;1
KC9BK;EN52;17
KC9CDC;EM12;2
KC9CI;EN53;2
KC9ECI;EN44;1
KC9EI;CM99;43
KC9EI;DN13;2
KC9EOQ;EN51;672
KC9EP;EM67;3
KC9EQQ;EN51;1
KC9FHA;EN62;1
KC9GF;EN50;1
KC9GHA;EN51;13
KC9GLR;EM79;1
KC9GMW;EN55;33
KC9GPJ;EM29;4
KC9GPY;EN52;3
KC9IKB;EM69;252
KC9JXJ;EN62;16
KC9JZF;EN61;1
KC9K;EN50;415
KC9LBD;EN45;2
KC9LBE;EN46;1
KC9LFD;EN53;18
KC9MBL;EM79;1
KC9MEG;EN52;13
KC9MU;EM66;1
KC9NBK;EN53;1
KC9NBK;FN12;1
KC9NBV;EM69;89
KC9NJZ;EN52;1
KC9NKI;EM68;2
KC9NPJ;EM58;4
KC9NVN;EN52;71
KC9OIS;EN54;1
KC9OJV;EN51;1
KC9ORX;EN71;1
KC9OYE;EN61;91
KC9PL;EN40;1
KC9RB;EM69;1
KC9RF;EN56;15
KC9RNK;EN61;3
KC9RXM;EN51;7
KC9SP;EN26;5
KC9TFZ;EM69;3
KC9THI;EM26;16
KC9TZO;EN62;8
KC9UB;EM69;2
KC9UEF/P;EN55;3
KC9VMO;EN63;1
KC9VW;EL29;2
KC9WGY;EM58;1
KC9WIB;EN61;97
KC9WPS;EN52;3
KC9XI;EM19;2
KC9YDV;EN52;1
KC9YRA;EN61;1946
KC9YTT;EN40;37
KC9ZEL;EN51;1
KC9ZIH;EN61;1
KC9ZMY;EN61;37
KC9ZS;EN54;9
KD0AA;EL98;2
KD0AEI;DM25;502
KD0AEZ;DM25;1
KD0BTO;CM87;3
KD0GY;EM38;407
KD0IOE;EN16;1
KD0IVV;EN21;78
KD0IX;EM27;1
KD0JAO;EM48;1
KD0JHW;EN41;1
KD0JHZ;EN41;2
KD0KHV;EM48;1
KD0KQL;DM78;5
KD0KZE;EN35;2
KD0MOA;EM13;1
KD0MZT;DM79;1
KD0OIX;EN16;130
KD0OIX;EM27;80
KD0QG;DM59;2
KD0RCC;EN32;1
KD0RIY;EN10;1
KD0RQU;DM79;2
KD0TYU;DN70;6
KD0UNI;EN17;26
KD0UYF;EN11;1
KD0VMN;EM29;1
KD0WQC;DM69;1
KD0XD;EN12;159
KD0XP;EM12;1
KD0YMC;DM78;1
KD0ZDU;DM79;11
KD1DT;EM69;8
KD1ELK;DM43;1
KD1NN;FN32;1
KD1PV;FN32;3
KD1RT;FN32;1
KD1UA;FN42;3
KD1VY;FN42;4
KD2ABK;FN23;5
KD2ADE;FN31;3
KD2AGW;FN24;2
KD2BRV;FN20;107
KD2BS;FM28;37
KD2BS;FN30;8
KD2CDV;FN03;2
KD2CFD;EM33;4
KD2DLL;FN22;505
KD2E;FN20;1
KD2FSI;FN20;2
KD2FTA;FN20;3
KD2FTA;FN21;1
KD2GCP;FN30;3
KD2GXL;FN30;219
KD2HHT;FN31;1
KD2HJW;FN13;1
KD2HNS;FM29;3
KD2IBP;FN30;2
KD2IBT;FM18;7
KD2ISV;FN02;5
KD2JO;FN32;1
KD2JOE;FM29;661
KD2JZZ;FN02;1
KD2KDG;FN30;58
KD2KEH;FN02;3
KD2KJU;FN22;2
KD2KNH;FN30;2
KD2KW;EM13;2
KD2L;EM79;4
KD2M;EL87;1
KD2MFX;FN02;2
KD2MKJ;FN02;15
KD2NAK;FN32;1
KD2NBC;FN12;2
KD2NF;FM05;3
KD2NOM;FN20;19
KD2OZC;FM29;1
KD2PBZ;FN02;8
KD2PEJ;FN30;2
KD2PEZ;FM29;1
KD2PLR;FN20;2
KD2PYM;FN32;2
KD2QAR;FM09;4
KD2QBK;FM29;1
KD2QFW;FN32;4
KD2QPU;FN20;1
KD2QQM;FM26;1
KD2RHT;FN13;1
KD2RN;FN13;1
KD2RPX;DM57;1
KD2RSF;FN31;1
KD2RUY;FN12;1
KD2RVW;FM29;1
KD2RWC;FN03;5
KD2RYX;FN21;16
KD2SER;FN12;2
KD2SXD;EM90;2
KD2T;FM15;11
KD2TCK;FM29;201
KD2TFP;FN31;1
KD2TIC;FN20;1
KD2TOK;FN30;1
KD2TOW;FN02;1
KD2TRM;FN22;1
KD2TUS;FM29;109
KD2TWJ;FN32;3
KD2UBG;FN13;1
KD2UBH;FN02;29
KD2UCW;DM61;2
KD2UUC;FN20;1
KD2UVT;FN20;2
KD2UZM;FN13;22
KD2VCE;FN02;1
KD2VLH;FN02;2
KD2VLX;FN02;2
KD2VQG;FM29;1
KD2VRL;FN20;1
KD2WFJ;FN21;15
KD2WIV;FN22;57
KD2WIV;IN99;1
KD2WJR;FN20;4
KD2WLL;FN30;1
KD2WWQ;FM29;11
KD2WWU;FN20;2
KD2WZW;FN24;9
KD2WZW;FN32;1
KD2YAR;FN20;3
KD2YCK;FN20;57
KD2YIO;FN13;4
KD2YQS;FN20;11
KD2YRH;FM29;1
KD2YUG;FM29;1
KD2ZHW;FN13;1
KD2ZIU;EL96;10
KD2ZIW;FM29;1
KD2ZMM;FM28;6
KD2ZSW;FN20;3
KD2ZYC;FN31;86
KD2ZYW;FN13;2
KD3AEH;FN10;3
KD3B;EM78;1
KD3BAT;FN20;1
KD3BMM;FN00;1
KD3BRP;FM19;1
KD3CI;FN00;2
KD3CR;FM19;396
KD3FB;FM19;12
KD3G;FM19;6
KD3GC;EM83;11
KD3PC;FM17;2
KD4ADC;EM74;233
KD4AMP;EM80;1
KD4AYU;EM86;3
KD4BEE;EL99;4
KD4BK;FM19;1
KD4C;EM12;11
KD4CB;EM94;7
KD4CJO;EM73;1
KD4CM;EM90;1
KD4CVB;EM83;4
KD4CVR;EM74;1
KD4DEH;EM86;10
KD4DS;EL88;3
KD4EE;EM79;1
KD4EXS;EM62;1
KD4FOT;EM84;1
KD4FW;FM18;3
KD4G;EL98;1
KD4HGR;EL96;3
KD4HOU;EM74;5
KD4HQQ;FM16;1
KD4IE;EL98;2
KD4IMA;EM70;7
KD4IZ;FM19;15
KD4JG;EL98;7
KD4JS;EL99;1
KD4KKF;EM63;12
KD4LT;EM76;8
KD4MZM;EL87;15
KD4MZM;EL88;13
KD4NGC;EM83;19
KD4NSJ;EL98;1
KD4O;EM93;3
KD4PYR;EM78;1
KD4QOF;EL99;5
KD4RAA;FM14;2
KD4RH;EM94;1279
KD4S;EM84;128
KD4SIX;EM95;4
KD4SN;EM77;1
KD4TZW;EM74;3
KD4UCZ;FM06;6
KD4UO;EM84;5
KD4VRY;EL96;5
KD4VRZ;EL96;24
KD4VVZ;EM50;1
KD4WLE;EL98;105
KD4WVO;EM71;1
KD4YDC;EM73;1
KD4YDD;EM84;14
KD4YSJ;DM34;1
KD4ZWU;EM75;2
KD5AAP;DM92;2
KD5BPR;EL49;1
KD5CMW;EM26;3
KD5CT;EL09;1
KD5DID;EM12;1
KD5E;EL29;6
KD5EAU;EM29;2
KD5EWF;EM20;4
KD5FEE;EM21;1
KD5FOY;EM12;3
KD5FVZ;EL09;1
KD5FZX;EM12;1
KD5HIP;EM36;2
KD5IKG;EM10;3
KD5IUJ;EL98;4
KD5IUN;EM13;1
KD5J;EM45;4
KD5JGD;EL09;2
KD5JHE;EM54;182
KD5L;EM36;2
KD5LPB;EM12;1
KD5M;EM60;7
KD5MZV;EM15;48
KD5MZV;EM83;1
KD5NSK;EM34;8
KD5NXR;EM20;21
KD5OMJ;DM41;7
KD5R;EM31;2
KD5RBU;CN87;1
KD5RFC;EM11;21
KD5RMS;EM26;1
KD5SAQ;EL09;8
KD5SYI;DM82;1
KD5SZW;DM56;1
KD5TKR;DM91;109
KD5TKR;EM01;100
KD5USA;EM63;28
KD5UYZ;EM40;7
KD5VRU;EM10;7
KD5VXY;EM22;1
KD5WJV;EM13;1
KD5WKK;EL09;16
KD5WW;EM10;1
KD5WY;EM26;1
KD5YS;EM31;252
KD5ZAT;EM22;23
KD5ZLR;EL09;2
KD5ZYV;EM10;6
KD6AEJ;DM04;1
KD6C;CM95;4
KD6CWI;DM13;1
KD6CZ;DM13;1
KD6DJ;CM89;14
KD6ENW;DM24;1
KD6FBF;CM98;41
KD6FIL;CM88;2
KD6GHX;DM25;1
KD6GRD;CM97;5
KD6H;DN40;1
KD6HOF;CM99;408
KD6HOF;CM98;1
KD6HWI;EM69;2
KD6JWK;DM04;1
KD6KHJ;DM03;533
KD6KHK;EN52;1
KD6L;CM97;1
KD6NFD;DM04;1
KD6NSA;DM05;1
KD6PPM;DM05;2
KD6QFO;CM98;3
KD6RN;FN42;6
KD6SEC;DM13;1
KD6SPN;CM97;306
KD6UY;EM11;2
KD6UYK;DM13;2
KD6WKY;CM98;3
KD6WW;CM98;268
KD6XP;DM04;1
KD6XU;DM12;1
KD7ADI;CN85;1
KD7BMX;DN31;2
KD7DPS;DM42;7
KD7DY;DN13;222
KD7EX;EM46;1
KD7F;DN17;3
KD7GHZ;DN17;179
KD7H;CN87;2
KD7HSH;CN87;6
KD7HU;DN55;1
KD7JFK;EM29;1
KD7JR;DM33;5
KD7KMZ;DN40;1
KD7KZ;DM42;2
KD7L;DN17;2
KD7MA;CN87;11
KD7PCC;DM26;5
KD7PCE;DM41;115
KD7QJL;CN92;1
KD7RF;DM45;19
KD7TTT;DM37;1
KD7WP;DM26;7
KD7WPQ;DN18;1
KD7X;CN88;1
KD7YOX;DM41;6
KD7ZAL;DM26;13
KD7ZPP;DM09;1
KD8AHS;EN90;2
KD8APE;FM17;1
KD8AWE;EN80;24
KD8CDC;EN91;119
KD8DEF;EN72;4
KD8DLX;EM99;1
KD8E;EL88;1
KD8EVN;EN81;1
KD8GD;EN81;1
KD8HTS;EL87;1
KD8IAK;EN72;2
KD8JAM;EN57;2
KD8JJW;EM97;4
KD8JOT;EM94;181
KD8JSP;EM47;1
KD8JV;EM79;14
KD8JZR;EM79;1
KD8KVO;EM59;1
KD8KWH;EN80;18
KD8LNQ;EN72;1
KD8LO;EN82;10
KD8MLE;EN90;1
KD8OBA;EN91;4
KD8ODF;EN91;1
KD8SI;EM79;49
KD8SSX;EN91;1
KD8SZZ;EN73;1
KD8TBP;EN90;3
KD8TF;EL98;20
KD8TJK;EN91;1
KD8TO;EN91;2
KD8TTM;EN71;5
KD8UVN;EN74;2
KD8UWF;EM88;1
KD8VYT;EN91;5
KD8WBZ;EN81;265
KD8WBZ;PM26;1
KD8WKR;EN70;1
KD8YQQ;EN80;2
KD8ZEI;EN81;1
KD9AIE;EN41;1
KD9ANS;EN70;5
KD9ATF;FM18;3
KD9BGS;EN70;179
KD9BRW;EN61;4
KD9CPB;EN61;1
KD9DI;EM58;1
KD9DIF;EN53;1
KD9DJB;EN52;7
KD9DP;EN61;4
KD9DX;EM59;3
KD9EAY;EN60;2
KD9EFO;EM59;3
KD9EGI;EM48;2
KD9ERL;EM66;1
KD9ERS;EN50;2
KD9EYW;EN61;123
KD9F;EN50;2
KD9FOF;EN52;27
KD9FQC;EM58;1
KD9GLB;EM12;1
KD9GY;EN52;1105
KD9HAV;EN71;11
KD9HAY;EN61;1
KD9HBI;EM58;6
KD9HL;EN61;3
KD9HLD;EM49;1
KD9HQT;EM69;466
KD9IDD;EN52;14
KD9IGC;EM67;3
KD9IKN;EM69;2
KD9INK;EN50;2
KD9ISN;EN41;1
KD9JAI;EN53;2
KD9JAY;EN71;2
KD9JJR;EN52;2
KD9JQR;EM58;2
KD9JYN;EM68;4
KD9KAE;EN61;3
KD9KDK;EM57;1
KD9KMF;EN71;1
KD9KWA;EM69;1
KD9LHL;EM79;2
KD9LLY;EN50;1
KD9LNH;EN52;1
KD9LOK;EM69;19
KD9LOR;EM69;2
KD9LQY;EN53;2
KD9LRW;EN71;2
KD9LTN;EN41;94
KD9LTQ;EN52;2
KD9LVX;EN70;20
KD9MAB;EN60;1
KD9MAK;EM69;1
KD9MAP;EN52;4
KD9MCC;EN52;4
KD9MEQ;EM69;3
KD9MER;EM69;4
KD9MGZ;EN71;1
KD9MHJ;EN61;5
KD9MO;EM78;5
KD9MSN;EN62;2
KD9MUH;EM68;1
KD9NJR;EN52;1
KD9NNZ;EM69;1
KD9NRT;EN71;3
KD9NUE;EN60;4
KD9OAZ;EN54;526
KD9OIN;EN51;69
KD9OLN;EN71;1
KD9OQK;EN54;5
KD9ORQ;EN62;3
KD9PAH;EN51;1
KD9PFL;EN53;1
KD9PK;EM55;2
KD9PKP;EN51;1
KD9PLU;EN53;2
KD9PLX;EM68;1
KD9PML;EN53;1
KD9PUP;EN50;1
KD9QGE;EN40;1
KD9QGN;EN61;1
KD9QGP;EN61;2
KD9QHQ;EN54;92
KD9QHV;EN61;1
KD9QZF;EM79;1
KD9RCN;EN52;41
KD9RDO;EM59;3
KD9RPM;EM58;1
KD9RXF;EN53;1
KD9S;EM10;9
KD9SJC;EN61;5
KD9SQK;EN62;1
KD9SZA;EN70;2
KD9TAW;EN52;4
KD9TEZ;BL11;1
KD9TKG;EM59;1
KD9TPE;EN50;1
KD9TTA;EN61;1
KD9TZ;EN63;1
KD9UJM;EM78;2
KD9URI;EM69;1
KD9VGZ;EN60;1
KD9VRH;EM48;1
KD9VSD;EN61;3
KD9VSU;EN61;1
KD9VUK;EN63;34
KD9VUK;EN36;6
KD9WIG;EN70;1
KD9WRP;EN71;4
KD9YAZ;EN51;2
KD9YBH;EN61;2
KD9YLL;EM49;1
KD9YLM;EN71;1
KD9YOO;EM69;3
KD9YPG;EM69;1
KD9Z;DM26;52
KD9ZHF;EN62;1
KD9ZR;EM69;1
KD9ZSF;EM69;1
KE0ABA;EM90;4
KE0AEP;EN11;1
KE0CBV;EN22;5
KE0CFR;DM79;1
KE0CGB;EM27;1
KE0CQB;DM78;6
KE0DC;DM79;215
KE0DDV;DM68;3
KE0DM;EM48;1
KE0EE;DN70;11
KE0ELU;EM29;1
KE0ELU;EM36;1
KE0FCG;EM48;1
KE0GGG;DM42;2
KE0GHU;EM28;2
KE0GSZ;EN31;43
KE0HBE;EM28;2
KE0HCE;EM49;3
KE0IOU;EM17;1
KE0IS;EM48;2
KE0JMK;EL98;33
KE0JMK;FN21;1
KE0JZE;EM48;2
KE0JZE;AA00;1
KE0KRO;EN13;3
KE0KZ;EM48;16
KE0LCK;DN70;23
KE0LCK;DM70;13
KE0LEP;EM37;3
KE0LLH;DM78;11
KE0LOZ;DN96;7
KE0LRR;EM45;2
KE0LTY;EN34;1
KE0MAQ;DM78;2
KE0ME;DN70;26
KE0MQT;EM29;3
KE0N;EN34;8
KE0NAK;EM57;2
KE0NHL;EM37;1
KE0NRE;DM79;11
KE0OEZ;DM78;2
KE0OFI;EM07;1
KE0OIR;DM79;181
KE0OPR;EM17;4
KE0OSV;EM17;5
KE0OVX;DN98;717
KE0PK;DM67;1
KE0PRS;EM08;4
KE0PRX;CO45;4
KE0PX;DM67;106
KE0QKF;EN41;1
KE0QPG;EM17;1
KE0QXV;EN34;1
KE0RAI;EM17;1
KE0RBX;EN42;1
KE0RIZ;EN35;1
KE0RUZ;EM27;1
KE0RYF;EM37;4
KE0RYO;EN80;2
KE0SDV;DN70;6
KE0SOR;DN70;5
KE0SRL;EM29;1
KE0STO;EN35;3
KE0STT;EN21;3
KE0SYJ;DM79;1
KE0TL;EN34;259
KE0TPE;EM47;2
KE0TR;EN20;1
KE0VKO;EN35;15
KE0VUM;EM19;4
KE0WNL;DM79;1
KE0YAG;DN70;2
KE0YBL;EN13;16
KE0YBL;EM48;1
KE0YJJ;EN34;1
KE0YRN;EM29;2
KE0YXX;EM48;1
KE0ZCE;EN16;222
KE0ZVD;EM39;5
KE1AB;FN41;6
KE1AF;FM18;76
KE1AF;FN41;24
KE1AU;FN31;1
KE1B;CM87;1
KE1BZ;FN41;2
KE1CVM;EL17;1
KE1F;EL99;4
KE1HO;DN45;3
KE1R;FN31;2
KE1VT;FN34;10
KE2AA;EM83;2
KE2AA;EN92;2
KE2AFE;FN23;1
KE2AJI;FN03;1
KE2ANN;FN31;1
KE2AQZ;FM29;2
KE2ATD;FN32;4
KE2AXX;FN13;2
KE2BUO;FM29;7
KE2CIO;FN21;1
KE2CJL;FN13;3
KE2CUR;FN30;9
KE2CXR;FN12;2
KE2D;FN20;1349
KE2DJR;FN13;1
KE2DVR;FN20;5
KE2EF;EL96;8
KE2FP;FN20;1
KE2FUD;FN02;15
KE2FUM;FN20;6
KE2FWN;FN20;1
KE2GNP;FM29;1
KE2I;FN31;6
KE2KQ;FM04;5
KE2MM;FN20;1
KE2N;FM18;6
KE2SR;FN02;2
KE2UK;FN30;97
KE3FG;FN20;3
KE3GK;FM19;48
KE3GP;FM19;4
KE3I;EN90;7
KE3KK;FN42;247
KE3KU;FN20;4
KE3OG;FN00;1
KE3QZ;FM18;94
KE3TW;FM19;8
KE3VV;EL98;1
KE3ZT;FN00;6
KE4ARS;EL89;1
KE4AZZ;EL87;2
KE4BCN;FM09;3
KE4DHX;EM66;1
KE4EA;EM84;10
KE4EM;EM74;1
KE4EST;EM75;86
KE4FGD;EM80;1
KE4GFE;EL95;4
KE4GNB;EL87;1
KE4GPS;EM55;5
KE4GS;EL87;1
KE4HTS;FM07;14
KE4ILB;FM17;2
KE4KTW;CN30;1
KE4LPL;EM66;1
KE4MAC;FM05;1
KE4MD;EM60;1
KE4MVW;EM86;6
KE4MZ;EM71;2
KE4OPI;EM85;2
KE4PMP;EM82;1
KE4PMS;FM09;3
KE4PWE;EM80;5
KE4QAY;EM93;1
KE4QLK;EL89;6
KE4RK;FM16;1
KE4S;FM19;359
KE4SAM;FM15;2
KE4T;EL95;1
KE4TP;EL87;49
KE4TZI;EM70;9
KE4TZN;FM15;2
KE4UW;EM74;1
KE4VWK;FM04;4
KE4VYQ;EM63;1
KE4WE;EM66;102
KE4WLE;EM79;5
KE4WMF;FM17;3
KE4WUP;EM66;14
KE4ZDJ;EM87;1
KE4ZIP;EL87;36
KE4ZUN;EM95;3
KE5ASM;EM21;18
KE5BOR;EM26;2
KE5BOR;EM25;1
KE5BR;EM28;1
KE5CDE;EM10;411
KE5CO;EL29;1
KE5CVM;EL17;658
KE5CVM;DM79;1
KE5DG;EL09;166
KE5EN;EM13;1
KE5ES;EM02;1
KE5GK;EM15;1
KE5GL;EL09;41
KE5GL;FM16;1
KE5HDE;FN12;324
KE5HDF;EL29;1
KE5ILE;EM47;2
KE5LQ;EL29;864
KE5MIS;EM53;13
KE5OK;EM33;5
KE5OK;EM34;1
KE5OWJ;EM13;183
KE5PE;EM20;14
KE5Q;EM13;1
KE5RRN;DM65;6
KE5SF;EM35;3
KE5SUE;EM34;4
KE5TA;EM40;2
KE5TD;EM35;3
KE5VRT;EM40;1
KE5WCT;EM23;2
KE5XV;EL19;10
KE5XV;EL29;2
KE5YOT;EM20;2
KE5YRV;EM15;3
KE5YTA;EM12;7
KE5ZW;EM10;3
KE6FOA;CM97;8
KE6FV;FN65;1
KE6GLA;CM98;300
KE6HSL;DM06;1
KE6I;CM87;4
KE6ILX;CM99;4
KE6JAC;CM97;178
KE6JNO;DN40;10
KE6KJD/7;CM95;1
KE6MAE;DM13;48
KE6MXV;CM98;1
KE6PQV;CM97;4
KE6RS;CM88;1
KE6SHL;DM06;2716
KE6SHL;DM05;1
KE6SHL;DM10;1
KE6SU;DM14;1
KE6TT;DM13;6
KE6UWJ;DN40;1
KE6VNI;EN72;2
KE6YLH;CM96;49
KE6YOH;DM04;1
KE6YX;CM87;1
KE7AZ;DM42;256
KE7AZ;DM06;1
KE7AZS;EN52;1
KE7BJ;DN71;4
KE7BMG;EL98;4
KE7BNR;CN88;4
KE7G;DN40;8
KE7GKI;DM33;406
KE7KM;DN13;1
KE7MAJ;CN87;2
KE7MRA;DN31;198
KE7MSU;CN85;2
KE7MSY;DM43;3
KE7MSY;CN87;1
KE7MT;DN28;1
KE7NGO;DM33;270
KE7NLT;DN55;7
KE7OHK;DM43;4
KE7OT;DM34;1
KE7QO;CN88;1
KE7RG;DN53;3
KE7SW;CN87;157
KE7UA;EM55;1
KE7UTH;EL88;2
KE7V;DM33;3
KE7W;CN87;7
KE7X;CN85;195
KE7XM;DN31;1
KE7XV;CN76;1
KE7ZK;DM79;1
KE8ADK;EN61;4
KE8BG;EM95;3
KE8CCD;EN90;2
KE8CSO;EN91;48
KE8DG;CM98;2
KE8DIE;EM79;4
KE8DOO;EN73;2
KE8DZA;EN83;2
KE8EFQ;EN91;2
KE8ERH;EN83;6
KE8ESJ;EM79;9
KE8ET;CM98;1
KE8EZB;EN80;2
KE8FHH;EN90;34
KE8FMJ;EN91;660
KE8FSU;EN66;2
KE8FT;CM98;3898
KE8FT;CN98;1
KE8FWZ;EM79;1
KE8GC;EN72;1
KE8HBY;EN90;2
KE8IED;EN91;2
KE8IFR;EM79;2
KE8IGL;EN82;2
KE8JKU;EM79;1
KE8JNN;EN90;23
KE8JWE;EL88;3
KE8KMX;FM09;1
KE8KW;FN44;3
KE8LFC;EN80;7
KE8LIJ;EM99;8
KE8LJE;EN73;1
KE8LPP;EM98;1
KE8LUE;EN82;1
KE8LZD;EM79;1
KE8M;EN81;1283
KE8MJS;EN90;1
KE8MOI;EN72;1
KE8MZX;EN82;1
KE8NAN;EN82;6
KE8NBC;EM89;2
KE8NHH;EN80;1
KE8NKN;EN83;2
KE8NQL;EN91;19
KE8NQQ;EN66;9
KE8NYU;EN82;1
KE8OLL;EN82;1
KE8OOZ;EN82;3
KE8OQX;EM79;2
KE8OSX;EN81;97
KE8OTO;EN72;1
KE8OWX;EN91;23
KE8PBM;EM98;1
KE8PFV;EN82;3
KE8PHJ;EM88;2
KE8PJT;EN82;17
KE8PNX;EN80;428
KE8PNX;EM20;1
KE8PZN;EM97;2
KE8QCO;EN73;1
KE8QGX;EN82;14
KE8QXV;EM79;4
KE8QYK;EN80;5
KE8RAC;EM79;1
KE8RBB;EM97;4
KE8RIB;EM79;1
KE8RKY;EN81;1
KE8RPJ;EM89;1
KE8RQW;EN90;2
KE8RS;EM79;2
KE8RU;EN81;46
KE8RXN;EN73;25
KE8SHR;EN63;2
KE8SIE;EM89;1
KE8SSB;EN91;2
KE8STO;EN91;1
KE8SZL;EM52;4
KE8SZL;EN71;1
KE8TIJ;EN90;1
KE8TTF;EM89;8
KE8UCE;EN72;3
KE8UOF;EM99;1
KE8UOH;EM98;1
KE8USA;EN91;1
KE8USW;EM98;3
KE8UUO;EN80;163
KE8UUO;EM80;1
KE8UVF;EM99;1
KE8UVX;EN72;18
KE8UWL;EN91;1
KE8VAM;EN91;1
KE8VEA;EN91;4
KE8VLK;EM79;3
KE8VLL;EN63;66
KE8VNC;EM68;1
KE8VSI;EN82;9
KE8VTB;EN74;7
KE8VTB;EN72;1
KE8VWF;EN90;1
KE8VZO;EM89;1
KE8WAV;EN91;1
KE8WCR;EM89;1
KE8WGK;EN81;74
KE8WLI;EN72;1
KE8WMF;EN62;130
KE8WO;EM79;1
KE8WSI;EM79;3
KE8WWN;EN81;5
KE8WXS;EN82;4
KE8X;EN80;1
KE8Y;EN91;2
KE8YIK;FM09;1
KE8YMA;EM79;12
KE8YP;EM99;2
KE8YPP;EN91;2
KE8YVH;EN82;1
KE8YWW;EN72;2
KE8YXW;EN70;3
KE8ZDV;EN91;5
KE8ZOB;EN72;1
KE8ZXF;EN63;13
KE9ACJ;EN62;1
KE9AIE;EM69;1
KE9AJ;EN50;7
KE9APA;EN70;2
KE9ASD;EN70;1
KE9BIN;EN52;1
KE9BOO;EM68;14
KE9BPC;EN61;4
KE9CK;EN60;13
KE9CWZ;EN51;1
KE9DCC;EN53;2
KE9DHS;EN52;1
KE9HS;EM69;26
KE9I;EN62;3
KE9I;EN50;1
KE9JF;EN34;1
KE9LE;EM59;1
KE9RY;EN52;80
KE9RY;FM19;1
KE9RY;MO27;1
KE9SX;EN80;1
KE9UA;EN50;2
KE9V;EN70;1
KEOJMK;EL98;37
KF0ADU;EN35;16
KF0ADW;EM48;2
KF0AIJ;EN31;30
KF0AIT;EN14;14
KF0ARE;EN46;1
KF0ARQ;EM38;1
KF0BAA;DM79;20
KF0BCJ;EM29;1
KF0BQH;EN35;1
KF0CPA;EN17;1
KF0CTR;EM48;1
KF0CZD;EN13;24
KF0DDE;EM27;1
KF0DST;DM79;1
KF0DVR;EM28;1
KF0DYR;DM78;1
KF0EOI;EM38;2
KF0FBK;EN21;145
KF0FFL;EN34;1
KF0FSJ;DN80;6
KF0FTC;FN31;1
KF0FVP;EM29;1
KF0FXJ;EM48;1
KF0FZV;EM38;59
KF0GE;EM38;3
KF0GHJ;EM48;5
KF0GIA;EN12;6
KF0GMD;EM37;1
KF0GQH;DN70;9
KF0GTR;EM29;1
KF0GUS;EM39;24
KF0H;EM29;5
KF0HCN;EM28;3
KF0HEG;DM79;3
KF0IDT;DN80;498
KF0IHL;DM68;1
KF0INU;EM48;1
KF0IPD;DM79;6
KF0IQ;EM37;19
KF0IYP;EM29;6
KF0JGG;EM29;1
KF0JMA;EN37;2
KF0JNW;EM29;3
KF0JQN;EM37;1
KF0JZL;EM17;2
KF0KFH;DM78;1
KF0LFT;EN27;2
KF0LH;EM48;1
KF0LIF;EN22;1
KF0LJM;DM79;4
KF0LKD;EN12;1
KF0LKJ;EN36;1
KF0LTY;EN34;15
KF0LVG;EN27;1
KF0LXD;DN98;1
KF0MIS;EM29;1
KF0MSJ;EM48;6
KF0MZU;DM79;11
KF0NKS;EN10;6
KF0NUR;EN11;1
KF0NXK;EM48;3
KF0NYL;EM49;6
KF0NYM;EM37;2
KF0OFI;EM29;2
KF0OH;EM48;2
KF0OUQ;DM97;4
KF0OYQ;EM29;21
KF0PRI;DN84;1
KF0PTJ;EM28;1
KF0QR;EN35;4
KF0RBR;EM39;66
KF0RFL;EN34;2
KF0RKC;DM78;1
KF0RLO;EM27;1
KF0TEC;EM28;1
KF0THN;EN13;1
KF0TIM;EM48;1
KF0TPL;DN81;1
KF0TXQ;DN70;1
KF0U;EM29;2
KF0UR;DM78;266
KF0UUY;EN56;1
KF1C;EM63;3
KF1P;EM95;5
KF2EE;FN20;3
KF2FK;FN31;4
KF2G;FN30;1
KF2GQ;EL96;1
KF2O;FN30;1
KF2SC;FN21;5
KF2T;FM19;52
KF2T;FM18;17
KF3BH;FN11;34
KF3CW;FM19;1
KF3FRK;EM64;1
KF4AAF;EM90;2
KF4AC;EM84;1
KF4AV;EM79;1
KF4AYT;EM66;2
KF4BI;EM81;6
KF4DGS;EM63;2
KF4DRR;EM93;2
KF4DUE;FM17;2
KF4ECG;EM63;1
KF4FMQ;EM77;1
KF4GEF;EN32;1
KF4JHG;EL97;3
KF4JHG;EL96;2
KF4JK;EM60;1
KF4JOZ;EM86;3
KF4KRF;EM83;8
KF4LAJ;DN13;1
KF4LYZ;EL99;2
KF4MCG;DM13;2
KF4PGW;EM60;1
KF4RAF;EM60;2
KF4RHZ;EM56;5
KF4RWA;EM63;1156
KF4RWA;FN20;2
KF4SKP;EM56;1
KF4TCV;EM65;3
KF4TV;EM73;13
KF4UDL;EM50;7
KF4UQU;EL96;1
KF4XH;EM73;7
KF4YHC;FM18;1
KF4YTL;EM65;4
KF4ZGZ;EM96;7
KF4ZQW;EM17;1
KF4ZW;EL96;2
KF4ZW;EL95;1
KF4ZZ;EM60;2
KF5BA;EM50;117
KF5CJF/P;IE57;1
KF5CS;EM10;3
KF5DDX;EM13;12
KF5DN;DM65;2
KF5GST;EN35;5
KF5GST;FN31;1
KF5I;EM13;1
KF5KUW;EM13;2
KF5KWF;EM30;6
KF5MDZ;EL29;8
KF5MSI;EL29;6
KF5MYS;EM24;1
KF5NA;EM40;24
KF5NTB;EM10;1
KF5OL;DM56;3
KF5OMH;EM13;91
KF5QMK;EL29;1
KF5RLL;EM10;2
KF5S;EM13;5
KF5SFJ;EM50;1
KF5SM;DM65;11
KF5SMS;FM04;1
KF5TJQ;DM65;4
KF5TL;EM46;4
KF5TOT;DM43;1
KF5TVG;EM26;3
KF5UCO;EM22;1
KF5UMC;EM75;1
KF5VOI;EM40;3
KF5WCP;EM25;8
KF5WGB;EM23;8
KF5YAN;EM21;3
KF6A;CM98;3
KF6CRW;DN18;40
KF6DUG;CM87;1
KF6F;CM97;82
KF6GQ;DM14;2
KF6I;DM13;196
KF6IDK;CM97;5
KF6JEP;DM12;1
KF6JOQ;DM05;1
KF6JOQ;EM25;1
KF6JS;CM97;5
KF6JXM;DM13;616
KF6JXM;DM15;1
KF6NCX;CM99;2
KF6QEX;DM04;24
KF6UFO;DM57;2
KF6VPA;DM13;5
KF6YU;DM79;51
KF6YU;LN65;1
KF7BMU;QK23;8
KF7BXH;DM09;5
KF7DUR;DM44;116
KF7F;DM37;875
KF7FDN;DN18;7
KF7GMV;DN23;269
KF7GRP;DM26;4
KF7IJB;DM33;1
KF7IO;CN92;2
KF7JAR;DM49;3
KF7JIG;EM84;1
KF7JZ;EM44;1
KF7MCQ;DM33;10
KF7MCQ;DM25;1
KF7NP;DM34;2
KF7PBM;DN08;358
KF7PBM;DM08;1
KF7PCA;DM26;4
KF7STP;DN15;1
KF7UGV;DM41;2
KF7UGV;DM42;1
KF7UXR;CN85;2
KF7WRS;CN85;1
KF7YII;DM43;3
KF7ZZ;DN41;6
KF8AEG;EN91;4
KF8ASH;EM79;1
KF8AVC;EN90;41
KF8AVD;EN91;2
KF8AZD;EN90;1
KF8BED;EN91;2
KF8BKS;EM98;2
KF8CIZ;EN74;1
KF8CW;EN61;5
KF8CXA;EM79;1
KF8CXC;EM89;1
KF8CZY;EM88;1
KF8DTB;EN80;1
KF8FF;EM79;1
KF8IV;EM20;8
KF8JL;EN81;8
KF8MZ;EN70;1
KF8PD;EM54;152
KF8VN;EN63;302
KF9DB;EN64;1
KF9HI;JO31;1
KF9JF;EL98;9
KF9KV;EN52;17
KF9L;EM58;1
KF9MT;EN42;1
KF9NL;EN70;3
KF9UB;EN61;1
KF9UG;EN71;433
KF9UG;EM47;1
KF9VV;EN53;2
KG0AQ;EM37;6
KG0GGY;DM03;1
KG0GGY;EN41;1
KG0INS;CN85;2
KG0KG;EN34;3
KG0KJ;EN34;4
KG0MI;EM46;3
KG0TW;EM49;1
KG0US;EM28;44
KG0XV;EM29;1
KG1MD;EL88;17
KG2CV;FN20;3
KG2F;FN20;10
KG2H;FN33;2
KG2MD;EM64;115
KG2RG;FN32;1
KG3V;FM17;111
KG4AFY;EM63;369
KG4AFY;FM05;1
KG4AFY;FN31;1
KG4BLR;EM61;5
KG4CBI;EL98;1
KG4EGZ;CM87;120
KG4ERR;EM92;9
KG4EXY;FM18;1
KG4FUY;EM93;1
KG4FVR;EL95;1
KG4GSA;FM04;2
KG4GSY;FM05;2
KG4IJS;DM59;9
KG4IXS;FM06;59
KG4JOK;FM05;6
KG4KTB;EM73;2
KG4LAC;FM18;4
KG4LDK;EM85;1
KG4LIO;EM55;13
KG4LJB;EL87;8
KG4NDS;EL29;4
KG4NE;FK29;112
KG4OJT;FM18;15
KG4OJT;EM83;1
KG4OLW;EL98;4
KG4OVU;EM75;3
KG4RHQ;FM18;3
KG4RWO;EL96;1
KG4SYK;EM65;4
KG4UHM;CM87;1
KG4UKE;EM83;2
KG4UKE;EM93;1
KG4URP;FM18;8
KG4USN;FM19;244
KG4VMF;EM12;1
KG4VUK;EM64;3
KG4W;FM17;2486
KG4YJS;EM90;3
KG4ZDS;EL88;2
KG5AR;EM34;1
KG5BBF;EL29;3
KG5CC;EL09;3
KG5CFR;DM93;1
KG5CQB;FM08;5
KG5DIJ;EM21;8
KG5E;EM13;6
KG5E;EM22;1
KG5EHL;EM60;3
KG5EIU;EM13;214
KG5EM;EM16;1
KG5EYC;EM05;4
KG5EYC;EL95;2
KG5FDT;EM13;7
KG5FI;EM13;19
KG5FJ;EM12;1
KG5FLJ;EL19;3
KG5FLM;EM26;1
KG5FPJ;EM13;5
KG5GCC;EM50;172
KG5GXU;EM13;1
KG5HTH;EM02;103
KG5HZM;EM13;1
KG5ICX;EM15;2
KG5IGO;EL29;2
KG5JJ;EM26;11
KG5KDO;EM12;1
KG5KPU;EM13;1
KG5KRZ;EM31;12
KG5KSA;EM50;4
KG5KUF;EM12;1
KG5LAA;EM00;1
KG5LRL;EM13;206
KG5LRP;EL29;9
KG5LWL;EM35;3
KG5LXF;EM34;1
KG5MGH;EM25;2
KG5MUC;EL29;1
KG5NP;EM26;39
KG5OGI;JN97;1
KG5OHO;EL29;1
KG5OLD;EM20;1
KG5ONN;EM10;224
KG5OQV;EM10;2
KG5OUA;EM11;1
KG5OV;EM35;1
KG5OVB;EM10;1
KG5PNN;EM23;3
KG5POL;EM32;2
KG5RJ;EM12;2203
KG5RPZ;EM31;4
KG5RW;EM15;1
KG5RZ;EM10;2
KG5SFT;EL09;9
KG5STP;EM35;20
KG5SUZ;DM64;6
KG5SW;EM13;36
KG5TA;FM19;857
KG5TA;KN12;1
KG5TRV;EM13;6
KG5U;EL29;202
KG5U;QF11;1
KG5UAV;EM25;1
KG5UEI;EM23;1
KG5UFR;EM12;10
KG5US;EL09;1
KG5UWB;EM12;2
KG5VFJ;EM20;2
KG5VHT;EL49;76
KG5VUO;EM11;3
KG5WHQ;EM12;1
KG5WR;EM12;2
KG5WTU;EM35;7
KG5Y;EM20;2
KG5YTY;EM35;2
KG5YXP;EM00;1
KG5YYL;EM30;2
KG5ZEL;EM34;10
KG5ZMG;EM12;2
KG5ZMQ;EM32;1
KG5ZNJ;EM13;1
KG5ZRO;EM12;4
KG5ZZB;EM10;36
KG6DX;QK23;4
KG6ERB;HD59;1
KG6HI;CM87;2
KG6HSQ;DM13;3
KG6IYN;DM12;90
KG6JDX;QK23;35
KG6JDX;CM97;1
KG6MAY;CM96;6
KG6MWI;CM97;36
KG6MXE;DM13;5
KG6MZS;DM04;1
KG6NLW;CM88;10
KG6PH;EM13;162
KG6QHK;DM06;2
KG6TIB;CM94;3
KG6WSW;CM96;17
KG7AQY;FM17;1
KG7ASX;CN85;1
KG7AV;CN94;3
KG7BRB;CN95;2
KG7CL;DM16;44
KG7CUI;DN17;4
KG7CW;DN14;25
KG7DRN;DN43;31
KG7EIZ;DN31;2
KG7EZ;DN32;1
KG7FHH;CN85;1
KG7FIU;CN70;1
KG7FRS;DN40;373
KG7FRS;FN40;1
KG7FST;DM09;2
KG7FZE;DM41;5
KG7GNN;DM42;1
KG7IEB;DN13;3
KG7KFI;DM43;2
KG7KFI;DM33;1
KG7MAV;CN85;4
KG7MH;CN92;8
KG7MVM;CN84;2
KG7MYX;CN88;516
KG7NSP;DM43;1
KG7ODB;CN87;2
KG7OF;EM89;4
KG7OF;EN70;1
KG7OH;DM33;165
KG7OH;DM44;3
KG7OKO;DN72;2
KG7P;CN87;6
KG7PAP;DM45;7
KG7PQX;DN40;4
KG7PYL;CN94;4
KG7QWR;DM42;3
KG7SCU;DM26;1
KG7TZ;CN86;2
KG7UL;CN92;32
KG7V;CN77;10
KG7VOR;CN96;2
KG7VOX;DN31;19
KG7VZ;DM09;1
KG7WOC;CN87;2
KG8CW;EN74;5
KG8DH;EM89;72
KG8FM;EN71;7
KG8FQ;EM88;5
KG8MR;EN91;3
KG9D;EM60;1
KG9NF;EN53;6
KG9NF;EM22;1
KH0/KC0W;QK25;13
KH0/KC0W;JN03;1
KH0/KC0W;PP00;1
KH0/KC0W;QK23;1
KH2AR;EM45;3
KH2BD;CM88;2
KH2L;QK23;4
KH2PM;FM05;2
KH2SR;CM97;11
KH2TJ;CM99;46
KH2ZZ;QK23;391
KH6/G3SEA;BL11;2
KH6AP;BL10;50
KH6AQ;BK29;1
KH6BB;BL11;1
KH6CJJ;BL10;1627
KH6CP;BL11;3
KH6DC;BL11;31
KH6DK;BL20;6
KH6DLK;BK29;2
KH6DQ;BL11;46
KH6EU;BK29;3
KH6FHI;BL11;4
KH6FT;BL01;1
KH6FV;BL11;5
KH6GK;DM13;4
KH6GT;BL11;2
KH6HI;BL01;3
KH6IN;BL01;2
KH6JW;BL01;6
KH6JY;BL01;2
KH6KR;BL10;1002
KH6KR;PM86;1
KH6LEO;BL01;5
KH6M;EL96;13
KH6ML;BL11;126
KH6ML;RR73;1
KH6OO;BL11;218
KH6OWL;BL01;5
KH6OWT;BK29;2
KH6P;BL11;2
KH6PE;BL02;72
KH6QM;BL11;14
KH6RDO;BK29;2227
KH6RDO;BL29;3
KH6RE;FM18;1
KH6TU;BL10;1449
KH6TZ;BL11;5
KH6UU;BL10;4
KH6WI;BL11;394
KH6XX;BL11;2
KH6Y;BL01;87
KH7AL;DN46;2
KH7EH;BL11;10
KH7O;BL11;4
KH7ROS;BL01;54
KI0AR;DM79;1
KI0BJ;DN57;1
KI0CT;EM79;2
KI0D;DN95;6
KI0E;DN13;283
KI0EB;EM88;12
KI0ER;DM79;1
KI0FV;DM79;3
KI0IH;EN42;1
KI0J;DM79;280
KI0KK;EM28;2
KI0MZ;DM79;36
KI0SX;EM17;2
KI1EY;FN31;1
KI1G;FN41;824
KI1U;FN31;10
KI2D;FN21;1
KI2P;FN20;1
KI2X;EL88;4
KI3F;FN10;192
KI3N;EM73;11
KI3T;FN10;1
KI4BEA;FM18;2
KI4BQ;EM78;3
KI4C;EL96;1
KI4CCZ;EM84;1
KI4DRA;EM66;2
KI4EEY;EM72;1
KI4EZC;EM75;1
KI4EZU;CN87;2
KI4FOG;EM78;1
KI4FRU;EM95;44
KI4GIP;EL29;1
KI4HRZ;EM77;1
KI4IYC;EL99;1
KI4KC;EM66;3
KI4KK;FM03;1
KI4KPO;EM37;1
KI4LLA;FM07;179
KI4LLA;DN70;1
KI4MCW;FM17;2
KI4MNR;EM82;1
KI4MRC;EL96;1
KI4NPG;EM75;1
KI4OWY;EM78;2
KI4PSV;EM74;1
KI4R;EM63;2
KI4RFM;EM86;35
KI4RVH;EM95;9
KI4SFT;EL88;3
KI4SP;EM64;1
KI4SP/150;EM64;2
KI4TAS;EM75;17
KI4TG;EL98;5
KI4TWY;FM05;7
KI4WVW;EM75;1
KI4YY;FM17;2
KI4ZVU;EM76;2
KI5ACA;EM12;2
KI5AFY;EM32;1
KI5BEG;EM50;2
KI5BPH;EM10;2
KI5BXC;EL09;1
KI5BXH;EL06;2
KI5BYN;EM25;5
KI5CYA;EM12;9
KI5CYM;DM82;6
KI5CYP;EL06;4
KI5DFU;EM00;1
KI5DYI;EM22;7
KI5DYJ;EM35;1
KI5ESV;EM10;1
KI5FA;FN32;1
KI5FEE;EL29;1
KI5FIV;EM42;1
KI5FTB;EM40;11
KI5FXK;EM45;17
KI5GIG;EM53;1
KI5GQT;EM22;2
KI5GRD;EL09;3
KI5GTJ;DM61;2
KI5HAV;EM34;1
KI5HXK;EM12;3
KI5IFX;EL29;3
KI5II;EM32;1
KI5IIL;EM13;18
KI5IJB;EL09;2
KI5IJM;DM95;1
KI5IVH;EL49;40
KI5IZD;EM13;261
KI5JG;EM12;2
KI5JHQ/AG;EM25;1
KI5JMD;EM30;1
KI5JMN;EM20;12
KI5JWS;EM15;2
KI5KAT;EM10;3
KI5KEE;EM23;329
KI5KEE;EM32;1
KI5KEV;EL09;1
KI5KGT;EL17;2
KI5KTE;EM36;1
KI5KTV;EL29;1
KI5KWI;EM12;2
KI5KXH;EM10;8
KI5MH;EL29;2
KI5NHZ;EM23;2
KI5NTC;EM30;3
KI5NVM;EM16;11
KI5NWC;EM25;3
KI5NXF;EM10;2
KI5NYZ;DM82;5
KI5OMW;EL18;1
KI5OOS;EN11;13
KI5OOS;EN21;1
KI5OS;EM02;5
KI5OYC;EL29;4
KI5PED;EL29;481
KI5PKX;EM16;2
KI5PNF;EM12;1
KI5POE;EN52;2
KI5PPO;EM13;14
KI5PPY;EM12;2
KI5PUM;EM32;3
KI5QAT;EM31;1
KI5QBQ;EM20;3
KI5QFC;EM20;5
KI5QIO;DM81;14
KI5QJL;EM40;1
KI5QMY;EM20;5
KI5QPZ;EM10;1
KI5QXG;EM15;1
KI5QZP;EL19;3
KI5RAT;EM21;2
KI5RCS;EM10;1348
KI5RCS;EN10;1
KI5RCU;EL29;2
KI5RFJ;EM35;2
KI5RQG;EM34;2
KI5RWO;EM22;2
KI5SAM;EM15;3
KI5SMN;EL29;1
KI5SWA;EM10;2
KI5TDW;EM35;4
KI5TDW;EM45;4
KI5TGK;EL29;1
KI5TNY;EM12;1
KI5TOL;EM52;1
KI5TPF;EM20;1
KI5UBD;EM40;1
KI5UJK;EM16;1
KI5UKF;EM10;1
KI5UTS;EM50;4
KI5UXN;EM52;2
KI5VAR;DM65;3
KI5VGO;EM53;1
KI5VJQ;EL09;2
KI5VLR;EM15;14
KI5WA;EM11;1
KI5WES;EM40;9
KI5WK;EM51;1
KI5WMD;EM13;2
KI5WMM;EM54;2
KI5YCV;EL17;1
KI5YLP;DM82;1
KI5ZAZ;EM40;60
KI5ZIH;EM10;1
KI5ZLP;EM52;1
KI5ZLQ;EM12;10
KI5ZUT;EL29;1
KI5ZYU;EM51;2
KI5ZZA;DM62;1
KI6ADA;CN80;38
KI6BCJ;DM06;18
KI6BNL;CM96;1
KI6BTY;DM04;176
KI6BTY;CN55;1
KI6BWO;DM04;1
KI6CJE;CM97;1
KI6DGU;DM12;2
KI6DY;EN91;3805
KI6DY;EM17;1054
KI6DZV;DM72;1
KI6ETL;CM97;44
KI6FQV;CM98;2
KI6HQT;EM10;122
KI6MQX;CN81;1
KI6NAZ;DM03;10
KI6NAZ;DM14;4
KI6OM;FM29;1
KI6PMD;DM04;2
KI6QDB;DM12;2
KI6QDH;DN71;1
KI6RRD;DM03;55
KI6UFV;DM04;1
KI6WDY;EM86;2
KI7BDP;CN84;1
KI7BKL;CN87;1
KI7CC;DN22;1
KI7CLK;EL29;1
KI7CMV;EL29;2
KI7DAN;DN40;11
KI7DV;CN97;2
KI7DV;CN87;1
KI7EUD;DM43;4
KI7FK;CN94;2
KI7G;CN85;5
KI7GGG;DN40;1
KI7IOC;CN95;2
KI7JOM;CN88;1
KI7KY;DN31;1
KI7LBE;CN87;1
KI7LVZ;DN32;2
KI7MEQ;DN72;4
KI7NWC;CN82;2
KI7OIY;DN18;2
KI7OMH;CN87;2
KI7OXA;DM42;4
KI7OXS;DM09;6
KI7PBR;DM43;25
KI7PMQ;DN17;707
KI7PMQ;DM17;1
KI7QIB;CN85;1
KI7RM;CN85;4
KI7SI;DN06;1
KI7SKT;CN87;3
KI7SPW;DM42;2
KI7SRQ;CN85;4
KI7TIG;DM42;5
KI7UBQ;DM26;5
KI7UVX;CN88;1
KI7UXL;DN40;6
KI7VDO;DN47;2
KI7VDX;CN85;1
KI7VLV;CN87;2
KI7WKZ;CN85;1
KI7WXP;DM09;9
KI7WXP;DN04;1
KI7ZRF;CN85;1
KI7ZX;CN84;1
KI7ZYE;CN87;2
KI8B;EN90;18
KI8FB;EN71;3
KI8JP;EM79;6
KI8M;EN82;1
KI8N;EN80;3
KI9A;EM58;4
KI9DX;FN31;1
KJ0B;EN36;8
KJ0HN;EN10;2
KJ0I;DM79;155
KJ1R;FN32;1
KJ2AM;FN30;3
KJ2G;FN22;2
KJ3DON;DM34;3
KJ3L;EL96;1
KJ3LR;EL87;4
KJ4A;EM77;4
KJ4ADS;EM86;1
KJ4AXB;FM19;2
KJ4BVJ;EM96;3
KJ4CGG;EM75;4
KJ4CSW;FN21;1
KJ4DHF;FM17;1
KJ4DWX;EM64;3
KJ4EX;EM83;17
KJ4FKK;EL96;4
KJ4FSU;EM84;2
KJ4GK;EM83;606
KJ4GK;EM74;1
KJ4GNR;EL95;2
KJ4HEF;EM78;2
KJ4HRM;EM56;2
KJ4IHN;EM63;2
KJ4IR;EM90;3
KJ4ITN;EM65;1
KJ4JPV;EM86;3
KJ4KES;EM74;1
KJ4KVC;EM65;2
KJ4LEC;EM47;1
KJ4LEG;EM60;1
KJ4LPI;EM74;139
KJ4LTA;EM71;1
KJ4LY;EM84;2
KJ4M;EM63;1
KJ4MCT;EM96;2
KJ4MSR;EM73;2
KJ4ND;EM77;6
KJ4NPB;FM17;1
KJ4OEM;EM90;3
KJ4OPY;EM71;1
KJ4RDF;EM74;4
KJ4RKB;EM72;16
KJ4SBG;EM90;3
KJ4V;EM74;37
KJ4V;EM19;1
KJ4YLO;EM84;27
KJ4YLR;EM77;4
KJ4YM;EM73;1
KJ4ZCV;FM05;2
KJ4ZMQ;DM79;1
KJ4ZMV;EM78;1
KJ4ZN;EM63;3
KJ5AQX;EM23;2
KJ5AVZ;EM13;20
KJ5BAW;EM34;1
KJ5BKL;EL19;2
KJ5BMS;EM12;1
KJ5BSW;EL29;1
KJ5BUO;EM75;1
KJ5CTX;EM10;1
KJ5CYH;EM11;1
KJ5DTV;EM22;2
KJ5DYS;EM12;2
KJ5DZV;EL39;4
KJ5EAE;EL09;1
KJ5EKZ;EM04;11
KJ5EMP;EL29;7
KJ5FFF;EM00;1
KJ5GKK;EM40;2
KJ5GNF;EM12;16
KJ5GNR;EM30;1
KJ5GVE;EL29;4
KJ5GVQ;EM15;4
KJ5HMW;EM13;2
KJ5IAO;EM40;2
KJ5ICR;EM10;1
KJ5IKQ;EM12;1
KJ5IRO;EM12;2
KJ5IVG;EL29;4
KJ5JAK;EM13;2
KJ5JRH;EM12;2
KJ5JSF;EM12;382
KJ5JVS;EM16;1
KJ5LMM;EM11;4
KJ5LNI;EM33;7
KJ5LVK;EM30;1
KJ5MBY;EM12;1
KJ5RC;EM42;523
KJ5RC;EN42;1
KJ5RC/150;EM42;1
KJ5T;EM10;6
KJ5W;EM22;1
KJ6ACT;DM14;3
KJ6DQ;EL09;9
KJ6ER;CM97;1
KJ6IJM;DM13;1
KJ6IUE;CM97;8
KJ6IX;DM08;2
KJ6KFB;CM98;5
KJ6L;DM13;2
KJ6LNH;CM98;1
KJ6MBW;CM98;3
KJ6MC;CM98;5
KJ6MIC;DN17;255
KJ6MQI;CM87;1
KJ6MSU;DM13;1
KJ6NA;EM60;8
KJ6NA;DM69;4
KJ6OMN;CN87;130
KJ6OVC;CM97;1
KJ6P;EM47;1
KJ6RIH;DM03;1
KJ6SDF;FM18;7
KJ6SDF;CM87;1
KJ6UD;DM03;327
KJ6UMY;DM13;5
KJ6VHZ;CM89;7
KJ6VMH;CM94;8
KJ6WKH;EM10;2
KJ6ZCR;CM97;6
KJ7AB;CN92;4
KJ7ABG;DN40;3
KJ7ABK;DM26;3
KJ7ACR;DM33;1
KJ7AKV;CN88;195
KJ7ATK;CN87;1
KJ7AVD;CN87;3
KJ7BES;DN40;839
KJ7BJZ;DM44;7
KJ7CBO;CN87;1
KJ7CHD;CN94;2
KJ7COA;CN88;18
KJ7CXQ;CN86;1
KJ7DNK;DN40;1
KJ7E;DM04;1
KJ7EFC;DN13;2
KJ7EXI;CN84;1
KJ7GUI;DN23;482
KJ7GUI;DN33;2
KJ7HCS;DN47;3
KJ7HNS;DN40;2
KJ7IEA;DN06;235
KJ7IY;CN85;1
KJ7JDH;DN06;8
KJ7JS;CN85;1
KJ7JXM;CN88;20
KJ7KGE;DN13;1
KJ7KIN;DN13;3
KJ7KNR;CN87;1
KJ7KNW;DM42;2
KJ7LOW;CN85;1
KJ7LUD;DN33;2
KJ7M;DN18;3
KJ7NBM;CN85;465
KJ7NEF;CN82;2
KJ7NMT;CN84;1
KJ7NO;DN31;2
KJ7NUV;CN87;1
KJ7NUY;CN85;1
KJ7OEN;DM26;2
KJ7OMD;DN13;4
KJ7OPR;DN43;2
KJ7PGD;DN31;2
KJ7PO;EL98;3
KJ7POO;DM26;3
KJ7QPD;DM42;1
KJ7RGW;CN92;99
KJ7RRR;CN87;1
KJ7SBJ;DM43;1
KJ7SEN;DN18;526
KJ7SLF;DM26;3
KJ7SMI;CN97;1
KJ7SPV;DM42;1
KJ7SQD;DM43;1
KJ7SUZ;CN72;5
KJ7SXR;CN86;1
KJ7T;CN87;3
KJ7TEA;DN18;90
KJ7TLV;CN87;1
KJ7UIS;CN85;1
KJ7VJG;DM34;1
KJ7VRI;DN41;10
KJ7WBN;DM37;6
KJ7WKX;CN85;1
KJ7WLL;CN85;4
KJ7WPN;DM43;1
KJ7WRG;CN85;4
KJ7WT;DM09;13
KJ7YJM;EM29;2
KJ7YOX;DN18;2
KJ7YOZ;DN18;1
KJ7YXH;DN40;1
KJ7ZHG;DM42;3
KJ7ZJI;DN17;1
KJ7ZLX;DM09;1
KJ7ZOK;CN87;3
KJ7ZWN;CN87;69
KJ7ZZG;DN61;1
KJ8G;EN80;2
KJ8H;EN81;13
KJ8IPB;CH24;1
KJ9E;FN10;2
KJ9P;EN50;6
KK0DJ;EN33;1
KK0M;CM97;1
KK1F;FN31;1
KK1W;FN32;2
KK2A;EM75;4
KK2DK;FN13;2
KK2DOG;FN24;6
KK2I;FN03;3
KK2L;FM29;2
KK2M;FN03;10
KK2WW;FN12;5
KK3D;FN32;253
KK3JOE;FM28;1
KK3KK;DM14;33
KK3Q;EM47;1
KK3W;EL96;4
KK4AK;FM03;1
KK4ANY;EM74;5
KK4BZ;FM18;115
KK4CAO;FM05;2
KK4CPS;EM47;1
KK4CQN;EM74;29
KK4CQN;FM12;1
KK4CQN;FN30;1
KK4CQN;FN33;1
KK4DWH;EL79;1
KK4DZP;EL88;8
KK4E;EM73;1
KK4EB;BP72;1
KK4EUN;EM60;2
KK4FKH;EM74;1
KK4GGL;EL99;3
KK4HAM;EL89;1
KK4HEG;EM95;351
KK4INZ;EL89;3
KK4IRV;FM14;2
KK4IT;EL86;1
KK4JFM;EM95;436
KK4JS;EM93;1092
KK4JS;EM92;6
KK4JW;EM77;2
KK4KIG;EM77;5
KK4KSN;EM72;5
KK4KTV;EM77;1
KK4KYE;EM10;2
KK4LB;EM79;7
KK4LNR;EN80;3
KK4MA;EM93;1
KK4MQM;DM85;1
KK4MRG;FM02;21
KK4NDE;FM18;11
KK4NVS;CN87;3
KK4NZY;EL87;2
KK4ODQ;FM18;588
KK4OMJ;EM78;7
KK4OWZ;FM17;6
KK4PH;FM08;51
KK4PJ;EM70;3
KK4PJ;EM73;1
KK4POA;EM65;4
KK4RR;EM95;1
KK4RXE;EM75;13
KK4SGE;EM84;8
KK4STG;FN51;1
KK4TKJ;EM83;1
KK4TSS;EM78;1
KK4TW;EM66;1
KK4TYW;EM75;1
KK4UPB;EM66;3
KK4UTD;EM72;1
KK4VKM;EM76;1
KK4VMI;FM16;2
KK4VPT;EM55;3
KK4WBT;EM93;1
KK4WDR;EM60;12
KK4WZI;EM30;10
KK4ZRP;EL09;1
KK4ZWC;EL98;270
KK5AB;DN17;2
KK5JY;EM16;29
KK5JY;FN20;1
KK5KLK;EM33;348
KK5LO;EL09;13
KK5LQ;EM12;8
KK5ZD;EM34;4
KK6BB;DM13;9
KK6BB;CN87;6
KK6BB;FN54;1
KK6BJ;DM03;1
KK6BJU;EN47;5
KK6BY;DM03;2
KK6C;DM03;1
KK6DBX;EM84;1
KK6FTD;CM87;2
KK6FX;DM13;8
KK6I;DM13;8
KK6KC;DM03;41
KK6LDH;CM88;1
KK6M;DM04;16
KK6MC/R;DM98;4
KK6MC/R;DM97;1
KK6MES;CM96;2
KK6MF;CM97;1
KK6MYO;DM79;2
KK6OKU;EM75;2
KK6P;CM95;928
KK6PAH;DM13;4
KK6PTW;CM95;1
KK6QMS;DM14;1
KK6SXT;DM79;3
KK6UE;DM04;2
KK6UGA;CM96;1
KK6VF;CM97;4
KK6VGE;CM87;1
KK6VRK/KH2;QK23;35
KK6XK;CM87;1
KK6YA;EN25;1
KK6YA;FM05;1
KK6YYF;CM98;4
KK6ZIZ;CM88;1
KK7A;DN13;2
KK7AI;DM26;2
KK7ALA;DN40;1
KK7APK;CN73;3
KK7AXO;CN85;1
KK7BKH;DM42;11
KK7BRR;CN87;1
KK7CAI;CN84;3
KK7CMU;DM43;1
KK7CU;DN71;3
KK7CWL;CN72;5
KK7DFK;DM43;4
KK7DLC;CN85;1
KK7EHJ;DM43;3
KK7ER;CN85;5
KK7EUJ;DN40;1
KK7FEL;DN40;2
KK7FU;DM49;1
KK7GC;DM26;262
KK7GJO;DN55;4
KK7GXB;DN18;2
KK7HHN;DN17;2
KK7HPM;DN40;1
KK7HTE;DM43;120
KK7HYK;CN76;4
KK7I;CO27;1
KK7IEU;DN31;1
KK7JUI;CN87;1
KK7KJC;CN87;1
KK7KQP;CN94;4
KK7L;DN40;13
KK7LEW;DN40;236
KK7LUC;DM25;1
KK7LYG;DM54;1
KK7MA;DN05;179
KK7MEH;CN87;1
KK7MNC;CN87;39
KK7MUN;CN87;1
KK7NQW;CN88;2
KK7NTM;CN86;2
KK7NUK;CN73;1
KK7NWE;DM25;1
KK7O;DM43;6
KK7OFS;DM26;1
KK7OIW;DM42;9
KK7OLA;CN97;3
KK7OTQ;CN85;1
KK7OZK;CN86;1
KK7PCZ;DM42;3
KK7PKQ;DM42;1
KK7PPM;CN95;1
KK7QAS;DN40;2
KK7QOY;DM23;2
KK7QZT;DM44;2
KK7RK;DM33;2
KK7RT;DM43;1
KK7SAM;DM37;1
KK7SBR;DN13;1
KK7TV;DM43;37
KK7UIA;CN88;8
KK7UPZ;DN55;1
KK7VAR;DN31;1
KK7VCP;DM25;64
KK7VEU;DM26;1
KK7VKR;CN85;1
KK7VLU;DM42;1
KK7WBH;DM42;4
KK7WID;CN87;2
KK7WJC;CN87;1
KK7X;DN17;3
KK7YAC;DN31;1
KK7YC;CN93;5
KK7YWP;DM41;3
KK8MM;EN82;75
KK8X;EM99;3
KK8ZZ;EN91;1
KK9DX;EN52;19
KK9DX;EM65;1
KK9G;EN61;5
KK9H;EN62;2
KK9I;EN60;3
KK9M;EM58;2
KL0K;BO49;2
KL1IN;BP51;296
KL1JF;CN85;1
KL1JP;BP64;15
KL1PJ;BP64;3
KL1R;BP40;6
KL1R;BP50;4
KL1Y;DM61;1
KL2D;BP51;3
KL2GN;BP51;2
KL2R;BP64;91
KL2ZZ;CO28;1
KL3G;BP51;1
KL4LQ;CN74;4
KL4NU;BP51;4
KL4RL;BP51;1
KL4RL;CP37;1
KL4YP;BO09;1
KL5EX;BP74;6
KL5EX;BF74;1
KL5FX;BP51;3
KL5FX;BP50;1
KL5MH;AP84;2
KL5PF;BP61;1
KL5PJ;BP40;1
KL5TW;BP51;2
KL7AF;EM70;1
KL7DE;BP42;195
KL7DG;AP83;18
KL7DUG;BP50;4
KL7DUG;BP51;1
KL7EC;BP51;13
KL7GLL;BP33;1
KL7HFI;CO28;7
KL7HRO;BP64;7
KL7IDA;BP83;2
KL7ILA;BP51;7
KL7IWC;CO28;2
KL7J;BP40;21
KL7JKR;BP51;2
KL7JPL;BP51;3
KL7KTP;DM41;1
KL7NC;CO45;4
KL7NW;EN21;1
KL7QW;EM38;4
KL7RRC/P;AP64;6
KL7SB;BP40;851
KL7TC;BP64;201
KL7TC;BP33;1
KL7X;BP51;13
KL7XD;BP64;2
KL7YK;EM11;11
KL7YK;BP51;8
KM0M;EM48;24
KM0M;EM84;1
KM1D;FN42;1
KM1W;FN41;954
KM1W;FN42;12
KM1W;FN24;1
KM1W;OM31;1
KM2G;EL87;1
KM2Q;EM92;1
KM2S;FN20;10
KM2T;EL87;317
KM2T;EL82;1
KM4AC;EM90;3
KM4AF;EM84;2
KM4ALT;EM56;1
KM4AOR;EM60;1
KM4CJ;EM64;5
KM4CQG;EL87;140
KM4CQG;EM75;5
KM4CQG;EM85;1
KM4CRZ;EL89;19
KM4DR;EM00;4
KM4DVA;EL09;1
KM4ECD;EM64;2
KM4ECH;EM64;4
KM4EKI;FM08;1
KM4EX;EM73;2
KM4F;EM73;102
KM4FO;EM67;94
KM4FZA;EM95;1
KM4GC;FM19;3
KM4GZI;EM84;1
KM4HI;EL89;1668
KM4HI;EM79;1
KM4HI;EN90;1
KM4HI;KN67;1
KM4INA;FM17;1
KM4IY;EM77;18
KM4IZZ;EM66;2
KM4JA;EM71;1
KM4JSI;EL89;1
KM4KDF;FM07;3
KM4KMU;FM16;20
KM4KUG;EL88;3
KM4LCN;EM87;13
KM4LRH;EM50;6
KM4MAZ;EM75;1
KM4MVV;EL95;3
KM4NOW;FM06;1
KM4ODS;FM04;1
KM4P;EL88;7
KM4PFF;EM93;10
KM4PIH;EL98;62
KM4RAA;EM75;3
KM4RK;EM93;1
KM4RL;EL88;1661
KM4RL;EL29;1
KM4SII;EM96;646
KM4SVD;EM66;5
KM4SXE;EL96;4
KM4TC;FM05;1
KM4UJI;EL96;1
KM4UKP;EM85;4
KM4VA;FM07;1
KM4VI;EM75;2
KM4VJW;EL96;17
KM4VMZ;EM86;2
KM4WLL;EM91;1
KM4WMC;EL87;1
KM4WPR;FM03;33
KM4WRG;EM90;3
KM4WW;EM71;2
KM4YIG;EM85;1
KM4ZHZ;EM74;2
KM4ZL;EM60;2
KM5AG;EL29;1
KM5AT;EM60;671
KM5GN;FN42;1
KM5GN;FN43;1
KM5HG;EM26;2
KM5LY;EM12;20
KM5RF;EM12;19
KM5RG;EL09;3
KM6AJQ;CM98;2
KM6B;DM04;1
KM6COB;DM03;5
KM6CWV;CM88;2
KM6DCO;CM87;1
KM6ERJ;DM04;2
KM6GUE;DM04;1
KM6GUO;CM88;119
KM6GUO;EK09;1
KM6GWO;CM98;1
KM6HB;DM13;49
KM6HRD;EM22;1
KM6I;CM87;96
KM6IQI;DM13;1
KM6JBI;CM98;12
KM6JD;DM26;590
KM6JS;DM04;1
KM6JWS;DM13;1
KM6KGW;DM04;2
KM6LBW;DM04;7
KM6LHD;CM97;4
KM6MZ;CM87;1
KM6NLZ;DM04;4
KM6RIY;CM98;1
KM6RRS;DM13;9
KM6SJO;CM97;3
KM6SKA;CM97;5
KM6SO;CN87;18
KM6SUR;CM98;1
KM6TAU;CM88;4
KM6TAU;DM26;2
KM6TFY;DM05;4
KM6TS;DM04;25
KM6UTC;EM75;3
KM6VEK;DM04;1
KM6WBI;DM14;1
KM6WCC;CM87;2
KM6WXB;CM88;1
KM6WXB;EL97;1
KM6YLK;DM13;2
KM6ZJV;CM96;5
KM7ALY;DM25;1
KM7AXG;DM43;1
KM7AXU;DN36;1
KM7BEL;EL29;1
KM7CBM;CN82;3
KM7DX;DM37;2
KM7H;DN18;2
KM7O;CN87;3
KM7Q;CN85;7
KM7Q;BK29;2
KM7S;CM99;5
KM7TJ;DN40;5
KM7W;DN45;23
KM8AM;EN80;7
KM8KM;EM89;5
KM8L;EM99;1
KM8V;EN91;1124
KM8V;EN92;1
KM9DX;EN40;14
KM9G;EN35;4
KM9R;DM09;4
KM9RAT;CM98;1
KN08;KN08;1
KN0APP;DN18;1
KN0CTJ;EN31;3
KN0L;EN11;12
KN0R;EN32;371
KN0VA;EN37;1
KN0W;CN88;316
KN1B;EL98;2
KN1OLA;FN00;2
KN1R;EL97;3
KN1W;FN42;2
KN2K;FM18;2
KN2U;FM29;1
KN2Z;EL06;2
KN3A;FN10;39
KN3B;FN11;2
KN3R;DM04;1
KN4ACN;EM96;3
KN4AME;FM14;3
KN4AVC;EM76;5
KN4CFD;EL98;5
KN4CLX;EL98;1
KN4CNU;EM75;7
KN4COE;EM79;1
KN4CPA;EL96;1
KN4CSB;FM05;1
KN4DGI;EM75;5
KN4DS;EM82;186
KN4DUA;EM75;509
KN4DUX;EL98;3
KN4DX;DM78;2
KN4DXD;EL99;2
KN4DXT;EL87;5
KN4EAR;FM18;1
KN4EBW;EL98;4
KN4EHZ;EM95;3
KN4EUK;EL87;1
KN4FAW;EM53;25
KN4FIS;FM05;5
KN4FLO;EM85;157
KN4FRG;EM38;124
KN4FRG;DM04;1
KN4FYZ;EM73;5
KN4G;EM64;4
KN4GB;EM84;9
KN4GDX;FM18;23
KN4GFG;EM91;6
KN4GJV;EM64;2
KN4GQB;EL98;3
KN4HWL;EM77;1
KN4IHZ;EL88;1
KN4IKI;FM18;3
KN4IWO;EL79;15
KN4IWO;EM75;1
KN4JJA;EM64;2
KN4JX;EM37;4
KN4KCV;EM95;1
KN4KL;FM16;1
KN4KNC;EM90;1
KN4KYD;EL86;1
KN4LGM;EM73;2
KN4LIU;EM75;2
KN4LVX;EL87;2
KN4LYF;FM08;7
KN4MBG;EM65;1
KN4MIV;EL89;108
KN4MKX;EM97;10
KN4MLN;FM07;14
KN4MTM;EM62;8
KN4NDV;EM84;2
KN4NOK;EM56;1
KN4NZT;EM90;1
KN4ODH;EL88;4
KN4ODP;EM80;2
KN4ONE;EL87;5
KN4OQD;EM93;16
KN4ORP;EM55;8
KN4PGR;EM82;3
KN4PLB;EM82;1
KN4PMF;EM74;1
KN4PPD;EL89;24
KN4QBN;EM64;1
KN4QHZ;FM19;13
KN4RAY;EM64;3
KN4RBN;FM06;10
KN4RDF;DM79;2
KN4RHI;EM65;2
KN4RNO;EM73;179
KN4SCE;EM70;1
KN4SGL;EL88;2
KN4SON;EM95;1
KN4SWS;EL96;22
KN4SYS;FM18;1
KN4TAK;EM55;3
KN4TCF;EM73;2
KN4TCK;EM53;5
KN4TIN;EM92;6
KN4TYK;EL87;2
KN4UFL;FM05;2
KN4ULT;EM91;1
KN4UMY;JJ00;155
KN4UMY;EL98;22
KN4UOW;FM18;55
KN4USA;EM95;223
KN4USN;EM45;6
KN4VHD;EL98;2
KN4VLH;EM78;9
KN4VSN;EM66;1
KN4VSU;FM18;4
KN4VTX;EM60;10
KN4VYD;EM64;2
KN4VZW;FM03;1
KN4WBH;FM17;3
KN4WDB;FM19;1
KN4WGC;FM14;2
KN4WGE;EM66;8
KN4WJT/R;PI75;1
KN4WOJ;FM17;12
KN4WOJ;FM18;4
KN4YCD;EM62;4
KN4YMJ;EM78;4
KN4YSX;FM18;1
KN4YYY;EL88;6
KN4ZFB;EM83;1
KN4ZLM;EL96;1
KN4ZMA;FM18;32
KN4ZPG;EM66;2
KN4ZUJ;EL89;5
KN4ZXK;EL98;1
KN56;FF30;1
KN5DX;EM50;353
KN5DX;EN50;1
KN5S;EL09;365
KN5Y;EM12;2
KN6BAZ;CM97;289
KN6BN;DM12;1
KN6CSB;DM03;5
KN6DKE;CM98;1
KN6DMO;DM04;3
KN6DRN;CM98;5
KN6DUV;CM88;4
KN6ER;CN82;3
KN6F;DM03;14
KN6FKR;DM12;2
KN6FWT;DM14;2
KN6HIP;CM97;1
KN6IBW;DM06;5
KN6IVZ;DM06;1
KN6JEB;DM04;1
KN6JNN;CM98;2
KN6KAO;DM13;5
KN6KAO;DM41;1
KN6KBS;CM87;1
KN6KI;CN80;1
KN6LED;DM13;1
KN6MGK;CM99;1
KN6MJK;DM12;1
KN6MOS;CM88;3
KN6MYI;CM87;19
KN6NJU;CM87;2
KN6OGR;CM98;1
KN6OJT;CM97;1
KN6OKN;CM87;1
KN6OKY;DM12;174
KN6OUI;CM87;6
KN6OX;CM98;1
KN6OYK;DM04;1
KN6PHG;CM96;2
KN6PNF;CM87;2
KN6PPZ;DM04;10
KN6PRO;DM13;1
KN6QEV;DM13;1
KN6QJW;EM37;2
KN6QLE;DM06;66
KN6RBP;DM13;7
KN6RCA;CM98;4
KN6RK;CN70;1
KN6RKK;DM12;1
KN6RNL;DM13;3
KN6ROH;DM05;31
KN6RYW;DM05;1
KN6SLE;CN81;1
KN6TMY;CM98;1
KN6TZK;DM06;69
KN6U;CM89;1
KN6UDK;CM98;1
KN6UR;CN80;2
KN6UR;CN20;1
KN6UTO;CM97;5
KN6V;CM99;1
KN6VMD;DM04;1
KN6VV;DN70;2
KN6WEV;CM97;4
KN6WFM;CM97;1
KN6WKM;CM87;2
KN6WPU;CM88;149
KN6WRG;DM13;1
KN6ZEP;DM05;1
KN7AW;FM05;1
KN7D;DN41;159
KN7K;CN85;1
KN7N;DM33;2
KN7O;DM35;2
KN8F;EM92;1
KN9P;EN54;47
KN9P;EN62;1
KN9Z;EN34;5
KO1H;FN67;288
KO1L;FN32;3
KO1U;FN42;98
KO2E;FN32;33
KO2F;FM08;6
KO2OK;FN21;2
KO2Q;EM85;3
KO2Q;IO91;1
KO2THF;FM18;189
KO2THF;EN91;1
KO3F;FM19;44
KO3F;DM12;22
KO3F;FM28;5
KO3F;EL96;1
KO3NHB;GR88;1
KO3O;FM19;12
KO3O;EL98;1
KO3ZDE;EL88;12
KO4ADA;EL87;1
KO4ALG;EL97;1
KO4ANX;EM87;2
KO4ARA;FM18;1
KO4AWH;EM84;2
KO4BCN;FM18;4
KO4BEP;FM05;1
KO4BGJ;EM92;3
KO4BMD;EM65;2
KO4BVA;EM73;1
KO4BVP;EM87;1
KO4BZB;FM05;1
KO4CAA;EM83;32
KO4CAQ;EM93;1
KO4CCE;EM72;3
KO4CCF;EM72;4
KO4CD;EL96;7
KO4CEF;EM85;2
KO4CLD;EM64;1
KO4CMK;FM19;2
KO4CRU;EM84;1
KO4DBS;EM84;1
KO4DCO;EM66;101
KO4DCR;EL98;5
KO4DCR;EM83;1
KO4DDG;EM65;2
KO4DJG;EL96;8
KO4DN;EM70;58
KO4DN;EM80;18
KO4DNM;EL88;2
KO4DPJ;EM65;7
KO4DRY;EM85;2
KO4DUL;EM56;19
KO4DZL;EM72;2
KO4EBY;FM18;2
KO4EFS;EL96;16
KO4EGK;EM73;1
KO4EKW;EL96;2
KO4EMM;EL87;6
KO4ESS;EM74;1
KO4EZX;EL88;3
KO4FHS;EL96;2
KO4FQW;FM18;15
KO4FQY;FM02;2
KO4FSZ;EM95;2
KO4FUD;FM05;2
KO4FUM;EL96;6
KO4FYC;EM88;6
KO4GBB;EM82;14
KO4GBD;FN54;11
KO4GP;EM84;3
KO4HPA;EM66;3
KO4HPP;EM99;441
KO4HXC;FM18;25
KO4IDC;EM67;5
KO4IFY;EM74;3
KO4IJH;FM18;64
KO4IOE;EL97;1
KO4IOL;EL98;1
KO4IYC;EM95;1
KO4IZK;EM70;1
KO4IZK;EM84;1
KO4JBD;EM96;1
KO4JHG;EM95;3
KO4JWT;FM08;2
KO4KFS;EM84;7
KO4KOG;EM71;1
KO4KUM;EM75;3
KO4KWM;EL95;1
KO4L;FM04;4
KO4LEM;EM74;4
KO4LRC;EM82;3
KO4LUA;FM18;3
KO4MAG;EM63;6
KO4MBN;FM18;124
KO4MRJ;EL87;2
KO4NEI;EM64;1
KO4NIK;FM05;245
KO4NLL;EM81;1
KO4NMT;EM63;64
KO4NOT;FM14;8
KO4NRT;EM64;5
KO4O;EM64;12
KO4OEH;EM65;14
KO4OIG;EL89;5
KO4OL;EM77;50
KO4OPE;EM90;3
KO4ORN;EL87;4
KO4OSA;EL99;10
KO4PCX;FM16;1
KO4PDI;EL99;8
KO4PF;FM06;4
KO4PJW;EM90;1
KO4PK;EL96;1
KO4PLS;EM64;4
KO4PRE;FM18;158
KO4PSI;EM83;2
KO4PXG;FM19;1
KO4PZW;FM18;7
KO4QEX;EM85;23
KO4QEX;EM74;1
KO4QJN;EM95;2
KO4QZG;EM73;4
KO4R;EM75;109
KO4RFU;EM73;1
KO4RJD;EM95;1
KO4RJE;EM95;127
KO4RQN;FM06;1
KO4RTD;EM71;1
KO4RX;EM73;1
KO4SKA;FM05;1
KO4SPC;EL86;1
KO4TLN;EM74;1
KO4TNK;EM66;3
KO4TUP;EM78;1
KO4TYJ;EM85;1
KO4UDB;EM92;1
KO4UFD;EM64;1
KO4ULW;EL98;1
KO4USA;EM74;4
KO4VDF;EM74;1
KO4VNN;FM06;1
KO4VVQ;FM16;28
KO4VYT;EL96;10
KO4W;FN42;1
KO4WSW;EM93;1
KO4WTG;EM90;1
KO4WTI;EM73;1
KO4WUB;EL87;4
KO4WXU;EM84;1
KO4WYX;FM18;2
KO4XJ;EM57;76
KO4YC;FM17;1
KO4YIN;CN87;16
KO4YIN;DM69;12
KO4YIN;EL88;2
KO4YIN;CN72;1
KO4YIN;EM29;1
KO4Z;EM55;1
KO4ZCT;EL99;4
KO4ZES;EM74;1
KO4ZEW;EM84;1
KO4ZHO;FM05;4
KO4ZHX;FM18;2
KO4ZIK;FM18;4
KO4ZLX;EM85;1
KO4ZML;EM75;23
KO4ZOC;EM74;1
KO4ZRX;DM65;2
KO4ZV;EL98;1
KO4ZWD;EM80;2
KO4ZWF;EL98;4
KO5F;EM50;1
KO5HX;EM10;3
KO5T;EM12;1
KO6AEE;DM03;1
KO6ALP;DM13;3
KO6ANK;CM99;1
KO6AQP;DM13;2
KO6ARA;DM14;1
KO6ATE;DM06;2
KO6AVR;CM98;1
KO6BIG;DM06;5
KO6CAV;CM98;4
KO6CPR;DM04;1
KO6DGV;CM94;1
KO6DJI;CM95;80
KO6DSS;DM13;1
KO6DXS;CM87;1
KO6FDS;CM87;1
KO6HXC;CM98;1
KO6JFI;DM04;3
KO6JZH;DM14;1
KO6KL;CM97;1
KO6LU;CM87;620
KO6PB;CM97;1
KO6SAB;CM96;4
KO6UW;DN27;9
KO8V;FM08;61
KO9V;DN70;255
KP2B;FK77;1860
KP2B;FK78;1
KP2B;IN89;1
KP2BH;FK77;27
KP3AV;FK68;25
KP3ER;FK68;1
KP3G;FK78;4
KP3H;FK78;3
KP3IB;FK68;1
KP3U;EM84;5
KP3V;FK78;282
KP3WR;FK68;460
KP4/K5DTC;FK68;2
KP4/K6DTT;FK78;9
KP4/K6DTT;FK68;7
KP4/K6DTT;FK67;2
KP4AH;FK68;9
KP4AJ;FK68;227
KP4AWX;FK68;1
KP4B;FK68;38
KP4CAR;FK68;2
KP4COD;FK78;3
KP4CR;FK67;3
KP4CRN;FK68;2
KP4CX;FK68;1
KP4DDY;FK68;2
KP4DQC;FK67;2
KP4DVM;FK68;45
KP4DVM;KF68;1
KP4HF;FK68;13
KP4IA;FK68;3
KP4IA;EK68;1
KP4JFR;FK68;2696
KP4JFR;EA41;1
KP4JJO;FK68;10
KP4JRS;FK68;719
KP4JRS;KG68;2
KP4KGP;FK68;1
KP4KJ;FK68;2
KP4LBA;FK78;4
KP4LCA;FK67;339
KP4LR;FK68;2
KP4LUW;FK68;2
KP4M;FK68;1
KP4MAQ;FK78;24
KP4MP;FK68;1
KP4MSR;FK68;1
KP4NTV;FK78;11
KP4NZ;FK68;801
KP4NZ;FK86;1
KP4OMR;FK68;85
KP4OTA;FK78;3
KP4P;FK68;2
KP4PI;FK78;7
KP4PR;FK68;1244
KP4QVQ;FK68;19
KP4QVQ;FM19;1
KP4RAF;FK78;3
KP4RBR;FK68;1
KP4RBR;FK78;1
KP4RGC;FK78;1
KP4RK;FK68;7
KP4SE;FK67;4
KP4SMC;FK68;13
KP4SX;FK78;21
KP4USA;EL89;1
KP4VET;FK68;1
KP4VP;FK78;6
KP4WAR;FK78;3
KP4WK;EL87;6
KP4ZZ;FK68;30
KQ0J;EL87;24
KQ1S;EM74;6
KQ1S;EM84;5
KQ2Y;FN31;1
KQ3K;EL89;608
KQ3Q;EL95;2
KQ4AER;FM19;3
KQ4AJL;EM97;1
KQ4AMB;FN41;1
KQ4AMW;EM87;1
KQ4AV;FM06;584
KQ4AYK;FM06;2
KQ4BAX;FM05;1
KQ4BBC;EM95;17
KQ4BKE;EM84;1
KQ4BWB;DM43;5
KQ4BWF;FM04;3
KQ4CBS;EL88;1
KQ4CCC;FM14;2
KQ4CJR;EL95;2
KQ4CJR;EL96;2
KQ4CRY;EM64;4
KQ4CWR;EM73;7
KQ4CXP;EM96;1
KQ4DGA;EL89;4
KQ4DJF;EM63;2
KQ4DJG;EM63;2
KQ4DQS;EL96;5
KQ4DVF;FM16;1
KQ4DWA;EL87;1
KQ4EFL;EM74;1
KQ4EHW;EM73;23
KQ4EKW;EL95;41
KQ4EL;EM78;3
KQ4EPK;FM17;2
KQ4EUC;FM08;1
KQ4EVK;FM17;1
KQ4EZN;EM79;4
KQ4FB;EM85;4
KQ4FML;EM73;2
KQ4FML;EL98;1
KQ4FMX;EL86;1
KQ4FOH;EM77;1
KQ4FPH;EM92;5
KQ4FWJ;EM90;1
KQ4GEB;EM82;1
KQ4GUI;DM14;2
KQ4GUI;EN50;2
KQ4GUI;EN90;2
KQ4GUI;FN55;1
KQ4GXG;EM97;1
KQ4HBR;EL98;2
KQ4HFT;EL89;5
KQ4HND;EM63;1
KQ4HQZ;EM66;2
KQ4HUU;EM56;1
KQ4HXP;EM85;2
KQ4IIS;EM55;1
KQ4IJJ;FM17;2
KQ4IVE;EM83;6
KQ4JB;EM96;3
KQ4JIG;EL98;1
KQ4JJM;FM18;4
KQ4JKI;EM92;1
KQ4JSA;EM95;7
KQ4JVR;FM04;3
KQ4JYG;EL98;789
KQ4JYG;FM15;1
KQ4JYG;JN55;1
KQ4JYG;JO22;1
KQ4K;EM01;8
KQ4KAO;EM83;1
KQ4KEM;EM81;5
KQ4KK;EM93;10
KQ4KLL;EM96;1
KQ4KME;EM70;1
KQ4KNT;EM95;28
KQ4KUU;EM74;1
KQ4LEO;FM09;4
KQ4LGH;EL87;1
KQ4LOI;FM18;1
KQ4LQN;EM95;1
KQ4LVP;EL96;1
KQ4MEJ;EL87;1
KQ4MHE;EM85;5
KQ4MYC;EM65;13
KQ4MZH;EM60;2
KQ4NQH;EM55;1
KQ4NRK;EM80;10
KQ4PAK;FM18;1
KQ4PJA;FM17;1
KQ4PPF;EM75;3
KQ4PSD;FM18;1
KQ4PYD;EM84;1
KQ4QZX;FM05;3
KQ4RER;EL95;3
KQ4RLN;EM64;4
KQ4RME;EM82;17
KQ4RSH;EM90;1
KQ4RXC;EM96;2
KQ4SCT;EM87;4
KQ4SNE;EL87;1
KQ4SRE;EM66;6
KQ4SRF;EM83;2
KQ4SRI;FM18;2
KQ4SWA;EM77;1
KQ4SXW;EL87;1
KQ4TDQ;EL88;1
KQ4THI;FM18;92
KQ4TNX;FM08;2
KQ4TYJ;EM85;8
KQ4VT;EM64;1
KQ4VWI;FM05;185
KQ4WLR;EM75;1
KQ4WTG;EM90;203
KQ4Y;FN31;137
KQ4YWT;FM06;1
KQ4ZCH;FM08;5
KQ4ZFN;FM09;2
KQ4ZOA;EL98;1
KQ4ZOP;EL86;2
KQ5M;DM65;3
KQ5U;EM20;1
KQ6A;CM97;1
KQ6IN;FM17;2
KQ6K;DM04;2
KQ6RN;DM13;1
KQ6RS;DM12;4
KQ6UP;DM13;1
KQ6ZZ;EM95;198
KQ7I;CN85;3
KQ8B;EM96;4
KQ9H;EN51;1
KQ9H;EN53;1
KQ9I;EN61;132
KQ9I;EN91;1
KR0B;EN36;1
KR0ES;EN31;1
KR0N;EN21;2
KR0OT;DN40;1
KR0P;EN10;45
KR0P/150;CN85;1
KR0P/150;EN10;1
KR1DX;DM13;2645
KR1DX;FN42;3
KR1DX;FN10;1
KR2C;FN20;2
KR2HWK;FN23;19
KR2W;EM95;1
KR4ABN;EM86;2
KR4AD;FM17;2
KR4AOD;EM95;6
KR4ATP;EM94;1
KR4BD;EM77;4
KR4CCN;FM07;1
KR4CDK;EM82;3
KR4CE;FM17;58
KR4CSE;EM70;1
KR4DBJ;EM56;1
KR4DWD;EL88;7
KR4EBE;EL98;1
KR4EDR;EM93;1
KR4EE;EM75;2
KR4EEH;EM71;1
KR4EMJ;EM66;1
KR4ERZ;EL87;5
KR4FK;EM85;1
KR4GW;EM63;104
KR4GW;PM74;1
KR4HU;FN20;8
KR4ML;CM96;2
KR4NO;EM95;1067
KR4OS;EM84;2
KR4PI;EL96;2
KR4SO;EM50;2
KR4U;EL87;2
KR4UA;EM47;1
KR4WB;EL98;1
KR4WU;FM06;3
KR4YON;EM92;2
KR5E;EL29;5
KR5EEE;EM12;4
KR5J;DM78;6
KR6Q;CM98;7
KR6RK;DM26;8
KR6SAM;EN51;1
KR6W;DM41;6
KR7D;CN85;57
KR7DX;DN30;3
KR7LD;DN33;3
KR7M;DM42;220
KR7M;DM78;1
KR7X;CN85;154
KR8P;EN63;1
KS0AA;EM28;370
KS0CW;FM16;704
KS0CW;EM92;1
KS0JD;EM28;9
KS0JD;EM54;1
KS0KS;EM28;45
KS0M;EM48;2
KS0TG;EM17;4
KS0USA;EM29;3
KS1J;FN41;171
KS1PPY;FM18;1
KS2H;EL87;1
KS2L;FN13;108
KS3F;FM29;7
KS3H;FM07;1
KS3N;FN00;4
KS4B;EM64;2
KS4JU;EM83;1
KS4OP;EN90;10
KS4OT;EM83;214
KS4R;DM43;69
KS4S;FM04;20
KS4S;FM03;18
KS4TAC;EM62;1
KS4VA;FM05;1
KS4VJ;EM84;229
KS4VOL;FM15;39
KS4VRO;EO57;1
KS4WM;EM87;6
KS5KY;EM67;1
KS5L;EL49;1
KS5Z;DM93;7
KS7ROH;CN85;1
KS7T;DN35;798
KS8W;EN80;61
KS9DX;EN52;5
KS9G;EN60;2
KS9I;EM58;1
KS9W;EN51;2
KT0P;DN28;126
KT0T;DM69;1
KT0W;EN12;82
KT0W;EN13;19
KT1D;FN42;4
KT1M;FN41;1
KT1ME;FN44;3
KT1TK;FN42;8
KT2M;FN33;1
KT3GOD;EN91;3
KT3L;FN00;134
KT3Q;FN10;4
KT3S;EL98;3
KT3T;EL97;668
KT4AC;EM55;1
KT4DW;EM75;2
KT4MI;FM18;1
KT4O;EM86;49
KT4PH;EL87;1
KT4QD;DN70;7
KT4TB;FM06;1
KT4TV;FM07;2
KT4WI;EL99;3
KT4XN;EM73;2
KT4ZE;EN52;5
KT5DX;EM11;1
KT5G;EM10;6
KT5N;EN36;1
KT5SB;EM13;2
KT5V;EM12;545
KT6AA;CM97;2
KT7G;CN85;189
KT7Y;DM06;1
KT8O;EN71;15
KT8Q;EN80;2
KT8Z;EN90;2
KT8Z;EN81;1
KT9L;EM69;1447
KU0D;EN66;68
KU1T;EL97;5
KU1T;EM47;1
KU2C;FN20;242
KU2M;FN21;27
KU2X;FN13;1
KU3RRY;EM40;3
KU4A;EM78;2
KU4CG;FM18;390
KU4MH;FM07;2
KU4MP;FM07;10
KU4NY;EM75;2
KU4PY;EM62;4
KU4QT;EM63;3
KU4RP;EL88;8
KU4SD;EM84;21
KU4UK;EM63;40
KU4V;FM05;7
KU4VG;EM78;3
KU4WS;EM66;3
KU4YY;EM87;2
KU5D;EM34;6
KU6H;DM03;3
KU6Z;DM13;2
KU7H;DM13;5
KU7J;EN97;1
KU7R;DN28;2
KU7T;CN97;576
KU7T;CN87;1
KV0I;EN11;139
KV0X;EN35;2
KV1J;FN42;1
KV2J;FN31;10
KV2S;FN02;6
KV2T;EM13;1
KV3T;EN62;1
KV3U;FN10;5
KV3W;FM18;239
KV3W;FM09;1
KV4AA;EN41;9
KV4N;EM95;6
KV4NI;EM85;1
KV4PX;EM95;1
KV4T;EM62;2
KV4T;EM63;1
KV4ZY;FM08;2003
KV4ZY;EN91;405
KV4ZY;EN43;1
KV5WS;EM10;6
KV7DX;CN88;1
KV8C;EN82;1
KV8F;CN87;5
KV9I;EM38;3
KW0G;EN00;3
KW0KB;EM36;1
KW0KW;EM48;2
KW0RM;EN62;19
KW1DON;FN41;3
KW1DX;FN42;4
KW1X;FN42;2179
KW2A;FM19;1
KW2E;DN13;2
KW3A;FM29;392
KW3DX;FN21;2
KW3S;FN31;8
KW3U;FN21;1
KW4BY;EL97;2
KW4CK;FM06;1
KW4CQ;FM17;1
KW4CZ;FM06;1
KW4DI;EM57;3
KW4GT;EM74;1
KW4HQ;EM74;1
KW4IG;EL98;13
KW4J;EM63;98
KW4JY;FM05;1
KW4L;EL87;2
KW4LU;EM86;348
KW4MB;EL87;22
KW4ME;EM55;5
KW4RTR;EM63;44
KW4S;CM96;1
KW4SP;EM64;9
KW4TO;FM17;2
KW4UM;EM74;11
KW4WD;EM64;4
KW4X;EM75;8
KW4YA;EM78;8
KW5CW;EM13;1
KW5EBB;EM15;5
KW5PA;EL29;1
KW65;CM96;1
KW6CR;BK29;1
KW6E;FM29;2
KW6OWL;CM88;1
KW6S;CM96;4677
KW6S;EM79;1
KW6X;DM04;41
KW7E;DM33;342
KW7EET;DN55;1
KW7M;DM14;1
KW7MJA;DM26;357
KW7R;EM12;1
KW7Y;CN88;1
KW8I;FM19;6
KW8L;EN84;14
KW8R;EM99;2
KW9I;EN60;2
KW9U;EN61;589
KW9U;EN51;4
KX0B;DN50;1
KX0S;EN21;5
KX0U;EM15;2
KX0U;EN21;2
KX1G;FN42;3
KX1W;FM29;1
KX1X;FN32;990
KX3C;FM19;2
KX4DRT;FM05;4
KX4HA;EM84;1
KX4IB;EM73;8
KX4KU;FM08;5
KX4OU;EM85;1
KX4QC;FM17;4
KX4QF;EM55;173
KX4RC;FM16;7
KX4RS;EL88;1
KX4SRX;EL96;1
KX4TE;FM06;201
KX4TKO;EM94;3
KX4TN;FM05;2
KX4TOD;EM65;1
KX4TW;EM63;23
KX4VW;EM76;7
KX4WB;EM55;1
KX4WS;EL97;1
KX4YQ;FM17;3
KX5U;EM90;1
KX7DX;CN87;1
KX7F;CN85;1
KX7ID;DN14;1
KX7L;CN87;259
KX7P;DM24;15
KX7TL;DM42;1
KX7YT;CN84;12
KX8T;FM09;2
KX8X;EN82;27
KX8X;EM82;1
KX8XX;EN74;2
KX9DX;EN70;3
KX9DX;EM59;2
KX9Q;EN61;2
KY0R;DM78;19
KY1D;FN43;2
KY1X;DN40;2
KY3W;FN11;8
KY4AB;EM67;1
KY4BP;EM87;5
KY4CT;EM66;4
KY4CT;EM55;1
KY4E;EM93;4
KY4F;EL98;29
KY4F;EM64;1
KY4G;EM64;31
KY4GO;EM73;2
KY4GS;EM93;3
KY4ID;EM93;2
KY4JDC;EM57;1
KY4LL;EM82;1
KY4LY;EM83;1
KY4MC;EM77;4
KY4NK;EL96;1
KY4NP;FM05;1
KY4NR;EM66;2
KY4OA;FM05;2
KY4PH;EL87;41
KY4Q;EM73;3
KY4ROD;EM78;2
KY4RQ;FM17;118
KY4RS;EM78;1
KY4SGM;EM77;10
KY4SL;EM85;2
KY4UD;EM64;131
KY4UI;EM73;1
KY4VC;EM48;2
KY4WI;EL89;14
KY4XH;FM17;2
KY4YC;EL88;4
KY4YE;EM81;2
KY4ZW;EM73;1
KY4ZY;EM86;3
KY6AA;EN62;7
KY6J;DM62;2
KY6MM;EM77;1
KY7J;FN13;1
KY7LE;CN86;1
KY7M;DM33;92
KY9X;DM79;1
KZ1B;DM37;1
KZ1O;EL88;2
KZ1W;CN87;5
KZ2N;FN30;1
KZ2Q;FN32;1
KZ2T;EM15;863
KZ3MW;FN21;3
KZ3P;EM84;36
KZ3X;FN10;1
KZ4A;EM63;62
KZ4EK/W1;FN44;1
KZ4EP;FM17;61
KZ4FN;EM64;1
KZ4GN;EL98;2
KZ4HS;EM55;1976
KZ4IK;FM08;1
KZ4IW;FM16;1
KZ4JN;EL89;4
KZ4JT;EL96;9
KZ4KX;EM66;3
KZ4MKJ;EL97;11
KZ4MV;EL87;1
KZ4OZ;EM60;1
KZ4RB;EL99;4
KZ4TN;EM36;1
KZ4W;EM64;11
KZ4ZZ;EL87;8
KZ4ZZ;EM73;1
KZ5A;DM73;581
KZ5A;EM22;1
KZ5AT;DM13;56
KZ5DP;EL06;1
KZ5DX;EM52;218
KZ5ED;EM85;1
KZ5HS;FM04;1
KZ6B;CM99;2
KZ6ZZ;EM78;323
KZ7N;DM43;1
KZ7Y;EL95;233
KZ7Y;FM18;1
KZ8Y;EN81;4
KZ9DX;EN61;517
KZ9F;EN53;3
KZ9G;EM48;1
KZ9P;EM59;1
KZ9V;EN44;37
L0NED/R;EE09;1
L21RCA;GF05;47
L21RCA;FF58;13
L21RCA;FF75;3
L21RCA;FE64;2
L21RCA;FF98;2
L21RCA;FF00;1
L21RCA;FF60;1
L55D;GF02;92
L60ESC;GF05;2
L70Q;FF66;2
L71D;GF05;213
L77C;GF05;3
L8LU;EN80;1
LA/DH3RN;JO29;1
LA0FA;JO59;4
LA1AAA;JO49;6
LA1AUA;JO29;3
LA1B;JP20;1
LA1BNA;JO49;2
LA1CO;JO29;4
LA1HL;JP20;34
LA1HU;JO59;6
LA1K;JP53;1
LA1KUA;JP50;14
LA1PCA;JO59;1
LA1PHA;JP66;11
LA1PHA;JP76;2
LA1RMA;JP50;1
LA1RQ;JP51;1
LA1SDX;JP20;70
LA1SNA;JO49;5
LA1UW;JP52;2
LA1VNA;JP20;110
LA1XFA;JO59;68
LA1XJA;JO49;10
LA1YKA;JO59;1
LA1YMA;JP51;1
LA1YPA;JP43;2
LA2BSA;JO29;5
LA2DMA;JP43;1
LA2DY;JP88;1
LA2GCA;JO49;56
LA2HFA;JO59;1
LA2IZ;JO49;18
LA2JEA;JO48;1
LA2T;JP53;246
LA2US;JP88;76
LA2VLA;JP66;6
LA2VRA;JO48;17
LA2XNA;JP50;525
LA2XO;JP40;1
LA2XPA;JP33;3
LA3BPA;JO48;498
LA3CT;JO59;1
LA3DV;JO49;3
LA3GPA;JO49;2
LA3HM;JP42;867
LA3LUA;JO48;34
LA3PU;JO49;4
LA3PU;JP41;1
LA3QAA;JO59;9
LA3RIA;JP41;1
LA3RLA;JP53;3
LA3SP;JO59;1
LA3TMA;JP53;1
LA3VL;JO59;5
LA3WAA;JP53;946
LA3WAA;OI32;1
LA3WP;JP40;6
LA3WP;JO59;3
LA3WP;JJ11;1
LA3YNA;JO48;2
LA3ZA;JO59;1
LA4EI;JP20;1
LA4GHA;JO59;7
LA4JGA;JO49;1
LA4MIA;JO59;2
LA4SIA;JO49;1
LA4WKA;JP20;4
LA4YGA;JO48;2
LA4YKA;JP42;1
LA5AKA;JO49;3
LA5BBA;JO59;5
LA5CIA;JO48;3
LA5JK;JO49;5
LA5KO;JO59;1
LA5LJA;JP50;1728
LA5PBA;JO28;4
LA5PBA;JP41;1
LA5PPA;JP40;166
LA5PY;JO48;1
LA5ROA;JP78;2
LA5SJA;KQ50;2
LA5TTA;JP20;7
LA5VSA;JO49;1
LA5WJA;JP43;1
LA5WX;JO28;2
LA5WX;JN47;1
LA5XFA;JP66;3
LA6CF;JO49;715
LA6ELA;JP22;3
LA6FI;JO59;2
LA6GH;JP32;1
LA6GIA;JO59;4
LA6GIA;JP51;2
LA6GU;JO59;1
LA6HNA;JP53;3
LA6JEA;JP50;5
LA6MNA;JP65;3
LA6NNA;JP65;1286
LA6OCA;JO49;1
LA6OK;JO59;2
LA6PTA;JP40;12
LA6RJA;JO38;16
LA6SLA;JP50;1
LA6TMA;JO59;3
LA6TP;JO59;1
LA6UOA;JP50;1
LA6VQ;JP20;1
LA6YEA;JO48;1
LA6ZEA;JO59;7
LA6ZFA;JO59;4
LA7DMA;JO28;5
LA7EIA;JO59;1
LA7OY;JO49;1
LA7WCA;JP41;3
LA7XIA;JO29;3
LA7XJ;JO40;1
LA7XJ;JO59;1
LA7XK;JO59;1
LA8BCA;JP41;1
LA8BCA;JP42;1
LA8HAA;JP50;1
LA8IY;JO49;3
LA8OKA;JP50;1
LA8OOA;JO28;4
LA8QW;JP43;1
LA8RTA;JP21;3
LA8WRA;JP42;2
LA8YJA;JP53;5
LA8ZAA;JP65;1
LA9AJA;JP53;1
LA9BM;JP40;8
LA9CAA;JO59;7
LA9DAA;JO48;5
LA9DL;JO59;1
LA9DSA;JP50;1
LA9GSA;JP50;3
LA9GX;JO59;3
LA9JFA;JP99;3
LA9JKA;JP32;11
LA9KY;JP66;1
LA9NKA;JP20;282
LA9QH;JO29;1
LA9RFA;JP53;2
LA9RY;JO29;536
LA9TY;JO38;1
LA9XBA;JP53;1
LA9XKA;JP50;1
LB0AH;JO48;2
LB0EI;JP50;2
LB0FI;JO59;4
LB0TH;JP43;1
LB0UG;JP99;1
LB0XJ;JP76;1
LB0YI;KQ40;2
LB1DK;JP53;4
LB1FJ/A;JO59;1
LB1HI;JP40;2
LB1HI;JO59;1
LB1PI;JO49;3
LB1QI;JO59;4
LB1R;JO49;1
LB1RJ;JO49;1
LB2LE;JP53;4
LB2VI;JP53;4
LB2WD;JO48;468
LB2ZG;JO29;3
LB3AG;JP53;1
LB3AH;JO59;5
LB3QJ;JO59;63
LB3RBS;KN12;1
LB3RK;JO48;12
LB4NH;JO49;1
LB4NI;JO49;1
LB4OI;JO38;1
LB4PI;JO49;5
LB4YI;JO59;339
LB4ZI;JO59;248
LB5HI;JP42;1
LB5HI;JP76;1
LB5OJ;JO29;1
LB5SH;JP53;353
LB5TJ;JP20;2
LB5WI;JO28;3
LB6D;JO59;5
LB6FG;JP50;7
LB6NI;JP20;26
LB6OH;JO59;1
LB6VI;JP53;1210
LB6ZH;JO59;1
LB7DJ;JO49;5
LB7Q;JP50;2
LB7UI;JO59;6
LB7VJ;JO59;4
LB7WI;JO48;3
LB7YI;JO48;1
LB7ZG;JO59;2
LB8IB;JO59;17
LB8MG;JO59;9
LB8MG;JP41;1
LB8OH;JP20;3
LB8VJ;JP43;1
LB8ZH;JP30;4
LB9AE;JP43;23
LB9BJ;JO59;61
LB9GG;JP50;1
LB9RE;JP53;2
LB9RE;JP32;1
LB9ZG;JP20;1
LC0A;JP40;346
LC0A;JP43;1
LC1R;JP53;98
LC1R;JO53;1
LC5W;JP66;16
LC6C;JP20;3306
LC8NIE;BG94;1
LC9S;JP50;327
LC9S;JO50;1
LC9S/QRP;JP50;10
LH2AIP;AP38;1
LK2QPH/R;JP38;1
LM4CAL;EB89;1
LN3OWY;JN56;1
LP1A;GF05;6
LP7ZMO;PN66;1
LQ0XFD;EN88;1
LR8FTDMC;FF75;2
LR8ZPB;BL40;1
LR9D;GF05;91
LT2D;GF05;3
LT3D;GF05;168
LT4I;GG22;377
LT5D;GF12;835
LT5X;FF75;1
LT7L;GG10;418
LT9E;GF05;1
LT9H;FF78;208
LU1AAX;GF05;1
LU1ABD;GF05;4
LU1ADH;GF05;2
LU1AEE;GF05;53
LU1AH;GF05;3
LU1AL;GF05;2
LU1ALF;GF06;1
LU1AM;GF05;3
LU1AMX;GF05;1
LU1ASP;GF05;5
LU1BDR;GF05;2
LU1BJW;GF05;200
LU1BR;GF05;4
LU1CBQ;GF05;1
LU1CEF;GF05;4
LU1CFU;GF05;8
LU1CGB;GF05;1
LU1COP;GF05;1
LU1DA;GF05;306
LU1DG;GF05;6
LU1DIE;GF13;2
LU1DLA;GF05;21
LU1DMF;GF05;1
LU1DNS;GF05;1
LU1DNY;GF05;1
LU1DPW;FF95;4
LU1DQ;GF05;1
LU1DQA;GF05;1
LU1DSP;FF96;7
LU1DTB;FF96;2
LU1DVH;GF05;9
LU1DVH;FF96;1
LU1DX;FF94;1
LU1EAF;GF11;2
LU1EBK;GF12;3
LU1ECF;GF05;1
LU1EEG;GF15;6
LU1EEP;GF05;35
LU1EFX;GF05;18
LU1EIT;GF05;4
LU1EK;FF96;2
LU1EP;GF05;1
LU1ETR;FF96;6
LU1FBZ;FF97;1
LU1FHM;FF96;2
LU1FI;FF97;3
LU1FI;FF12;1
LU1FIV;FF98;17
LU1FJT;FF97;6
LU1FKR;FF96;8
LU1FQ;FF97;4
LU1FRD;FF97;8
LU1GCB;FG93;2
LU1HB;FF78;6
LU1HBD;FF87;3
LU1HCH;FF76;3
LU1HLH;FF78;199
LU1HVK;FF87;2
LU1HW;FF78;103
LU1HW;FF42;1
LU1HW;FM19;1
LU1IDC;GG22;1
LU1JAO;GF07;98
LU1JB;GF07;2
LU1JKN;FF98;2
LU1MC;FF57;1
LU1MPK;FF57;1
LU1MQF;FF55;7
LU1NGP;FG72;1
LU1OAB;FG75;1
LU1PA;FF58;34
LU1QAH;FF66;6
LU1QGM;FF66;6
LU1RAF;FG71;4
LU1TAL;FG75;20
LU1VCM;FE48;10
LU1VDF;FE48;65
LU1VJK;FE48;1
LU1WFU;FE64;26
LU1WI;FE77;2
LU1XJJ;FE72;2
LU1XP;FD55;2
LU1XPW;FD66;5
LU1XU;FD55;2
LU2AEZ;GF05;4
LU2AJG;GF05;1
LU2ASV;GF05;1
LU2BA;GF05;4
LU2BN;GF05;3
LU2BR;GF05;8
LU2CHP;GF05;1
LU2CRM;GF05;1
LU2CSG;GF05;6
LU2DAJ;GF05;6
LU2DGE;GF11;1
LU2DGZ;GF12;2
LU2DHP;GF05;2
LU2DHU;GF15;1
LU2DPJ;GF05;2
LU2DPW;GF05;1
LU2DQV;GF05;6
LU2DR;GF05;1
LU2DSL;GF05;1
LU2DUR;GF05;1
LU2EH;GF05;265
LU2EI;FF94;5
LU2EI;GF05;1
LU2EJE;GF05;1
LU2EM;GF05;66
LU2FAF;FF97;9
LU2FBX;GF15;1
LU2FDA;FF96;2
LU2FE;FF97;5
LU2FHX;FF96;13
LU2FQL;FF98;1
LU2FRP;FF98;1
LU2FWK;FF97;9
LU2FWK;FF75;1
LU2FWK;GF05;1
LU2HHF;FF78;5
LU2HYL;FF77;2
LU2HZA;FF78;2
LU2ICA;GG22;32
LU2IKP;GG22;4
LU2IV;GG22;1
LU2JLS;GF06;2
LU2LB;GG02;6
LU2LB;IN99;1
LU2MCF;FF56;4
LU2MCX;FF57;2
LU2MDF;FF56;7
LU2MR;FF57;2
LU2NGR;FG72;2
LU2NI;FG72;2475
LU2PWY;FF58;374
LU2VH;FE48;1
LU2VJM;FE48;1
LU2VPG;FE48;99
LU3AAK;GF05;8
LU3ADP;GF05;8
LU3AHY;GF05;2
LU3AIA;GF05;1
LU3AJL;GF05;2
LU3AQR;GF05;6
LU3BMS;GF05;1
LU3CAQ;GF05;3
LU3CQ;GF05;6
LU3CQ;FF75;1
LU3DCS;GF05;9
LU3DI;GF05;8
LU3DJ;FF91;7
LU3DLY;GF14;6
LU3DO;GF13;2
LU3DVZ;FF93;5
LU3DW;GF05;1
LU3DWI;GF05;2
LU3DX;GF15;6
LU3DXU;GF05;8
LU3DXZ;GF05;1
LU3DYU;GF05;1
LU3EAR;GF05;5
LU3EBG;GF05;1
LU3ECE;GF11;1
LU3EEA;GG24;2
LU3EFW;GF15;1
LU3EKW;GF11;10
LU3EKW;GF12;1
LU3EMB;GF05;2
LU3ETM;GF05;12
LU3ETY;GF05;1
LU3EU;GF05;1
LU3FCA;FF96;1
LU3GBC;FF75;1
LU3HBA;FF87;7
LU3HFS;FF78;8
LU3HY;FF78;210
LU3HZK;FF87;5
LU3JAT;GF07;1
LU3JVR;FF98;7
LU3OZ;FG75;1
LU3PI;FF58;484
LU3QBQ;FF66;3
LU3UAD;FF84;2
LU3VC;FE48;5
LU3XCC;FD58;10
LU3XX;FD65;1
LU3YAD;FF41;1
LU4AAO;GF05;3
LU4AGC;GF05;4
LU4AHR;GF05;1
LU4AUG;GF05;1
LU4BBI;GF05;1
LU4DCW;GF05;4
LU4DIS;GF05;1
LU4DJB;FF94;233
LU4DL;GF05;1
LU4DLL;FF94;1
LU4DNK;FF92;1
LU4DNS;GF15;1
LU4DRH;FF81;109
LU4DTD;GF05;7
LU4DX;FF95;95
LU4DXU;GF05;1
LU4EEC;GF05;2
LU4EEH;FF81;1
LU4EFC;GF13;9
LU4EGP;FF81;1
LU4EN;GF05;3
LU4ER;GF13;10
LU4ERS;GF05;1
LU4FD;FF97;3
LU4FM;FF97;475
LU4FPZ;FF97;20
LU4FQ;FF97;1
LU4FTA;FF96;2
LU4FW;FF96;1
LU4FW;FF97;1
LU4FYF;FF97;4
LU4HK;FF78;2
LU4HK;FF96;1
LU4HOQ;FF86;4
LU4IDV;GG22;1
LU4JHF;GF07;133
LU4MAJ;FF57;1
LU4VMR;FE48;59
LU4WAC;FF75;1
LU4YS;FF51;1
LU5AB;GF05;1
LU5AGQ;GF05;4
LU5BPT;GF05;10
LU5CAT;GF05;1
LU5CAT;GF21;1
LU5CQC;GF05;4
LU5CSD;GF05;1
LU5DF;GF02;35
LU5DGN;GF05;1
LU5DJE;FF95;1
LU5DLE;GF05;2
LU5DNE;GF05;2
LU5DT;GF01;5
LU5DX;GF05;4
LU5DXY;GF06;1
LU5EPB;GF05;1
LU5ETB;GO05;1
LU5FCI;FF98;1
LU5FCV;FF98;3
LU5FF;FF99;95
LU5FPI;FF97;1
LU5FPJ;FF97;19
LU5FPJ;FF75;1
LU5HA;FF88;8
LU5HBP;FF78;1
LU5HGD;FF78;3
LU5HH;FF78;9
LU5HH;FF75;2
LU5HMT;FF87;3
LU5IBL;GG22;4
LU5IBL;GG21;1
LU5ILA;GG22;563
LU5JB;GF06;3
LU5JIB;FF98;1
LU5JMH;GF08;1
LU5KHF;FG73;318
LU5MBB;FF55;10
LU5MCD;FF57;20
LU5MMM;FF57;2
LU5MMM;GF05;1
LU5MT;FF57;2
LU5NA;FG72;1
LU5QAJ;FF76;2
LU5VJA;FE48;3
LU5VV;FE48;2
LU5WF;FE64;3
LU5YF;FF61;321
LU5YLR;FF51;1
LU6ABT;GF05;1
LU6BLF;GF05;4
LU6DBW;GF05;2
LU6DDC;GF05;331
LU6DFZ;GF15;3
LU6DK;GF05;1
LU6DKT;GF05;1
LU6DOT;GF05;1
LU6DPP;FF96;3
LU6DTJ;GF01;31
LU6EBT;GF15;2
LU6EEB;GF05;1
LU6EEG;FF81;3
LU6EEN;GF05;3
LU6EGP;GF05;2
LU6EJN;GF05;1
LU6EQT;GF12;2
LU6EQV;FF94;1
LU6ET;GF05;3
LU6ETB;GF05;3732
LU6ETB;KN44;1
LU6EZT;GF05;1
LU6FL;FF97;1
LU6HEU;FF78;1
LU6HGW;FF78;7
LU6HHH;FF78;3
LU6HLE;FF78;2
LU6HR;FF87;13
LU6HSA;FF78;1
LU6HWT;FF86;2
LU6HWT;FF66;1
LU6JAM;GF08;2
LU6JKU;GF07;2
LU6MAL;FF57;1
LU6MLV;FF57;1
LU6PCK;FF58;2
LU6UBM;FF84;17
LU6VEK;FE48;748
LU6VEK;KN12;1
LU6VM;FF61;5
LU6WAV;FE64;141
LU6XDB;FD58;3
LU6XNN;GG30;2
LU6XQB;FD66;26
LU6YR;FF51;21
LU7AMG;GF05;2
LU7AOW;GF05;1
LU7AV;GF05;8
LU7BCS;GF05;10
LU7BPM;GF05;87
LU7CC;GF05;14
LU7DBL;FF81;17
LU7DBL;FF91;1
LU7DFC;FF95;1
LU7DK;FF91;5
LU7DLS;GF05;2
LU7DTC;GF05;1
LU7DUE;GF05;3
LU7DZ;GF11;10
LU7DZ;GF05;2
LU7DZL;GF11;1
LU7EHR;GF05;8
LU7EML;GF13;5
LU7ERZ;GF05;9
LU7ETZ;GF11;1
LU7FCN;FF97;1
LU7FJO;FF97;156
LU7FMA;FF97;2
LU7FSD;FF97;5
LU7FUF;FF97;2
LU7GTB;GF05;1
LU7HBK;FF78;3
LU7HBL;FF87;1
LU7HEO;FF78;3
LU7HO;FF88;3
LU7HSW;FF75;1
LU7HW;FF87;34
LU7IAC;GG22;2
LU7JMS;GF07;1052
LU7KAT;FG72;5
LU7MC;FF57;4
LU7MCR;FF55;20
LU7PB;FF58;2
LU7PBO;FF58;4
LU7QAY;FF66;1
LU7YZ;FF51;2
LU8AFR;GF05;8
LU8AHF;GF05;3
LU8AJM;GF05;1
LU8AJX;GF05;1
LU8ANB;GF05;3
LU8ART;GF05;12
LU8CGG;GF05;3
LU8DAL;GF13;2
LU8DCH;GF05;1
LU8DMV;GF15;3
LU8DNJ;GF05;1
LU8DPM;GF03;45
LU8DPV;GF12;37
LU8DRH;FF81;4
LU8DY;GF05;7
LU8DZJ;GF05;2
LU8EDA;GF05;543
LU8EDA;GF49;1
LU8EFI;GF05;2
LU8EJU;GF15;2
LU8EKC;GF05;358
LU8EKC4W;GF05;1
LU8EM;GF05;2
LU8EMI;GF05;8
LU8EML;GF15;1
LU8ENU;GF05;8
LU8EQ;GF05;1
LU8EU;GF15;2
LU8EV;GF05;1
LU8EX;GF05;188
LU8EY;GF12;1
LU8FH;FF96;1
LU8FLF;FF97;1
LU8FPM;FF98;2
LU8FSD;FF97;7
LU8GCJ;GG02;1
LU8GMM;GG02;9
LU8HEA;FF86;4
LU8HEV;FF96;6
LU8HF;FF78;4
LU8HGI;FF87;4
LU8HRP;FF78;6
LU8HSY;FF78;4
LU8LCI;GG00;1
LU8VB;FF60;2
LU8VCC;FF60;2
LU8VLE;FE48;18
LU8XAF;FD38;1
LU8XQL;FD66;12
LU8YD;FF51;2
LU9APP;GF05;7
LU9BML;GF05;1
LU9CAQ;GF05;1
LU9CSM;GF05;1
LU9CZB;GF05;1
LU9DCB;GF05;7
LU9DCE;GF05;17
LU9DCE;FF95;1
LU9DH;FF75;1
LU9DJS;FF95;2
LU9DMG;GF05;3
LU9DO;GF05;8
LU9DPD;GF05;1
LU9DPI;GF06;1
LU9DX;GF05;6
LU9DZP;FF95;1
LU9EH;GF05;6
LU9EHV;GF05;1
LU9EKA;FF95;5
LU9EKQ;GF05;4
LU9EMP;GF05;1
LU9EOB;GF05;1
LU9ESD;GF05;25
LU9EZ;GF05;1
LU9FCM;FF97;4
LU9FFZ;FF97;3
LU9FJS;FF97;1
LU9FNZ;FF97;29
LU9FSD;FF98;778
LU9FVS;FF97;2
LU9GDN;FG92;9
LU9HCO;FF78;8
LU9HGW;FF75;2
LU9HGW;FF99;1
LU9HJZ;FF87;2
LU9HPO;FF88;8
LU9HRM;FF76;5
LU9HZM;FF78;2
LU9IAE;GG23;2
LU9JJ;GF08;4
LU9LTG;GG02;12
LU9MDH;FF57;3
LU9MRP;FF55;6
LU9MWE;FF57;116
LU9MZY;FF54;1
LU9NMA;FG72;1
LU9QFM;FF76;1
LU9RBE;FG71;33
LU9WT;FE64;1758
LU9WT;IM75;1
LU9WUS;FE76;2
LU9XBA;FD58;1
LU9XJR;FD58;3
LV1E;FF95;986
LV1E;OI33;1
LV5V;FE48;418
LV9D;GF05;2
LW1DG;GF05;6
LW1DG;GF15;1
LW1DJL;GF05;3
LW1DOW;GF05;155
LW1DOW;GG05;1
LW1DQD;GF04;1
LW1DRJ;GF05;7
LW1DYC;GF01;9
LW1DYN;GF05;15
LW1DZ;GF05;5
LW1DZS;FF96;1
LW1HW;FF78;1
LW2DAF;GF05;292
LW2DCJ;GF05;1
LW2DGD;FF96;1
LW2DHT;GF05;2
LW2DJM;GF12;4
LW2DJM;LF12;1
LW2DLY;GF05;22
LW2DOD;FF94;2
LW2DX;GF05;8
LW2EDM;FF81;54
LW2EIY;FF77;1373
LW2GHM;IC17;1
LW3DAO;GF05;12
LW3DAS;FF75;4
LW3DAS;GF05;2
LW3DMA;GF05;19
LW3DWS;GF05;4
LW4DAF;GF05;4
LW4DCI;GF05;6
LW4DHB;GF05;1
LW4DSK;FF91;1
LW4EAZ;GF05;9
LW4EDG;FF92;2
LW4EDG;FF75;1
LW4EIN;GF05;75
LW4EOV;GF05;5
LW4EWC;GF05;59
LW5DD;GF11;2
LW5DIE;FF95;280
LW5DIT;GF05;4
LW5DIX;GF05;1
LW5DMG;GF13;4
LW5DR;GF01;61
LW5DST;GF05;1
LW5DU;GF05;9
LW5DUS;GF05;7
LW5EAE;FF94;6
LW5ETD;GF05;4
LW5SCY;RL52;1
LW6DJ;GF05;3
LW6DNF;GF11;2
LW6EEU;FF81;1
LW6EGE;FF81;3
LW6EMN;GF03;1
LW6ENA;GF05;2
LW6EQG;FF95;16
LW6EVR;FF81;1
LW6HAR;FF78;506
LW7DBP;GF05;5
LW7DFM;GF05;5
LW7DPN;GF05;1
LW7DXQ;GF05;16
LW7EDH;GF11;3
LW7ESL;GF05;615
LW8DAL;GF11;2
LW8DHX;GF05;1
LW8DKC;FF81;4
LW8DOZ;GF12;320
LW8DOZ;IN89;1
LW8EKI;GF05;2
LW8EL;FF81;1
LW8EMD;GF05;1
LW8EXS;FD66;1
LW8EXS;GF05;1
LW8EXY;GF11;1
LW9DAT;GF15;1
LW9DPY;GF05;5
LW9DXI;GF05;1
LW9DYQ;GF05;1
LW9EJM;FF81;2
LW9EMY;GF05;1
LW9EUE;GF05;1
LW9EXQ;GF05;4
LW9EYP;GF05;6
LX0RL;JN39;2
LX1BH;JN29;2
LX1CC;JN39;2
LX1DA;JN39;1
LX1DH;JN39;1
LX1FP;JN29;110
LX1GQ;JN39;2
LX1GU;JN39;1
LX1HD;JN39;1933
LX1JH;JN39;11
LX1KU;JN29;1
LX1KU;LL34;1
LX1MDA;JN39;34
LX1NO;JN39;813
LX1SID;JN39;1
LX1TI;JN29;20
LX2KA;JN39;1
LX2KD;JN39;376
LX2SM;JN39;3
LX3LGN;FO50;1
LX4ZEM;DP44;1
LX6VW;JN39;2
LX71;JN29;1
LX7I;JN29;5911
LX7I;JN39;2
LX8FTDM;JN39;121
LX9DX;JN29;3736
LX9DX;EK83;1
LX9DX;JN39;1
LY1CT;KO05;4
LY1CX;KO25;7
LY1CZ;KO14;24
LY1DX;KO24;9
LY1E;KO14;1
LY1FX;KO25;2
LY1HD;KO15;1
LY1HD;KO25;1
LY1LR;KO24;2
LY1MG;KO14;4
LY1NM;KO24;1
LY1O;KO24;2
LY1R;KO14;3371
LY1R;FJ26;1
LY1R;KO15;1
LY1R;KP24;1
LY1SR;KO14;5
LY2AE;KO24;2
LY2AT;KO14;1
LY2BAA;KO25;1
LY2BBF;KO24;17
LY2BBF;JN98;1
LY2BI;KO14;5
LY2BNL;KO24;1
LY2BUU;KO25;1
LY2CG;KO24;2
LY2CK;KO24;5
LY2CV;KO14;59
LY2ED;KO24;4
LY2FB;KO05;1
LY2FN;KO14;249
LY2GV;KO15;5
LY2HM;KO15;2
LY2HS;KO25;1
LY2IJ;KO25;2
LY2J;KO14;3475
LY2KM;KO14;4
LY2LE;KO24;1
LY2LO;KO15;8
LY2PAD;KO14;3390
LY2R;KO15;1
LY2RK;KO14;1
LY2SA;KO14;1345
LY2TS;KO05;280
LY2VM;KO14;8
LY2XJ;KO14;4
LY35A;KO15;5
LY3AAM;KO24;1
LY3AB;KO05;2
LY3BBM;KO15;1
LY3BES;KO16;3
LY3BFH;KO24;2
LY3BG;KO24;11
LY3BRA;KO14;1324
LY3CY;KO24;1
LY3IV;KO25;4
LY3NL;KO24;1
LY3PDX;KO14;2
LY3QR;KO24;294
LY3TE;KO05;2
LY3TE;KO16;1
LY3TG;KO05;1
LY3TW;KO14;9
LY3W;KO14;5
LY4A;KO15;5
LY4AA;KO14;1
LY4AB;KO14;10
LY4K;KO14;216
LY4Q;KO24;3
LY5G;KO05;213
LY5J;KO24;6
LY5LT;KO05;2
LY5LT;KO15;1
LY5O;KO14;10
LY5P;KO15;1
LY5V;KO26;2
LY5W;KO15;493
LY6A;KO24;65
LY770CT;KO15;1
LY7M;KO25;22
LY7Z;KO15;822
LY8O;KO25;2
LY8O;KO24;1
LY9Y;KO16;275
LZ/US0KW;KO30;1
LZ105AJ;KN32;1
LZ1AG;JN45;1
LZ1AG;KN22;1
LZ1BBZ;KN22;1
LZ1BBZ;KN32;1
LZ1BJ;KN12;2
LZ1BK;KN22;4
LZ1BO;KN12;2
LZ1BT;KN12;1
LZ1CCP;KN22;1
LZ1CRI;KN22;810
LZ1DD;KN12;5
LZ1DJZ;KN22;18
LZ1DKZ;KN22;2
LZ1DPP;KN32;5
LZ1FG;KN12;12
LZ1GC;KN22;11
LZ1HA;KN12;1
LZ1HCO;KN12;1
LZ1HPY;KN12;1
LZ1HSS;KN22;4
LZ1JZ;KN22;4
LZ1KKZ;KN22;207
LZ1KU;KN32;18
LZ1KU;KN22;2
LZ1LZ;KN12;32
LZ1MDK;KN22;2
LZ1MKN;KN21;1
LZ1MS;KN12;4
LZ1NB;KN22;3
LZ1NB;OF78;1
LZ1NDV;KN22;3
LZ1ON;KN22;39
LZ1PB;KN22;1
LZ1PRT;KN22;1
LZ1PRX;KN12;2
LZ1QV;KN32;1466
LZ1QV;KN38;1
LZ1QZ;KN32;292
LZ1QZ;KN41;1
LZ1RAY;KN22;134
LZ1RGT;KN22;1
LZ1SJ;KN32;28
LZ1ST;KN21;4
LZ1ST;KN12;1
LZ1UBO;KN12;1
LZ1UX;KN13;1
LZ1VDK;KN12;1
LZ1VDK;KN22;1
LZ1VDR;KN12;10
LZ1VH;KN22;1
LZ1WTA;KN21;1
LZ1XM;KN12;2
LZ1YF;KN22;322
LZ1ZF;KN22;669
LZ1ZF;KN13;1
LZ1ZJ;KN12;3
LZ20ARDF;KN22;3
LZ20ARDF;AA00;1
LZ21MIG;KN22;3
LZ21MIG;KN32;1
LZ24ROJ;KN21;2
LZ2BA;KN22;1
LZ2BB;KN33;2
LZ2BE;KN33;2
LZ2CC;KN23;1
LZ2DF;KN22;16
LZ2DK;KN23;2
LZ2DM;KN33;1
LZ2EC;KN22;1
LZ2EW;KN13;6
LZ2FP;KN13;8
LZ2HA;KN33;1
LZ2HV;KN23;244
LZ2II;KN22;12
LZ2INP;KN34;2346
LZ2INP;FN42;1
LZ2INP;KM34;1
LZ2JA;KN22;1520
LZ2JE;KN13;4
LZ2KAA;KN22;47
LZ2KAA;KN01;1
LZ2KTS;KN22;1
LZ2KV;KN33;15
LZ2LG;KN13;11
LZ2MP;KN23;164
LZ2MV;KN23;1
LZ2NW;KN23;21
LZ2PAJ;KN12;3
LZ2SPD;KN22;1
LZ2SR;KN23;1
LZ2SRM;KN33;1
LZ2TDF;KN13;6
LZ2TU;KN13;3
LZ2TWY;KN33;1
LZ2VO;KN22;1
LZ2VQ;KN23;19
LZ2VQ;KN22;2
LZ2WP;KN43;5
LZ2XA;KN33;11
LZ2XF;KN33;18
LZ2ZD;KN23;1
LZ2ZG;KN23;222
LZ302IT;KN22;7
LZ302IT;KN12;2
LZ302IT;KN40;1
LZ3AD;KN32;2
LZ3AXS;KN12;284
LZ3BS;KN22;12
LZ3CB;KN32;32
LZ3CQ;KN12;528
LZ3DC;KN32;6
LZ3DP;KN32;8
LZ3FX;KN32;5
LZ3HG;KN22;1
LZ3IW;KN21;1
LZ3IW;KN22;1
LZ3PA;KN32;1
LZ3PLD;KN32;2
LZ3QE;KN32;2
LZ3RBS;KN12;432
LZ3RG;KN12;15
LZ3SD;KN22;2244
LZ3SD;KO70;1
LZ3SU;KN32;438
LZ3WE;KN32;1
LZ3XM;KN32;10
LZ3YY;KN32;1
LZ4BU;KN33;142
LZ4IP;KN23;1
LZ4NV;FD12;1
LZ4TL;KN22;5
LZ4VR;KN13;10
LZ55ZF;KN22;3
LZ5AM;KN22;7
LZ5EO;KN21;2
LZ5K;KN22;925
LZ5K;HM61;1
LZ5KR;KN12;2
LZ5QD;KN12;1
LZ5QZ;KN32;406
LZ5QZ;KN41;1
LZ5RD;KN12;1
LZ5SF;KN12;2
LZ5UF;KN22;1
LZ5UY;KN22;1
LZ5WW;KN12;4
LZ6DV;KN33;1
LZ6DX;KN23;195
LZ7A;KN12;798
LZ7A;KN43;1
LZ7VV;KN12;2
LZ7VV;KN17;1
LZ80TUS;KN12;2
LZ80TUS;KN22;1
LZ8DX;LN22;1
LZ8E;KN33;6897
LZ8E;JN25;1
LZ8E;KL33;1
LZ8E;KO14;1
LZ8E;NN33;1
LZ9HS;KN22;1
LZ9HS;KN32;1
LZ9S;KN12;422
M/9A3ICE;IO91;2
M/LZ5DI;IO91;1
M/SQ5NWW;IO93;1
M05JWB/P;LE25;1
M0ABG;JO02;13
M0ABR;IO80;5
M0ADH;IO93;2
M0AGP;IO91;28
M0AQM;IO83;396
M0AQM;OI83;1
M0AZI;IO90;2
M0BCT;JO02;2
M0BEN;IO92;6
M0BEW;IO82;318
M0BJL;IO90;536
M0BLF;IO70;165
M0BLF;JO02;1
M0BSI;IO70;2
M0CAG;JO01;1
M0CHE;IO80;4
M0CHK;JO02;5
M0CKM;IO90;6
M0CKX;IO93;5
M0CLH;IO91;38
M0CNG;IO93;28
M0CNQ;IO94;1
M0CRO;IO81;2
M0CSD;IO94;136
M0CVZ;IO91;2
M0DFL;JO02;84
M0DGD;JO01;1
M0DHO;IO91;3
M0DMC;JO02;2
M0DMJ;IO91;14
M0DPK;IO80;15
M0DRN;JO01;2
M0DSR;IO82;3
M0DUU;IO92;3
M0ELS;JO01;2
M0FLF;IO93;491
M0FOX;IO93;4
M0FQZ;IO93;1
M0GBK;IO93;4
M0GBP;IO70;350
M0GBP;IO91;1
M0GDX;IO93;1
M0GGO;JO01;1
M0GNI;IO81;2
M0GWC;IO91;2
M0HHF;IO93;2
M0HJJ;IO91;1
M0HJS;IO81;1
M0HMJ;IO80;4
M0HOM;CN84;1
M0HQB;IO81;19
M0HSG;IO91;1
M0HYE;IO94;5
M0IAP;IO93;21
M0ICL;JO01;2
M0ICR;IO91;265
M0IEP;IO91;640
M0IFA;IO92;1
M0IHT;IO80;1122
M0IHT;HG71;1
M0IIO;IO91;1
M0IKW;IO94;5
M0IKX;JO01;1
M0IOW;IO90;4
M0IOY;IO93;3
M0IPU;JO01;1
M0IRU;JO01;1
M0ITC;IO82;6
M0IXZ;IO82;3
M0IYI;IO94;6
M0IYK;IO93;3
M0IZM;IO92;3
M0JBF;IO91;4
M0JBM;IO81;3303
M0JBM;KK43;1
M0JCQ;IO91;3
M0JEU;IO91;1
M0JEU;IO94;1
M0JFG;IO82;3
M0JIX;IO93;1
M0JME;IO83;1
M0JPU;IO91;3
M0JRI;IO83;10
M0JUE;IO82;52
M0KCB/P;IO83;1
M0KCM;IO92;94
M0KCV;IO91;1
M0KEE;IO81;2
M0KEO;IO94;8
M0KHX;JO02;1
M0KKB;JO01;2
M0KKM;JO02;236
M0KKM;JN88;1
M0KLG;IO70;2
M0KNM;IO91;354
M0KOK;IO91;2
M0KQV;IO90;3
M0KSE;IO83;5
M0KSI;IO83;1
M0KVK;IO93;2
M0LEZ;IO90;3
M0LHH;JO02;2
M0LHS;IO81;1
M0LJB;IO83;3
M0LKA;JO01;2
M0LKJ;IO91;1
M0LKW;JO01;308
M0LMK;JO01;334
M0LMT;JO01;1
M0LMX;IO81;1
M0LMX;IO91;1
M0LNO;IO91;2
M0LOW;IO90;2
M0LQY;IO92;2
M0LRY;IO82;1
M0LTA;IO91;2
M0MBM;IO83;2
M0MCR;IO92;21
M0MDR;IO91;81
M0MIZ;IO91;1
M0MLS;IO92;9
M0MMZ;IO91;1
M0MPQ;IO92;3
M0MVB;JO02;4
M0MZC;IO70;1
M0NMA;IO92;3
M0NPH;IO92;1
M0NPT;IO92;48
M0NZR;IO83;5
M0OAU;IO83;2
M0OFX;IO93;3
M0OIA;JO01;1
M0OQU;JO01;2
M0ORY;IO93;167
M0OTE;IO83;2
M0OTL;IO81;1
M0OTV;JO01;2
M0OVG;IO90;8
M0PAM;JO01;3
M0PBD;IO92;8
M0PFX;JO01;1
M0PKE;IO93;2
M0PKT;JO01;10
M0PNN;IO82;3
M0PPT;IO92;1
M0PTZ;IO91;412
M0PWL;IO92;1
M0PWX;JO01;6
M0RBD;IO91;1
M0RIU;IO93;1
M0RLC;IO92;1
M0RLC;JO02;1
M0RLE;IO83;1
M0RNH;IO83;3
M0RNR;IO94;415
M0RSJ;IO70;5
M0RTP;IO91;2
M0RWL;IO93;9
M0RZE;IO94;2
M0SAC;JO01;3
M0SDY;JO02;151
M0SIH;JO02;2
M0SLC;JO01;1
M0SLI;JO02;3
M0SSK;JO01;10
M0SUC;IO91;240
M0SVU;IO81;7
M0SWP;IO91;1
M0SZL;IO91;3
M0TAZ;JO01;2
M0TBQ;IO82;7
M0TLJ;IO93;1
M0TML;IO83;2
M0TMR/P;IO93;3
M0TQR;IO80;1
M0TRJ;JO02;2
M0TRJ;IO81;1
M0TSV;JO00;2
M0TTQ;IO90;1
M0TZO;JO01;2
M0TZX;IO92;1
M0TZZ;JO01;474
M0UDD;IO91;771
M0UFC;IO83;2
M0UKN;IO83;1
M0UNC;IO92;1319
M0UNG;IO83;1
M0UPL;IO91;12
M0URL;IO91;912
M0USR;IO92;1
M0UTA;IO83;1
M0VBY;IO90;2
M0VII;IO93;2
M0VKC;IO83;1
M0VLX;IO80;60
M0VLX;IO75;1
M0VMZ;IO91;4
M0VPH;IO92;9
M0VQP;IO92;4
M0VTC;IO91;4
M0VTS/P;IO92;6
M0VVX;IO91;1
M0WAS;IO92;1
M0WAY;IO82;1
M0WDF;IO92;1
M0WEF;JO02;3
M0WEV;IO82;50
M0WGI;IO91;5
M0WHC;IO83;2
M0WIT;IO93;5
M0WIT;IO21;1
M0WRE;IO93;2
M0WTN;IO92;1
M0WTN/P;IO82;1
M0WTR;IO83;3
M0WWS;IO94;2
M0WXX;IO83;6
M0WYB;IO81;1
M0XCZ;IO90;43
M0XJA;IO82;2
M0XLH;IO93;1
M0XLR;IO83;3
M0XPU;IO92;1
M0XTY;JO01;2
M0XUE;IO90;4
M0XXJ;IO91;2
M0XYF;IO90;2
M0XYG;IO92;19
M0XYZ;IO93;1
M0YBD;IO90;1
M0YDB;IO93;413
M0YDB;IO03;1
M0YDB;IO39;1
M0YJD;IO93;1
M0YOL;JO01;2
M0YWA;IO94;272
M0ZJB;JO02;1
M0ZKK;JO02;1
M0ZMB;IO81;4
M0ZMS;IO94;5
M0ZPU;IO92;2
M0ZRR;IO92;1
M0ZWW;JO01;2
M0ZXQ;IO82;1
M12WVI;BJ15;1
M16BNS;RN18;1
M1AIB;IO92;1
M1BED;IO92;1
M1BZM;IO92;1
M1BZN;IO82;1
M1BZN;IO92;1
M1CAV;IO93;2
M1CDQ;IO93;2
M1CVZ;IL38;1
M1D;IO82;50
M1DBW;IO91;17
M1DHJ;IO90;1
M1DOX;IO90;11
M1DST;IO91;6
M1DUV;JO01;1
M1DVJ;IO80;1
M1EAS;IO83;10
M1EDA;IO92;1
M1EPZ;JO02;2
M1EYP/P;IO82;3
M1FCV;IO81;5
M1FDS;IO91;3
M1FHM;IO83;1
M1FTA;IO91;12
M1HHL;IO90;2
M1KCS;JO01;1
M1KMC;IO84;60
M1PAH;IO92;2
M1SEM;JO01;2
M1SKA;JO01;43
M1SKA;IO90;13
M1VPN;IO80;6
M3ARB;JO01;4
M3BGE;IO81;4
M3CNC;IO93;1
M3DCJ;IO90;1
M3ECT;IO83;262
M3FCP;FM29;1
M3FON;IO93;462
M3JIE;IO83;11
M3LNN;IO83;2
M3MWQ;FM29;1
M3MXK;IO71;4
M3OVA;IO93;2
M3OZP;JO01;5
M3RZO;IO92;24
M3SLQ;IO82;1
M3SRY;IO92;3
M3SVO;IO93;1
M3VDL;IO92;2
M3XGV;IO92;2
M3XOV;IO82;2
M3XSI;IO93;1
M3ZZF;JO01;1265
M3ZZF;IO91;1
M5AFO;IO70;2
M5DZH;IO83;2
M5FAB;IO84;1
M5GDK;IO92;1
M5GUM/P;IO83;1
M5JFS;IO90;1
M5KVK;IO92;1
M5LMG;IO82;2
M5P;IO92;438
M5PLY;IO92;1
M5RJC;IO82;146
M5RJC;IO92;1
M5SB;IO91;2
M5W;IO80;2422
M5WNS;IO80;4
M62JL/P;JO13;1
M69KIQ;MR41;1
M6CBU;JO01;5
M6DBV;IO71;1
M6DDF;JO01;1
M6DRS;JO01;2
M6ENP;IO84;465
M6ENP;IO91;1
M6ENS;IO83;3
M6EVR;IO81;1
M6FPW;IO92;21
M6FWV;IO70;1
M6GFZ;IO83;2
M6GLZ;IO82;1
M6GOE;IO93;3
M6GYT;IO83;1
M6HAL;IO92;1
M6INJ;IO90;5
M6JAY;IO90;16
M6JPO;IO91;1
M6JVJ;IO83;6
M6KNZ;IO92;1
M6KOG;JO01;6
M6KQZ;IO81;1
M6LAX;IO91;1
M6LZX;IO93;1
M6MAL;IO92;3
M6MPR;IO93;1
M6NFT;IO93;1
M6NVD;IO83;4
M6NVE;IO83;1
M6RJR;IO93;1
M6RTA;IO94;4
M6TJT;IO81;2
M6UKZ;IO82;7
M6WHH;IO90;5
M6WRB;IO91;4
M6XAT;IO84;168
M6YIK;IO94;1
M6YJB;IO93;3
M6YLY;IO91;1
M7ANJ;IO92;1
M7APV;JO01;1
M7ATH;IO90;1
M7AVK;IO83;1
M7AWF;IO70;4
M7AZV;IO91;1
M7BCN;IO94;2
M7BFG;IO83;3
M7BQC;IO94;1
M7CCZ;JO02;1
M7CLI;IO83;3
M7CLO;IO93;2
M7CMS;IO91;1
M7CPT;IO83;9
M7CQN;IO81;1
M7CUW;IO83;6
M7CVK;IO91;1
M7CWF;IO93;3
M7CWL;IO70;2
M7CYY;IO70;4
M7DCE;IO82;1
M7DED;IO93;1
M7DFM;IO91;1
M7DGH;IO90;1
M7DIA;JO01;2
M7DJK;JO01;109
M7DJN;IO82;1
M7DQE;IO91;1
M7DRC;IO90;4
M7DVQ;IO90;1
M7DXP;IO83;3
M7DYR;IO70;1
M7ECR;JO01;2
M7EGK;IO94;1
M7EJN/QRP;IO95;1
M7EQR;JO02;2
M7ERU;IO93;3
M7ERU/QRP;IO93;3
M7ERU/QRP;IO91;1
M7EWV;IO93;1
M7EXJ;IO91;2
M7EYH;IO70;1
M7EYP;IO93;2
M7FCX;IO91;4
M7FKN;IO81;1
M7FQZ;IO93;1
M7FVY;IO80;1
M7GBO;IO83;1
M7GDU;IO92;1
M7GFJ;IO80;7
M7GGV;IO91;3
M7GOA;JO01;1
M7GXD;IO83;2
M7GZZ;IO93;5
M7HDY;JO01;1
M7HET;IO91;1
M7HNF;IO83;1
M7HUK;IO84;1
M7HUK;IO92;1
M7HUK;JO01;1
M7ICL;FN04;1
M7ICV;IO90;1
M7IJS;IO83;7
M7INZ;JO01;20
M7IOR;IO91;1
M7IQA;IO91;1
M7IRP;IO92;1
M7ITH;IO93;3
M7JMJ;IO92;2
M7JVH;IO83;19
M7KEV;IO94;18
M7KGW;IO92;1
M7KLW;IO83;2
M7KOG;IO81;4
M7LYG;IO93;2
M7MDP;IO83;1
M7MJW;JO01;1
M7NAI;IO93;2
M7NAJ;JO01;2
M7NEC;IO91;1
M7NMP;IO92;59
M7NOU;IO83;1
M7OBF;IO94;17
M7ODY;JO02;2
M7OUT;IO83;1
M7OXP;IO92;2
M7PBO;IO93;2
M7PCE;IO82;2
M7PLS;IO91;222
M7PUC;IO81;6
M7PYA;IO94;1
M7REV;IO82;7
M7RJS;IO91;1
M7RKK;IO93;2
M7RPO;IO82;1
M7RTM;IO70;1
M7SBC;IO82;240
M7SDA;JO01;1
M7SGM;IO81;4
M7SJV;IO93;1
M7SKY;IO93;5
M7SMI;IO91;2
M7SMT;IO93;1
M7SQI;IO70;13
M7SUZ;IO92;2
M7SYR;IO91;52
M7SZO;IO91;1
M7TAS;IO81;3
M7TKJ;IO92;3
M7TMM;IO91;2
M7TPA;IO90;1
M7TPT;IO92;4
M7TQZ;IO90;2
M7TUC;JO01;2
M7TVD;IO91;9
M7UMM;JO02;1
M7UTB;IO93;1
M7VCB;IO82;1
M7VDX;JO02;1
M7VIC;IO92;2
M7VMB;IO93;1
M7VMT;IO81;7
M7VOD;IO83;1
M7VPE;IO92;6
M7VPE;IO91;1
M7WFG;IO81;1
M7WLK;IO82;3
M7WWX;IO80;1
M7XRI;JO00;3
M7YDM;IO84;3
M7YVZ;IO93;1
M80FFL;JL48;1
M89BAS;GJ70;1
M9B;JO01;189
MD0CCE;IO74;12
MD0IVT;JQ09;1
ME5W;IO80;327
ME6W;IO82;222
MI0ADX;IO65;2
MI0AEY;IO64;1
MI0AIH;IO64;2
MI0AIH;IO69;1
MI0AYR;IO64;973
MI0CBH;IO74;3
MI0FBI;IO74;4
MI0GOZ;IO64;5
MI0IKF;IO74;2
MI0JLC;IO64;5
MI0JST;IO65;1
MI0JZZ;IO65;16
MI0KOA;IO74;7
MI0LLG;IO65;1230
MI0LPO;IO64;3
MI0NUM;IO64;1
MI0NWA;IO64;3500
MI0OBC;IO74;37
MI0OBC;IO72;1
MI0OBC;IO91;1
MI0OBC;KN84;1
MI0OBR;IO74;1
MI0RTX;IO65;1
MI0SAI;IO64;10
MI0SAM;IO74;4
MI0SLE;IO64;14
MI0TMW;IO64;1
MI0UFL;IO64;1
MI0UFT;IO64;11
MI0ULK;IO65;28
MI0WGM;IO64;2
MI0WHX;IO74;2
MI1CCU;IO64;32
MI3KCW;IO74;6
MI3RLA;IO74;4
MI3TIS;IO64;1
MI5JYK;IO74;1
MI6KKN;IO65;1
MI6LFU;IO64;1
MI7DJT;IO64;1
MI7DKR;IO64;3
MI7ELJ;IO74;2
MI7IRE;IO64;9
MI7RDK;IO74;4
MI7RPG;IO64;1143
MI7YDB;IO74;1
MINWA;IO64;1
MJ0LEL;IN89;1
MJ6YEA;JN70;1
MM;FM19;1
MM/HA0DFV;IO75;267
MM/HA0DFV;JN87;2
MM/HA0DFV;IO76;1
MM/HA0DFV;IO85;1
MM/HA0DFV;IO86;1
MM/HA0DFV;JO95;1
MM0ABM;IO75;4
MM0ABM;IO76;1
MM0AMW;IO75;2
MM0AUP;IO88;12
MM0BEF;IO75;1
MM0BFF;IO68;1
MM0BSM;IO86;17
MM0CEZ;IO75;1
MM0CKK;IO75;6
MM0DGR;IO75;2
MM0DHQ;IO75;2
MM0DRA;IO86;2
MM0DXE;IO86;4
MM0EAX;IO89;4112
MM0GHM;IO75;2
MM0GPZ;IO75;1
MM0GQF;IO87;3
MM0GYG;IO85;1
MM0HVU;IO85;35
MM0IMC;IO75;1
MM0INH;IO85;1
MM0INS;IO85;1
MM0IYT;IO75;2
MM0JJU;IO75;4
MM0JTV;IO75;217
MM0KMK;IO75;5
MM0KOS;IO85;1
MM0LER;IO87;5
MM0LGS;IO85;4
MM0MOK;IO85;1
MM0NDX;IO86;21
MM0NNO;IO87;1
MM0OPX;IO85;24
MM0PWM;IO85;1
MM0RKN;IO85;304
MM0SJH;IO89;5
MM0TBH;IO75;1
MM0UIO;IO75;5
MM0ULL;IO77;371
MM0ULL;JO21;1
MM0URN;IO78;8
MM0VPY;IO75;2
MM0XET;IO86;1
MM0YSO;IO87;1
MM0YUM;IO85;1
MM1AWV;IO75;206
MM1DMU;IO75;1
MM1PTT;IO75;1
MM1Z;IO75;626
MM2T;IO85;24
MM3JFM;IO87;2
MM3NRX;IO86;5
MM3WYM;IO75;3
MM5DWW;IO89;3
MM6HVT;IO86;12
MM6IXE;IO77;8
MM6VKO;IO75;1
MM7ARJ;IO88;4
MM7BVP;IO75;65
MM7BVP;IO88;1
MM7BWK;IO85;451
MM7CEH;IO85;5
MM7CMB;IO68;5
MM7DAH;IO75;2
MM7DXC;IO86;3
MM7FTH;IO86;3
MM7GMS;IO75;6
MM7JYS;IO75;3
MM7LBK;IO85;36
MM7LRV;IO75;1
MM7NSY;IO85;4
MM7OWO;IO85;2
MM7PRJ;IO75;1
MM7RGM;IO75;3
MM7UHK;IO75;1
MM7UTR;IO75;2
MM7WAB;IO75;5
MM7WKK;IO88;3
MP5;IO92;1
MQ1NZE/P;GG40;1
MS2DHG;JO21;6
MU0FAL;IN89;2
MU7HKE;IN89;2
MU7MNA;IN89;1
MW0AEL;IO81;3
MW0AXD;IO81;1
MW0CNA;IO81;25
MW0CRI;IO72;188
MW0CVT;IO81;1
MW0DNF;IO81;1
MW0GBW;IO81;4
MW0GWL;IO81;2
MW0GWT;IO81;1
MW0HRD;IO81;3
MW0IHW;IO81;1
MW0LAO;IO81;1
MW0NLG;IO73;1
MW0NRE;IO72;1
MW0PBD;IO81;1
MW0TSU;IO82;2
MW0TTF;IO81;20
MW0UAA;IO81;1
MW0UPH;IO82;7
MW0USK;IO81;16
MW0VCV;IO81;1
MW0WOO;IO72;4
MW0XRT;IO83;3
MW0YAE;IO81;35
MW0ZZK;IO72;6
MW1BAJ;IO71;5
MW1CFN;IO73;11
MW1EYP/P;IO82;6
MW3FLI;IO83;52
MW3YBX;IO71;13
MW6IUT;IO81;5
MW6JUY/P;IO81;1
MW6PNW;IO81;13
MW7ADQ;IO81;3
MW7AHM;IO81;6
MW7ARE;IO81;3
MW7BXN;IO81;13
MW7FGG;IO81;1
MW7FON;IO73;19
MW7FRN;IO81;1
MW7KDA;IO83;1
MW7OFS;IO72;3
MW7SIF;IO72;2
MW7TLS;IO82;1
MW7TTA;IO73;69
MW7WAD;IO82;605
MW7WAD;JN39;1
MW7XJQ;IO73;3
MW7XRE;IO81;57
MX0HFC;IO93;1
MX1COL;JO01;8
MY6TCV;LB07;1
MZ0ZVO/R;GO32;1
N05F;EM26;1
N05WQI;OJ76;1
N0AFU;DM59;6
N0AMY;EM57;30
N0AN;EN22;2
N0ASN;DM79;1
N0AT;EN34;4135
N0AT;EM34;1
N0AT;EN35;1
N0AT;EN43;1
N0ATR;EN34;1
N0AV;EN32;87
N0AX;EM48;29
N0AZ;EM28;23
N0BDS;EM48;111
N0BF;DN70;2
N0BTN;EM28;2
N0BTN;EN21;1
N0BZ;DM79;1
N0CD;DN70;35
N0CML;EM48;8
N0CQ;EN35;1
N0CVP;DM41;1
N0DCW;DN23;1
N0DF;EM37;1
N0DIM;EM84;1
N0DL;EN14;5
N0DOW;EN26;13
N0DPR;EM29;2
N0EDV;EM85;5
N0EFG;EN42;1
N0ES;EM37;4
N0EUV;FM08;98
N0FPH;EM70;2
N0FW;EM79;26
N0FX;DN70;1
N0FXC;EM29;1
N0FXQ;EM92;1
N0FYI;EM12;2
N0GGO;EN37;2
N0GJR;EM73;2
N0GJW;EN41;1
N0GOS;DN70;667
N0GRP;EM29;2
N0GTO;DM59;346
N0HFS;CN88;1
N0HKK;EM48;1
N0HRC;EN10;15
N0HYG;EM29;2
N0IA;DM79;1
N0IDX;DM41;2
N0IF;EM37;3
N0IGU;EN12;7
N0IGZ;EM27;2
N0IMJ;EN62;3
N0INF;EN14;1
N0IS;EM48;1
N0JAM;EL97;161
N0JCM;EM28;5
N0JJO;EM95;2
N0JL;FN31;30
N0JMK;DN84;1
N0JOL;EN35;10
N0JR;EN32;1
N0JRN;EM37;1
N0JT;EN11;1
N0JVP;EL96;1
N0JYZ;EN34;1
N0JZ;EM48;6
N0KEN;EN26;270
N0KK;EN35;42
N0KQ;DM79;230
N0KRE;DM33;393
N0KRE;DM43;216
N0KRQ;EN31;6
N0KU;EM28;1
N0KU;EM29;1
N0KV;DM79;2
N0KWA;EM50;2
N0LEA;DN70;1
N0LJ;EN70;1
N0LNK;EN10;3
N0LNO;EN42;25
N0LSD;FN02;1
N0LSR;EN62;93
N0M;EM28;3
N0MGB;DN30;2
N0MHL;EN12;9
N0MKT;DN70;13
N0MNY;FM19;2
N0MPN;EN16;1
N0MQL;EN35;1
N0MR;EN47;3
N0MRZ;EN41;2
N0NAC;DN84;2
N0NAJ;EM28;1
N0NAV;EM27;3
N0NEV;DM08;2
N0NIY;DN80;1
N0NM;EM09;133
N0NQD;EN35;4
N0NWY;DN97;37
N0ODK;EN35;83
N0OEP;FM17;142
N0OEP;FM11;1
N0OGS;EM89;2
N0OII;EN12;3
N0OK;EN35;1
N0OMF;DN90;2
N0OP;EM49;16
N0ORB;EN34;1
N0OTS;EM27;25
N0OUW;DN70;1
N0PCZ;DM79;2
N0PDG;EN36;2
N0PLB;EM47;1
N0POH;DM79;10
N0PQ;EN51;1
N0QDS;EN35;1
N0QL;EM48;1
N0QLT;EM27;1
N0QX;EL15;7
N0R;EM27;8
N0RC;EM29;6
N0RCJ;EM16;3
N0RHM;EN11;1
N0RPM;EN34;1
N0SBW;EN34;1
N0SKS;EN37;3
N0SL;EN42;2
N0SLJ;EM28;1
N0SMX;EL98;1
N0SR;DM79;9
N0SRF;DM67;32
N0STL;EN35;289
N0STP;EN34;1
N0TA;DN70;3617
N0TA;DM70;1
N0TK;DM79;41
N0TMH;EM29;1
N0TXW;EN34;43
N0TZL;DN80;1
N0UA;DM79;1
N0UBL;EM26;1434
N0UJT;EN11;211
N0UMF;EM39;80
N0UMP;EM28;2
N0UR;EN33;107
N0UX;DM89;57
N0V;EM28;1
N0VB;EL98;6
N0VF;EL87;1
N0VFJ;EL87;124
N0VFJ;FN31;4
N0VFJ;EN34;2
N0VMD;DN74;11
N0VRP;EM10;4
N0VT;EM47;466
N0VTY;EN40;31
N0VVH;DM41;1
N0VXY;EN41;18
N0VYE;EM49;3
N0WJE;DM65;1
N0WUS;DN13;3
N0WW;EM29;8
N0WZ;EM29;1
N0XOR;DM79;1
N0XRX;DM79;23
N0Y;EM19;23
N0Y;EM09;12
N0YEP;EN33;3
N0YFI;FN00;386
N0YH;EM26;3
N0YJJ;EN34;4
N0YNT;EN34;1
N0YY;EM96;178
N0ZIB;EM48;2
N0ZMO;FN42;1
N1AAM;FN42;28
N1AB;DM13;6
N1ACB;EM84;3
N1ACW;CN85;2
N1AH;FN31;2
N1AOA;FM29;5
N1API;FN31;1252
N1API;FM31;1
N1AQ;FN33;1
N1ARM;EN25;1
N1ATH;EM12;1
N1AUN;FN32;1
N1BAT;FM18;12
N1BIC;FM17;3
N1BJH;EM90;1
N1BRL;FN31;4
N1CDH;EN11;1
N1CEO;FN42;106
N1CLG;FN41;8
N1CMK;FN42;1
N1CNV;FN31;1
N1CNY;EL97;1
N1COW;FN42;2
N1DCH;FN42;1
N1DDH;FN42;2
N1DE;FN67;30
N1DID;FN31;4
N1DIQ;FN34;3
N1DJF;FN43;1
N1DM;FN42;19
N1DPM;FN32;1
N1DZ;FN41;1
N1DZJ;EL87;1
N1ECC;FN42;124
N1EDF;FN42;35
N1EEK;FN32;2
N1EK;FM19;4930
N1EK;FM18;406
N1EK;EM74;1
N1EN;FN31;354
N1EW;EM22;1
N1EXA;FN41;1
N1FCC;FN43;2
N1FD;FN42;1
N1FF;EM47;1
N1FFR;FN31;1
N1GB;FN44;237
N1GDD;FN42;324
N1GJ;FN41;2
N1GS;FN31;2
N1HMT;FN42;3
N1HN;FN54;3
N1HYP;FN57;4
N1IA;FM05;148
N1IA;EL96;3
N1IBM;FN33;237
N1IG;FM19;3
N1IWP;FN43;25
N1IX;FN42;1
N1IXE;FN41;2
N1JIE;FN32;1
N1JM;DM33;45
N1JOV;FN53;3
N1JY;FN31;189
N1KDO;EM74;8
N1KI;EM75;20
N1KKM;FN43;4
N1KT;FN31;1661
N1KWF;FN32;1
N1KWG;FN43;1
N1KX;FM06;42
N1LCE;EM84;2
N1LID;FM18;1
N1LLW;FN41;7
N1LWK;FN42;3
N1MGO;FN42;698
N1MGO;BL46;1
N1MHD;FN42;1
N1MIW;FN41;1
N1MJF;FN41;2
N1MRE;FN44;4
N1MRI;FN31;1
N1MVV;EL87;1
N1NAZ;FN42;157
N1NK;FN41;26
N1NRA;FN34;2
N1NRL;FN41;14
N1NRL;JO86;1
N1NRW;FN13;2
N1NYT;DN46;1
N1NZL;FM18;2
N1OMJ;FN32;5
N1PAU;FN41;9
N1PJT;FN42;1
N1PMA;EM95;1
N1PO;EL96;1
N1PP;CM89;1
N1PPP;CM89;3
N1PRA;FN41;643
N1PRA;IN99;1
N1PSX;FN41;2
N1PTN;FN32;1
N1QAE;FN31;1
N1QYB;FN31;1
N1RDN;FN41;16
N1RJK;FM29;2
N1RPH;FN44;1
N1RR;FN41;133
N1SFA;FN32;2
N1SFD;FN41;2
N1SFE;FN31;856
N1SK;FN33;7
N1SNB;FN42;464
N1SOH;FN42;824
N1SPS;FN41;1
N1SPW;DM13;1
N1SPX;EM49;374
N1SQH;FN42;1
N1TCH;FN42;2
N1TGE;FN31;39
N1TOR;FN42;1
N1TRK;FN34;9
N1TVL;FN31;1
N1UK;FM05;189
N1UL;EL95;12
N1UL/2;FN21;8
N1UL/2;EL95;3
N1UL/3;EL95;2
N1US;FM03;1
N1UT;FN42;1
N1UZ;FM03;786
N1UZ;FN31;238
N1UZ;FN32;1
N1UZ;FN42;1
N1VC;FN31;4
N1VF;CM97;1
N1VVH;FN53;2
N1VVV;FN43;39
N1WEN;FN42;1
N1WL;FN43;3
N1WR;FM17;1252
N1WR;FM11;1
N1WR;FN31;1
N1WRN;FN42;2
N1WW;FN32;768
N1WW;FN42;2
N1XX;FM18;6
N1YLN;FN31;2
N1ZAL;FM18;2
N1ZGA;FN32;2
N1ZTB;FN32;219
N2ACQ;FM07;17
N2ADC;FN30;9
N2AE;FN02;12
N2AEW;FN32;8
N2AIE;CM99;1
N2AIE;EN42;1
N2AJ;FN30;1
N2AJO;FN20;1
N2AVO;EL88;1
N2AVY;EM90;1
N2AXX;FN21;9
N2BEF;FN21;1
N2BJ;EN61;2131
N2BRG;EL87;1
N2BRJ;FM29;4
N2BTD;FN31;2
N2BTD;FN00;1
N2BTD;FN12;1
N2BTX;FN02;1
N2CB;EN75;2
N2CCG;EN82;4
N2CCG;EN72;2
N2CEC;FN20;2
N2CEP;FN20;114
N2CG;FN20;10
N2CJ;FN30;1
N2CJN;CM87;6
N2CR;FN20;1
N2CSA;FM28;2
N2CWV;FN21;17
N2CYY;FN21;1
N2DDX;FN20;1
N2DMI;FN30;4
N2DOM;FN20;1
N2DPF;EM12;5
N2DSW;FM29;2
N2EAB;FN31;1
N2EDU;EL95;22
N2EDU;EL89;1
N2EIK;FN21;2
N2EIM;FN20;2
N2ENM;FN02;3
N2EPE;FN13;1
N2FBQ;FN20;4
N2FBV;FN30;6
N2FHL;FM29;3
N2GDU;FN02;12
N2GOT;FN30;1
N2GTV;FN22;17
N2GWK;EM77;7
N2HC;CM96;1
N2HHG;FN20;4
N2HJU;FN12;3
N2HX;FN32;27
N2IDW;FM29;1
N2IEC;FM29;53
N2IEN;FN30;1
N2JF;EL96;1
N2JJ;FN33;223
N2JJ;FM33;1
N2JNR;DM04;3
N2JNU;FN31;2
N2JNZ;FN24;2
N2JT;EM22;4
N2JTQ;FN21;3
N2JU;FN20;1
N2JW;EL98;6
N2KEY;EL89;1
N2KHH;FN30;1
N2KI;FN21;10
N2KPJ;FN14;3
N2LEC;FN20;2
N2LEE;FM18;1
N2LK;FN20;6
N2LMU;FN56;1
N2LO;FN20;38
N2LQ;FN12;4
N2LVI;FM29;74
N2MAC;FN30;10
N2MDX;FM29;7
N2MEP;FN20;1
N2MGT;FN13;8
N2MJZ;EL99;1
N2MLP;EM47;1
N2MN;FN20;2
N2NC;FN20;135
N2NF;FM29;352
N2NFG;FN30;1
N2NL;EM50;364
N2NLQ;FM29;4
N2NQ;FM17;396
N2NRL;FN12;6
N2NRV;FN22;19
N2NT;FN20;43
N2NVP;EL88;6
N2NVY;EM85;3
N2NWK;FM19;12
N2NWK;FM18;8
N2OHH;FN31;2
N2OHP;EM60;7
N2OMU;FN22;2
N2OO;FM29;3
N2OPW;EN80;86
N2PAW;FM02;2
N2PC;DM78;4
N2PNY;FN21;3
N2PPI;FN30;4
N2QCP;FN30;2
N2QGV;EL98;1
N2QIN;EM12;1
N2QN;FN31;1
N2QT;FM07;129
N2QT;FM00;1
N2RC;FN21;55
N2RKK;FN02;5
N2RMO;FN12;2
N2RSC;EN34;6
N2SAB;FN31;9
N2SAW;EM37;4
N2SCJ;FM29;1
N2SG;EL98;1
N2SO;FN31;391
N2SQW;FN22;395
N2SRK;DM79;3
N2SS;FM29;3
N2T;FM18;2
N2T;FN30;1
N2TAO;EM83;1
N2TEO;FN20;1
N2TNN;FM17;2
N2TPA;EL88;8
N2TSQ;EN53;4
N2UJZ;EL87;4
N2UNL;FN34;4
N2US;FN20;149
N2UZK;EL98;2
N2VAJ;DM13;1
N2VJ;FN22;1
N2VJO;FN12;1
N2VOA;FN30;6
N2VOX;EM32;2
N2WK;FN03;853
N2WK;FM03;3
N2WK;JO22;1
N2XK;FN20;15
N2XPM;FN30;2
N2XW;FM29;439
N2YBB;FN30;85
N2YCH;FN31;9
N2YG;FN30;1
N2YNF;FN20;8
N2YU;FN20;3
N2YW;FN03;1
N2ZZ;EM93;9
N3AAA;EN90;1495
N3AAA;FK90;1
N3ADF;FM18;131
N3AIU;DM45;12
N3ALK;DM09;3
N3ALN;FM19;395
N3AML;FM19;337
N3ARB;FN03;6
N3ARB;FN13;3
N3ARB;FN02;2
N3AZ;EL09;8
N3BD;FM18;1
N3BEN;CM98;9
N3BKV;DM15;3
N3BMH;FM08;1
N3BNA;FN10;8
N3BUS;FM19;1
N3CAL;FM18;1
N3CAN;FN43;18
N3CH;FN10;1
N3CHX;FM06;100
N3CHX;FN20;66
N3CHX;EN52;1
N3CHX/4;FM06;3
N3CKI;FM03;2000
N3CKI;EL82;1
N3CLZ;FN42;3
N3CMI;DN74;2
N3COB;FM19;7
N3CZ;EM85;39
N3DF;EM79;7
N3DFF;FN20;2
N3DGE;FN20;4
N3DL;CN87;1
N3DL;FN22;1
N3DLM;FM28;2
N3DNA;FN20;64
N3DRK;FM29;1
N3DRX;FM19;2
N3DS/2;EN92;1
N3DT;FM08;1
N3DUE;FM19;890
N3DV;FN10;1
N3EA;EL96;2
N3EIG;EN91;270
N3EMC;FM19;2
N3EMZ;FN00;3
N3EQ;EN91;1
N3ETH;FM19;1
N3FAA;DM04;412
N3FAA;IN89;1
N3FB;EN90;7
N3FCP;FM29;2163
N3FCP;FN29;6
N3FCP;EM04;1
N3FE;FN11;1
N3FFA;DN04;1
N3FH;DM14;1
N3FM;FM19;102
N3FMC;FN20;6
N3FR;FN20;5
N3FX;FM19;11
N3FZ;FM19;574
N3GAR;FN20;6
N3GB;EL98;26
N3GCD;EN81;1
N3GE;FN10;1
N3GGT;FN21;1
N3GHO;EN90;2
N3GJB;FM29;1
N3GLZ;FM08;5
N3GO;FM05;5
N3GSD;FM29;7
N3GTG;FM17;4
N3GTY;FM05;142
N3GTY;FN10;59
N3GTY/QRP;FM07;1
N3HBV;EL87;1
N3HCN;EL99;3
N3HEE;EM84;199
N3HMD;FM29;1
N3HND;FM29;1484
N3HND;EM29;1
N3HON;FM19;4
N3HPX;FN20;1
N3HRO;FN00;262
N3HRO;FM19;1
N3HSH;DM26;1
N3HSK;FM28;1
N3HYB;FN20;1
N3ICK;EM60;60
N3IDX;FM18;2
N3IGO;FN21;3
N3IJA;FM19;2
N3ION;FM19;3
N3IQ;FM19;12
N3ITT;FN20;3
N3JAM;FN20;2
N3JD;EN91;12
N3JG;FM09;20
N3JHB;FN00;3
N3JIM;EN61;10
N3JJB;FM29;2
N3JNX;FN11;1
N3JON;FM19;3
N3JPV;FN11;1
N3JXB;FN20;2
N3KBF;FM19;5
N3KCR;FN10;278
N3KN;EM97;671
N3KRL;FM18;1
N3KUN;FM18;26
N3KUY;EN92;3
N3LAW;FN20;1
N3LD;FN12;2
N3LFC;FN00;7
N3LH;FM19;12
N3LMB;EL98;1
N3LSB;FM19;1
N3LUV;EN60;1
N3LVV;FM09;1
N3MAV;FN20;14
N3MBH;FM08;4
N3MN;FM07;1
N3MOW;FM03;1
N3MWQ;FM29;1199
N3NGE;FN20;9
N3NJ;FN20;3
N3NL;FM18;8
N3NMP;FM29;7
N3NQP;EN90;2
N3NTJ;FN10;2
N3NVA;FN20;59
N3NZ;FM29;35
N3OBY/MM;FN20;1
N3OIK;EN90;119
N3OP;FM16;1
N3OUC;FN20;3
N3OWM;EL96;1
N3PDV;CN87;1
N3PJA;EN90;1
N3PK;EM84;2
N3PKJ;EN91;4
N3PLM;FN20;5
N3PPH;FM18;4
N3PPH;EM47;1
N3PS;DM33;3
N3PV;EM94;1
N3QE;FM19;8705
N3QE;FM18;3
N3QE;EM19;1
N3QE;FM29;1
N3QXC;EN90;15
N3RA;EN90;22
N3RC;CM88;3
N3RD;FN20;87
N3RDV;EN90;249
N3RDV;CM98;1
N3RDV;FN20;1
N3RES;FM19;3
N3RF;FN00;5
N3RM;FN10;260
N3RM;FN19;1
N3RTW;FM18;320
N3RYB;FM19;9
N3SL;EN12;5
N3SRO;FN11;2
N3TBF;FM19;1
N3TEL;FM19;7
N3TEL;EM19;1
N3TJB;FM29;1
N3TKG;EN90;2
N3TNZ;FM19;1
N3TQM;FN10;2
N3TRF;FM09;3
N3TTT;FM29;351
N3TTT;FN54;2
N3UA;FM17;21
N3UBI;FM18;2
N3UGI;FN20;3
N3UL;FN21;2
N3UO;FN20;12
N3US;FM08;1
N3UTG;FN20;5
N3UYI;EN52;9
N3VA;FN00;7
N3VAN;FN20;3
N3VBN;FM19;1
N3VG;EL88;1
N3VJM;FN20;10
N3VO;FM19;1
N3WAS;FM29;1
N3WBS;FM28;1
N3WCC;FN42;1
N3WD;FM19;515
N3WD;FM18;1
N3WGM;EM96;2
N3WI;FM19;1
N3WTF;CN87;2
N3XH;FN21;2
N3XL;FM18;1012
N3XL;FM19;1
N3XLS;FN21;12
N3XUL;DM12;2
N3XX;EM73;3
N3YDN;FM29;1
N3YEA;EN90;2
N3YPI;FM19;1
N3YPL;EN90;4
N3YPL;FM19;1
N3YQG;FN10;327
N3YYZ;EM84;1
N3YZ;FM19;2
N3ZIP;EL96;3
N4AA;EM85;2
N4ABT;EM55;6
N4ACE;EM48;36
N4ACK;FM16;72
N4AER;EM85;3
N4AHI;EM73;3
N4AHX;EM96;2
N4AKI;EM78;3
N4AOE;EM93;12
N4AOE;EL96;1
N4APR;EM95;1
N4ART;EM77;3
N4ASF;FM27;1
N4ATJ;EM95;9
N4ATU;EM65;8
N4AU;EM62;356
N4AXN;EL88;1
N4AYV;FM19;24
N4BAK;FM03;1
N4BC;FM17;100
N4BDP;EM74;3
N4BGY;EM97;3
N4BIX;FN01;1
N4BJH;FM05;2
N4BM;EM66;2
N4BP;EL96;1185
N4BUA;EL87;1
N4BUT;EL98;2
N4CBS;EM61;3
N4CCJ;EM78;11
N4CE;FM06;4
N4CLY;EM95;5
N4CPT;EL98;2
N4CQ;EM96;1
N4CQR;EM77;6
N4CSV;EM65;79
N4CSV;EN80;2
N4CSV;EM47;1
N4DAB;EL99;1
N4DB;FM07;4
N4DE;EM96;4
N4DH;FM06;3
N4DJJ;EL96;1
N4DJT;EM65;1
N4DL;FM05;1
N4DRR;EM63;4
N4DW;EM86;2
N4DWD;EM86;28
N4EFS;EM94;2
N4EL;EM79;2613
N4ELC;EM74;4
N4ET;FM18;183
N4EXA;EL88;7
N4EXO;EM74;9
N4FA;EL96;1
N4FJB;EM63;7
N4FLB;EM62;5
N4FMO;EL98;4
N4FP;EL89;72
N4FUR;EL99;3141
N4FWD;EM73;333
N4GBK;FM16;14
N4GBK;EM47;1
N4GIL;FM14;2
N4GJ;EM55;21
N4GL;EL89;287
N4GNF;EM76;3
N4GU;FM05;180
N4GU;FM15;12
N4GV;EM64;10
N4GXX;EM60;122
N4HAC;FM08;9
N4HB;FM17;1
N4HCN;EL99;8
N4HER;EM96;274
N4HFE;EM64;2
N4HID;EM66;14
N4HP;FM04;1
N4HYK;EL87;2
N4IB;EM95;1
N4IBG;EL96;1
N4IBO;EM74;1
N4IDH;EM71;165
N4IE;EM95;1
N4IEE;EL97;1
N4IFD;EL95;1
N4IIT;EM73;10
N4IJ;EM95;177
N4IJK;FM07;4
N4ION;EM62;2
N4IP;EM73;3
N4IQ;EM84;5681
N4IQ;RR73;1
N4IQV;EM96;1
N4IRK;FM16;5
N4IW;FM07;2050
N4IW;EM13;1
N4JBB;EM95;6
N4JKO;EM67;41
N4JRP;EM95;329
N4JT;FM06;2
N4KEY;EM95;1
N4KGO;EM73;8
N4KHI;EL99;208
N4KIN;EL88;2
N4KJA;EL96;20
N4KJR;EM88;3
N4KNA;EM66;2
N4KTK;FM18;1
N4KXO;EL98;5
N4KZ;EM78;4
N4LAZ;EM95;2
N4LDF;EL95;2
N4LDR;FM08;4
N4LEQ;EM60;2
N4LJT/P;EN83;4
N4LKB;FM18;418
N4LKZ;EL96;5
N4LPD;EL79;34
N4LSJ;EM79;1
N4LSM;EM97;1
N4MA;EM60;11
N4MB;EL96;1
N4MC;FM18;3
N4MCC;EM65;315
N4MEO;EL96;2
N4MF;FM03;4
N4MGA;EM73;2
N4MIK;EM75;87
N4MM;FM09;91
N4MNK;EM96;1
N4MNW;EM73;197
N4MRD;EM90;4
N4MRM;EM78;347
N4MUH;EM90;257
N4NCK;FM06;1
N4NDR;EM64;2
N4NF;EL96;21
N4NF;EL95;9
N4NJJ;DM26;195
N4NM;EM64;3
N4NOT;EM64;1
N4NP;EM77;684
N4NP;EL93;1
N4NP;EM74;1
N4NQ;EM84;4
N4NQ;EL88;1
N4NQY;FM17;12
N4NR;EM64;3
N4NR;EM90;1
N4NTO;FM15;143
N4NTY;EL87;134
N4NUI;DN40;2
N4NYK;EM94;4
N4OGW;EM53;366
N4OJE;EM64;1
N4OME;EM81;1
N4OP;EM65;1
N4OPI;EM65;644
N4OQV;EM90;4
N4OSV;EM55;6
N4OTB;EM64;3
N4PAZ;EL95;13
N4PB;EL96;1
N4PCB;EM71;7
N4PDV;FM06;2
N4PHH;EM60;1
N4PJL;FM07;1
N4POD;EM75;4
N4PSE;EM85;4
N4PSK;EL97;65
N4PT;DM42;1
N4PX;EM55;1633
N4PX;EM35;1
N4PYI;EM66;1
N4QA;EM97;2
N4QEP;EM60;42
N4QM;FM06;2
N4QNT;EM96;3
N4QQ;FM29;77
N4QQ;FM19;2
N4QS;EM56;212
N4QWF;FM07;318
N4QWF;EM70;1
N4QXU;EM93;5
N4RE;FM05;1
N4RF;FM05;2
N4RHM;EM63;2
N4RIU;EL86;2
N4RJ;EM91;6
N4RLG;EM87;4
N4RO;FM05;1
N4RQO;ME73;3
N4RRR;EM55;144
N4RRW;EM56;6
N4RRW;FM56;1
N4RT;EM60;2
N4RTD;EL88;1
N4RTL;EL98;416
N4RWG;EM80;3
N4SAX;EM60;6
N4SB;EM66;6
N4SID;FM16;1
N4SMF;CN80;7
N4SO;EM50;45
N4ST;DM64;2
N4ST;EM47;1
N4SV;EN61;7
N4SVC;EM80;5753
N4SVC;EL99;1
N4SYB;EM61;1
N4TB;EL97;2
N4TBB;EM94;2
N4TBX;EM95;1
N4TDO;EL98;1
N4TFN;EM73;107
N4THC;EM15;272
N4THG;EM86;9
N4THW;EL96;1
N4TL;FM05;223
N4TLB;EM86;3
N4TP;EL88;2
N4TQ;FM06;8
N4TTE;EM76;1
N4TUR;EL96;2
N4TV;EM55;1
N4TVC;FM18;1
N4TZ;EN70;53
N4UCU;EM74;1
N4UN;EM63;1
N4UOZ;EM60;1
N4UP;FM07;27
N4UPX;EM50;9
N4USS;FM07;2
N4UVR;EM70;24
N4VDR;EM71;3
N4VFR;EM90;2
N4VG;EM74;5
N4VGW;FM07;11
N4VLK;EM74;1
N4VQJ;DM26;1
N4VSP;EM70;4
N4VUG;FM06;6
N4VV;EM86;1
N4VZ;FM04;309
N4WAE;EM93;2
N4WD;EM74;59
N4WE;EM64;46
N4WHK;EM95;5
N4WIL;FM08;2
N4WLL;EL99;1
N4WLO;EM50;3
N4WOT;EL98;1
N4WR;FM05;3
N4WRK;EM55;1
N4WRO;EM84;3
N4WUP;EM62;1
N4XHQ;EM63;1
N4XVI;EM85;1
N4XYZ;FM16;1
N4YCI;EM72;3
N4YDU;FM06;452
N4YED;EM86;1
N4YSA;FM08;11
N4YTM;EM94;2
N4YZ;EM95;11
N4ZJW;EM91;3
N4ZPK;EM95;4
N4ZR;FM19;1000
N4ZXZ;EL98;1
N4ZZ;EM66;71
N5AF;EM21;254
N5AGR;EM15;16
N5AHM;EM50;1
N5AMX;EM11;1
N5AO;EM20;1
N5AQ;EM15;7
N5AQM;DM43;7
N5AUA;EM25;2
N5BCA;EM12;2
N5BDJ;EM20;1
N5BFB;EM13;1
N5BGP;EM26;2
N5BGQ;EM12;13
N5BMD;EM30;46
N5BO;EM60;1
N5BY;EM42;1
N5BYL;EM13;3
N5CBP;EM80;1
N5CFI;DM65;2
N5CH;EM05;13
N5CHA;EM12;10
N5COP;DM84;1
N5CR;CN88;903
N5CR;EM12;1
N5CSG;EM13;17
N5CWA;EM10;28
N5DCH;DM64;202
N5DD;EM11;1
N5DG;EM20;2
N5DMR;EM12;4
N5DRW;EM15;10
N5DTT;EL29;269
N5DWG;EL09;1
N5EE;EM26;3
N5EKO;EM20;11
N5ER;EM34;500
N5ERX;EM50;1
N5EYT;EM79;10
N5EYT;EM82;1
N5FFN;EM34;10
N5FNP;EM12;2
N5FPW;EM85;37
N5FTE;EM20;1
N5FWB;EL29;5
N5GAH;DM82;1
N5GGT;EM32;1
N5GIT;EL09;5
N5GLD;EM15;1
N5GOK;EM10;1
N5HC;DM65;5
N5HC;FM06;1
N5HHS;EL29;12
N5HT;EM20;1
N5IF;EM11;22
N5III;FM19;2
N5ILQ;EM15;63
N5IMC;EL29;15
N5IMS;EM13;20
N5JAR;EM13;6
N5JBF;EM20;5
N5JDT;DM72;40
N5JED;EN91;6
N5JEY;EM73;2
N5JGE;EM21;412
N5JGE;FN20;1
N5JHR;EM34;3
N5JJH;EM32;5
N5JLQ;EM11;1
N5JO;EM10;2
N5JS;EM12;438
N5JST;EM15;1
N5JUD;EM25;1
N5KB;EN22;6
N5KKG;EM51;1
N5KO;CM97;658
N5KO;CM86;1
N5KUC;EM01;3
N5KWE;EL29;2
N5KXI;EM15;51
N5LDD;EM12;1
N5LFA;EM54;37
N5LL;EL09;29
N5LLC;EM13;2
N5LPR;EM26;2
N5LPT;EM20;74
N5LQ;CN87;5
N5LUC;EM23;7
N5LWL;EM12;4
N5LYJ;DN28;14
N5LYJ;EM15;13
N5LZB;CN87;5
N5MAW;EM12;2
N5MB;DM34;3
N5MB;EM55;1
N5ME;EM55;5
N5ME;EM71;1
N5MEG;EM30;13
N5MI;DM81;7
N5MOA;EM10;13
N5MON;EM50;12
N5MTJ;EM71;1
N5MU;EM10;3
N5NDC;EM22;3
N5NJB;EM25;3
N5OEQ;EL49;5
N5OF;EM12;28
N5OIQ;EL29;1
N5OSK;EM25;2
N5OT;EM16;380
N5PA;EM41;33
N5PB;EL88;2
N5PD;EM42;216
N5PT;EM15;219
N5PU;EM47;1
N5QS;EM45;2
N5QXP;EM20;5
N5QYC;EM36;6
N5QZ;EM35;3
N5RDM;EM12;1
N5RIV;EM20;2
N5RLD;EM13;145
N5RLM;EM30;2
N5RN;EM34;12
N5RP;EM57;6
N5RWT;DM75;16
N5RZ;EM00;356
N5SDH;EM32;2
N5SDR;EM10;5
N5SKT;EM12;11
N5SLY;EM13;256
N5SMQ;FM08;151
N5SSH;EL07;1
N5STQ;EL29;6
N5SWW;EM15;2
N5TAB;EL09;5
N5TJ;EM13;5
N5TJ;EM10;1
N5TJD;EM10;39
N5TLZ;DM79;2
N5TPD;EM40;9
N5TSG;EM35;1
N5TTT;EM10;6
N5TU;EM37;2
N5UG;EM16;15
N5UKZ;EM40;7
N5UM;EM15;631
N5UOY;EM13;1
N5USD;DL99;2
N5VAN;DN91;5
N5VCM;EL29;1
N5VFX;EM23;1
N5VIS;EM60;1
N5VJV;EM40;10
N5VJX;EM50;12
N5VSA;EM20;2
N5VU;EM32;147
N5VU;EM12;37
N5VWN;EN14;1
N5VX;FM14;197
N5WA;EM32;3
N5WAC;EM26;1
N5WJS;EM12;1
N5WLF/VE3;FN05;1
N5WNN;OK29;1
N5WOI;EM13;45
N5WRX;EL17;478
N5WSU;EL09;1
N5WTC;EM26;5
N5WTC;EM11;1
N5WW;EM12;1
N5WWY;EM40;18
N5WX;EM15;2
N5WXB;FM09;4
N5WXY;EM40;4
N5XE;EM14;1
N5XJ;EM10;1
N5XKG;EM63;2
N5XZ;EL29;5
N5YDX;EM12;6
N5YHF;EM10;37
N5YJZ;CM97;152
N5YPJ;DL99;2
N5YS;EM31;400
N5YT;EM51;2153
N5YY;EM50;2
N5YYF;DM65;4
N5YZA;EM15;1
N5ZC;DM95;1
N5ZM;EM34;1
N5ZSO;DM91;3
N5ZY;EM15;439
N6AAP;DM13;1
N6ACA;CM97;122
N6AD;CM88;6
N6AJR;DM14;62
N6AKO;DM04;411
N6ALO;DM04;4
N6AR;EL98;4143
N6ARY;DM12;1
N6CFC;DM04;5
N6CIC;CM97;1
N6CK;CM87;2
N6COP;CM95;2
N6CST;EM15;1
N6DAT;DN70;2
N6DEC;DM04;5
N6DF;CM87;31
N6DHU;EM56;2
N6DL;DM06;1
N6DLC;DM25;8
N6DN;CN94;2
N6DN;FN22;1
N6DQ;CM87;60
N6DSC;DM13;8
N6DSC;FN03;1
N6DVR;DM07;2
N6DW;FM07;683
N6EB;EM15;7
N6EE;FN22;884
N6EE;FN64;211
N6EE;CJ72;1
N6EE;FN31;1
N6FB;FN20;1
N6FLY;DM13;2
N6FPV;CN70;5
N6GEE;CM88;1
N6GEO;CM98;919
N6GKB;DM14;3
N6GMT;DM13;1
N6GP;DM13;120
N6GRM;CM87;2
N6HC;DM13;16
N6HE;DM03;12
N6HEK;DM14;277
N6HEW;DM65;3
N6HGL;DM04;2
N6HI;DM43;94
N6IC;DM04;503
N6IC;EN10;1
N6IE;CM88;57
N6IQY;CM99;57
N6JBW;DM13;4
N6JOJ;DM12;1
N6JSO;CM87;94
N6JY;DM13;1
N6JZ;DM04;2
N6KD;CM98;2
N6KHO;CN84;1
N6KKM;DM14;3
N6KOG;CM97;2
N6KOG;DM13;1
N6KTH;DM04;6
N6KTO;CM96;1
N6KVY;DM12;2
N6LKA;DM13;2
N6LKA;DM14;2
N6LTU;DM09;1
N6MA;DM45;392
N6MA;EM65;1
N6MEJ;FM19;3
N6MFT;CM97;7
N6MG;DM13;285
N6ML;CM97;2
N6MYY;DM26;4
N6NEV;CM87;1
N6NEZ;CM97;2
N6NFB;CM98;882
N6NG;CM87;106
N6NKT;CM97;1
N6NRO;CM94;4
N6NXV;CM87;3
N6OIM;CM98;24
N6OIX;DM42;10
N6OKU;DM13;5
N6OPE;EM28;17
N6OPR;DM43;2
N6OVP;CM87;2
N6PAA;CM98;2
N6PAT;FN13;2
N6PAW;CM88;2
N6PCD;DM14;4
N6PDB;CM87;2
N6PE;DM13;51
N6PE;DM05;1
N6PE;EN44;1
N6PF;CM87;5
N6PM;DM13;7
N6PSE;CM97;3
N6QQ;DM03;202
N6RAM;EL29;5
N6REK;DM04;76
N6RFM/5;FN41;1
N6RH;EM21;15
N6RO;CM97;5
N6RO;CM87;4
N6RPR;DM13;3
N6RQU;DM26;4
N6RV;DM03;1
N6RVI;DM12;7
N6RW;DM34;1
N6RZR;CN80;90
N6RZR;CN71;1
N6SBN;CM96;3
N6SI;CM88;1
N6SJ;CM87;213
N6SPP;CM98;9
N6SPP;CN87;1
N6SS;DM34;2
N6SUB;EM92;3
N6TA;CN72;4
N6TCE;CM97;6
N6TE;DM12;2
N6TEB;DM03;1
N6THC;CM95;1
N6THC;CN95;1
N6UNH;DM13;1
N6UTC;DM03;20
N6VD;CN80;1
N6VF;EM79;1
N6VH;DM12;1286
N6VNI;DM13;5
N6VV;CM87;16
N6WDC;CM97;2
N6WHV;DM79;36
N6WIP;CM99;4
N6WJM;FM06;2
N6WK;DM04;1
N6WLF;CM97;2
N6WLM;CM98;58
N6WM;CM97;27
N6WOR;DM03;3
N6WS;CM95;187
N6WS;CM94;1
N6WZQ;CN94;7
N6XDX;DM13;2
N6XI;CM87;510
N6XOR;EM60;9
N6XVZ;EM13;1
N6XXN;CM95;1
N6YFM;DM03;86
N6YJ;CM88;37
N6YQ;DM14;1
N6YYZ;CM97;15
N6ZFO;CM89;1646
N6ZFO;DM05;1
N7AGP;DN47;8
N7AME;CN87;1
N7AY;DN13;4
N7BBU;CN85;3
N7BD;EM36;1
N7BDR;DN30;1
N7BES;DN00;5
N7BLN;DM43;10
N7BPT;CN85;1
N7BRR;CN87;1
N7BT;CN88;850
N7BTH;DM26;2
N7BTH;DM25;1
N7BUZ;DM09;1
N7BV;CN88;51
N7BYP;CN87;1
N7CKJ;DN17;493
N7CKJ;DN18;2
N7CMJ;DN28;4
N7CMP;CN84;9
N7CS;CN88;2
N7CTB;CN85;138
N7CWR;CN96;1
N7DB;CN85;301
N7DBI;DN35;1
N7DBS;DM26;10
N7DED;CN88;139
N7DGK;CN88;1
N7DK;DM43;5
N7DLI;CN85;1
N7DSX;DM43;1
N7DV;DN13;5
N7DVM;CN82;1
N7DWV;CN87;4
N7DWW;DN40;478
N7DZI;DM33;1
N7EAL;DM04;2
N7EAT;CN84;1
N7EH;DM42;2
N7EHL;DM41;1
N7EJB;CN88;4
N7EKB;CN86;2
N7ELL;DM43;1
N7EP;CN87;1
N7EPD;CN87;231
N7EPD;CN97;1
N7ERS;DM33;1
N7ESU;DN17;1522
N7ESU;EN17;1
N7EW;CN87;1
N7EZQ;DN14;4
N7FJC;CN85;1
N7FN;DM33;12
N7FNA;CN85;2
N7FQB;DN13;3
N7FVQ;DM43;49
N7GCO;DN17;1135
N7GDW;CN87;3
N7GEA;DM26;3
N7GHZ;DM42;885
N7GLF;DM26;5
N7GP;DM42;721
N7GRB;EM74;5
N7GWR;DM26;2
N7GYL;CN73;458
N7GZS;CN87;1
N7HEQ;DM26;1
N7HHI;EM37;1
N7HPX;DN13;1
N7HRR;DN26;75
N7HYV;DM16;4
N7IFG;DN24;1
N7IHB;DN31;17
N7IL;CM98;4
N7ILO;DM65;4
N7IVV;FM18;296
N7IVV;EM18;1
N7IVV;EN90;1
N7IW;CN85;71
N7IY;CN84;10
N7JB;CN85;35
N7JFF;DN46;1
N7JI;CN84;123
N7JMV;CN87;7
N7JO;DN17;11
N7JRR;EN91;1
N7JSX;DN31;3
N7JVJ;CN87;249
N7JZU;DN30;10
N7KB;DM43;1
N7KDL;DM43;2
N7KDT;EM64;18
N7KON;DN16;3
N7KPN;CN85;1
N7KRN;CN88;6
N7KSC;DN17;1
N7LAN;CN84;1
N7LD;DM26;10
N7LEM;DM78;1
N7LFX;CN82;1
N7LL;DN17;10
N7LRA;CN87;3
N7LRA;DN40;1
N7MDB;CN85;2
N7MDW;EM75;16
N7MJ;DN71;15
N7MKY;DN13;1
N7ML;DN46;1
N7MLR;EL09;1
N7MM;CN87;1
N7MMC;DM34;1
N7MYW;CN85;3
N7NAU;DM33;1
N7NBS;EM48;2
N7ND;DM79;1
N7NEI;CN97;2
N7NEV;DM43;2
N7NF;EM66;3
N7NHS;DN36;2
N7NIA;CN87;1
N7NM;CN87;1737
N7NM;CM98;1
N7NMC;CN73;6
N7NR;DM13;218
N7NR;DM52;24
N7OKD;DM26;2
N7ON;BK29;1
N7OR;CN85;22
N7OR;EN85;1
N7PEL;CN87;2
N7PH;CN87;1
N7PHY;CN87;10
N7PIB;CM88;6
N7PIQ;CN88;1
N7PMS;DN28;758
N7PMS;DM28;1
N7PNT;DM34;3
N7PWZ;DM33;466
N7QLK;EL89;2
N7QLK;EL39;1
N7QT;CN87;11
N7QU;EM14;20
N7QWT;DN31;5
N7RCF;CN74;1
N7RDJ;DM43;7
N7REB;CN74;2
N7RF;EL09;12
N7RI;DN71;2
N7RLG;CN85;2
N7RTH;DM33;5
N7RTH;DM43;3
N7RXL;DN40;2
N7SCM;EM89;1
N7SCT;DN50;2
N7SE;DM68;23
N7SKV;DM33;4
N7SLD;DM33;1
N7SMD;DM35;1
N7SZY;DN17;1
N7TBR;DN13;3
N7TCO;CN95;1
N7TGX;CN87;4
N7TK;CN87;1
N7TM;CN87;17
N7TM;DN27;1
N7TND;DM26;2
N7TTA;DM42;12
N7UB;DM09;2
N7UCN;CN87;1
N7UFO;EM45;1
N7UIC;EL09;2
N7UJJ;DM43;134
N7ULA;DM33;5
N7UM;CN82;1
N7UM;DM13;1
N7UO;EN42;2
N7UO;EN60;1
N7URH;CN87;4
N7UT;DN40;1
N7UVH;DN17;4597
N7VAP;DN17;1
N7VBN;DM33;1
N7VGO;CN87;962
N7VM;DM13;180
N7VR;DN55;1
N7VZ;DN70;1
N7WB;DM51;1
N7WEJ;EM47;1
N7WEJ;EM93;1
N7WFK;EM15;777
N7WFK;CN88;1
N7WRO;EM26;1
N7WS;DM42;1
N7WU;DM43;22
N7WWA;EM88;1
N7XAK;DM34;3
N7XCF;DN17;1
N7XCZ;DM09;1
N7XCZ;DN53;1
N7XR;CN88;26
N7XS;CN88;9
N7XX;FN21;1
N7YAE;CN85;3
N7YD;CN87;617
N7YIQ;DM45;9
N7YMW;DM12;2
N7YTF;DN41;1
N7ZJZ;DM33;9
N7ZLA;DM43;2
N7ZZ;EN64;2928
N7ZZE;CN85;46
N8ADO;EM79;1
N8AID;FM07;102
N8AM;EN81;7
N8ATE;EM79;1
N8AWB;EM88;2
N8AWW;EN82;4
N8BB;EN72;6
N8BB;FM34;1
N8BIF;DM79;2
N8BJQ;EN80;422
N8BNE;EN72;1
N8BOP;EN83;10
N8BV;EM79;3
N8BW;EN72;17
N8CAD;FM15;1
N8CDY;EN90;7
N8CHR;EN90;1
N8CIJ;EN80;17
N8CKU;EM74;2
N8COO;EN80;1
N8CQD;FM15;52
N8CWU;EM89;365
N8DAW;EM79;2
N8DC;EN72;4
N8DGD;EN72;15
N8DMH;EN74;1
N8DNY;EN71;2
N8DNZ;EM50;5
N8DOD;EN91;3
N8DP;EN65;3
N8DUQ;EN91;3
N8DVE;EM79;45
N8DX;EM79;2
N8DXE;EN91;10
N8DZR;EN73;4
N8DZR;EN37;1
N8EGZ;EN91;1
N8EHW;EN81;1
N8EM;EN83;1
N8EMA;EL88;2
N8ERL;EN73;32
N8ERV;EN83;9
N8ESP;EN80;4
N8ET;EN80;1
N8EUI;EN73;195
N8EYF/QRP;EL96;1
N8FMD;EM99;9
N8FRI;EN81;2
N8FRJ;EN91;1
N8FT;EN91;2
N8FTJ;EN90;3
N8GK;EM97;3
N8GLM;EN91;6
N8GMY;EN63;2
N8GMZ;EN63;7
N8GS;EN73;30
N8GU;EN80;191
N8GU;EN62;84
N8GU;EL96;4
N8HAM;EN82;14
N8HMG;EN91;188
N8HMG;EN92;1
N8HRZ;EN91;5911
N8HRZ;EM91;1
N8HRZ;EN80;1
N8HS;EN82;2
N8IBW;EM89;1
N8IBZ;EM99;1
N8IDA;EM79;1
N8IF;EL98;1
N8IH;EM50;1
N8IK;FM18;1302
N8IK;EM18;1
N8IPS;EL87;1
N8IW;EN80;48
N8JEN;EM88;3
N8JK;EM79;5
N8JSN;EN72;5
N8JT;EN82;1
N8KOM;EN82;3
N8KSG;EM96;2
N8KUH;EN82;1
N8KWC;EN57;3
N8LES;EN70;6
N8LGP;EN91;9
N8LI;FN41;1
N8LPQ;EN81;15
N8LPZ;EM99;1
N8LRL;EN82;3
N8MAM;EN63;1
N8MEB;EN82;1
N8MG;EN82;5
N8MME;EN83;37
N8MME;EM83;1
N8MR;EN82;1
N8MRB;EM88;3
N8MSV;FN00;2
N8MZN;EN70;1
N8NAV;EN66;1
N8NBE;EL88;1
N8NCL;EN81;2
N8NEU;FN00;1
N8NH;EN91;1
N8NJH;EN81;1
N8NN;EL98;6
N8NPA;EN62;1
N8NVI;EN91;13
N8NZM;FM08;14
N8OA;EM79;2
N8OBX;EN81;44
N8OC;EN83;1
N8OFP;EN90;6
N8OH;EN90;2
N8OL;EN62;2
N8OO;EM31;1704
N8OQ;FM07;24
N8OYY;EM99;8
N8PES;EM79;1
N8PFK;EN74;40
N8PFK;EN47;1
N8PPZ;EM93;2
N8PS;FM17;1
N8PUM;EN66;3
N8PWM;EN82;4
N8PWM;EN74;1
N8PWY;EN76;1
N8PZD;EN91;1
N8QAR;EM55;1
N8QBC;EN91;2
N8QF;EM79;4
N8QGW;EN72;2
N8QHT;EN80;2
N8QNT;EN91;383
N8QQS;EN82;1
N8RAF;EN90;4
N8RBO;EM20;4
N8RGA;EN72;98
N8RIG;EM97;5
N8RJP;EN66;1
N8RJP;EN72;1
N8ROM;EN72;3
N8RR;EM98;1
N8RTN;EN81;2
N8RY;EN66;14
N8SBE;EN75;39
N8SBE;EN82;1
N8SLT;EM99;1
N8SQT;CN85;5
N8TCP;EN91;597
N8TFD;EM79;11
N8TL;EN81;2
N8TMG;EN73;3
N8UC;EN72;5
N8UI;EN82;1
N8UL;EN74;3
N8URE;FM19;302
N8URE;EN91;98
N8URE;EM78;1
N8UVI;EN73;1
N8UW;EM79;1
N8UW;EN91;1
N8VFR;EM97;3
N8VNR;FM06;1
N8VQG;EM78;3
N8VW;EN80;985
N8VYD;EM79;7
N8WCP;EN91;1
N8WGE;EN91;6
N8WH;EM79;5
N8WJR;EN91;1
N8WL;EN80;34
N8WNA;EN82;2
N8XDG;EL86;5
N8XHF;FM16;303
N8XM;EN70;31
N8XQA;EN91;1
N8XSF;EN81;3
N8YAJ;EN82;1
N8YE;EN63;1
N8YME;EN63;418
N8YME;FM08;1
N8YME;FN63;1
N8ZVT;EN75;3
N9AAA;EN52;15
N9AC;EN52;1
N9ADG;CN87;22
N9AEP;EN52;2
N9AGC;EN91;5
N9AJD;EN71;131
N9AKR;EN61;1
N9AMI;DM19;1
N9APL;DM79;1
N9ARX;EN11;22
N9ATF;EN40;10
N9ATV;FM06;2
N9AVC;EM69;1
N9AWU;EM69;2
N9BD;CM99;844
N9BD;CN99;1
N9BPE;EM59;1
N9BQA;EM38;1
N9BSW;EM69;1
N9BT;EN62;13
N9BUB;EM68;6
N9CBS;EN52;7
N9CI;EN41;1
N9CIQ;EN44;56
N9CQG;EN42;3
N9CVB;DM42;24
N9CX;EN80;6
N9DBJ;EM69;2
N9DLB;EN52;3
N9DU;EN54;1
N9DWH;EN71;15
N9ECY;EM68;9
N9EDK;DM79;5
N9EDL;EN71;1
N9EGM;EM48;7
N9EP;EN52;1229
N9EQ;EN82;1
N9EWB;EM79;5
N9EXL;EM59;4
N9EZF;EN53;3
N9FME;EM59;3
N9FN;EN60;10
N9FOD;EM64;1
N9FWC;EM69;1
N9FXR;EN61;18
N9GBI;EN63;1
N9GFV;EN61;11
N9GLE;EN51;2
N9GLT;EN65;1
N9GQA;EM50;262
N9GUE;EN50;5
N9HOV;EM78;3
N9HQ;EN51;2
N9HQC;EM92;1
N9HSJ;EN51;8
N9HUG;EL98;1
N9IAT;EN54;1
N9IBM;EN51;7
N9ID;EN61;2
N9IGD;EN52;1
N9IS;EM69;2
N9ITB;EN61;10
N9IVQ;EN61;2
N9JAF;EN51;13
N9JF;DN41;3
N9JF;EM49;2
N9JKP;EN52;3
N9JR;EN63;8
N9JUA;EM58;2
N9JVA;EN51;627
N9JVA;PN74;1
N9JW;EN54;1
N9JYJ;EM16;233
N9KBV;EM30;9
N9KFW;EM58;2
N9KO;EN61;5
N9KR;EM79;4
N9KT;EM69;27
N9KYC;EM69;3
N9KZW;EN62;5
N9LAA;EM69;1
N9LF;EN60;164
N9LFF;DM04;43
N9LJX;EN60;1
N9LQF;EM59;1
N9LV;EN61;1
N9MC;EM80;4
N9MDS;FM05;2
N9MIH;EN60;2
N9MKC;EN71;41
N9MR;EN71;3
N9MT;EN71;13
N9MWB;EN52;2
N9MWB;DM79;1
N9NA;DM33;156
N9NAP;EM68;1
N9NCT;EN54;1
N9NTC;EN52;106
N9OJC;EN60;3
N9OK;EN52;404
N9OK;EM79;1
N9OK;FM19;1
N9OLC;EN70;2
N9OMD;EM48;2
N9OQC;EN60;2
N9OU;EL87;132
N9OY;EN43;17
N9PA;EN61;11
N9PBJ;EL09;20
N9PGG;FM05;11
N9PIA;EN50;1
N9PJM;EM68;56
N9PKL;EN70;9
N9PWM;EN71;4
N9PWW;EM68;1
N9QIW;EN61;2
N9QJ;EN71;2
N9RC;EM79;2
N9RD;EN61;1
N9REG;EN61;5
N9RES;EN52;5
N9RFJ;EM68;3
N9RNT;EN61;3
N9RPU;EN53;1
N9RVB;EN71;4
N9SB;EN40;1
N9SC;FN32;1
N9SD;EN52;1
N9SES;EN61;6
N9SSA;EN62;2
N9SU;EN62;1
N9SW;EN51;15
N9TBD;EN51;1
N9TCA;EN51;567
N9TF;EM66;1231
N9TF;EN52;18
N9TK;EN61;18
N9TNT;EN71;8
N9TNY;EN51;7
N9UA;EN54;158
N9UDO;EN53;778
N9UKE;EN71;1
N9UO;EL87;1
N9UQ;EM59;6
N9UUR;EN63;2
N9VD;EN51;3
N9VL;EM79;1
N9VO;EM79;2
N9VPV;EN40;58
N9VV;EN51;20
N9VVO;EN61;1
N9VZL;EN70;12
N9WG;EM69;562
N9WQP;EM69;50
N9WRP;EN61;3
N9WVD;EN54;3
N9XAQ;EM52;1
N9XB;EN60;2
N9XHN;EN50;11
N9XX;EN52;332
N9YB;EN61;2
N9YBK;EN61;2
N9YIM;EN61;2
N9YLE;EN55;6
N9YUE;EN61;1
N9YXR;EN61;4
N9YZG;EN61;3
N9ZSY;EN61;2
N9ZTC;EL29;7
N9ZTC/PY4;GH51;1
NA0A;DN70;81
NA1KW;EM49;271
NA1KW;EM48;15
NA2B;EL87;3
NA2F;FN34;2
NA2F;EM69;1
NA2NY;FN33;606
NA2R;FM29;3
NA2U;DM52;3
NA3M;FM19;8614
NA3M;FM10;1
NA3M;FN00;1
NA3M;JN56;1
NA3N;FM19;1
NA3P;FM08;1
NA3R;FN00;1
NA3RW;FM19;1
NA4C;EM65;20
NA4DA;EL89;896
NA4DA;FN13;1
NA4I;EM82;4
NA4M;EM10;1
NA4M;FM19;1
NA4MM;EM62;51
NA4ST;EM63;1
NA4VY;FM06;1
NA4X;EM85;8
NA5AA;EM12;2
NA5C;EL06;5
NA5CW;EM20;2
NA5J;EL06;6
NA5M;EM12;4026
NA5M;EM11;1632
NA5M;EL12;1
NA5M;FN20;1
NA5M;JN45;1
NA5M;PM95;1
NA5NM;DM62;2
NA5NN;EM50;7493
NA5NN;EM35;2
NA5NN;EM51;2
NA5NN;EM65;1
NA5NN;EN50;1
NA5NN;FN42;1
NA5NN;JO32;1
NA5SM;EM12;1
NA5X;EM11;2
NA6JD;CN88;27
NA6MB;DM13;8
NA6MG;DM04;25
NA6O;CM97;83
NA6Y;EL97;16
NA6Y;EM13;16
NA6Y;FN13;2
NA7C;DN40;4
NA7KR;CN84;13
NA7L;FN20;435
NA7L;FN10;1
NA7P;CN88;1
NA7RG;DM43;2
NA7RH;DM43;3
NA8A;EN91;1
NA8B;EN63;3
NA8N;EN90;31
NA8W;EN80;176
NA8W;EL83;1
NA9D;EN52;1
NA9ESU;ME77;1
NA9I;FM05;2
NA9I;EN51;1
NA9L;EM69;1
NA9RB;EN40;176
NA9Y;EL88;1
NB0V;EN34;191
NB1T;FN54;9
NB1U;EL96;1
NB2P;FN20;1509
NB2P;EL96;43
NB2P;AA00;2
NB3P;EL86;19
NB3R;FN20;720
NB3R;FN31;11
NB3R;FN11;1
NB4F;EM73;1
NB5G;EM32;1
NB6Q;CM97;551
NB6Q;CM87;1
NB6QSH;JH72;1
NB7B;DN31;368
NB7O;DN05;2
NC0N;EN32;3
NC0U;FM18;112
NC1A;FN20;22
NC1CC;FN41;156
NC1CC;CM89;1
NC1D;EN24;4
NC1RL;FN44;6
NC1RVU;HM86;1
NC2N;EM85;1
NC2Y;EL96;1
NC2Y;FN30;1
NC3O;FN10;147
NC4AB;EM95;2
NC4CC;EL87;2
NC4EB;EM95;2
NC4MI;EM85;3
NC4OM;FM15;1
NC4RY;FM05;316
NC4SW;FM05;278
NC4TS;FM05;6
NC4VA;FM05;1
NC4X;EM12;44
NC6D;CM87;437
NC6J;CM98;50
NC6K;DM13;26
NC6R;CM98;1
NC6RJ;CM99;317
NC6V;DM13;772
NC6W;DM14;1
NC7B;DM43;1
NC7I;DN40;5
NC7K;DM33;81
NC7L;DM33;8
NC7U;CN87;3
NC8I;EL97;1
NC8TM;FM14;4
NC9W;EM77;2
ND0TS;EN06;2
ND1L;FN41;3
ND1X;FN31;12
ND2K;FN20;206
ND2T;CM87;396
ND2T;CM97;3
ND3H;EM47;1
ND3L;FN00;3
ND3N;EM89;1369
ND4G;EL98;1200
ND4G;EL89;290
ND4L;FM05;133
ND4Q;EM64;17
ND4V;EM73;2
ND4X;EM57;20
ND6H;CM97;5
ND6H;DM20;2
ND6M;EM55;1
ND7C;EM36;13
ND7C;EM47;1
ND7M;DM16;7
ND8G;EM77;2
ND9G;EN52;87
ND9M;EM70;35
NE0A;EM29;1
NE0CQ;EN11;1
NE0DA;DM78;382
NE0DA;EL89;1
NE0NS;EN62;31
NE1B;FN42;454
NE1B;EN64;1
NE1D;FN32;2
NE1I;FN42;1
NE1RD;FN42;81
NE1Y;FN41;645
NE2I;FM19;3
NE3F;FN10;491
NE4EA;FM03;110
NE4J;FM15;6
NE4S;EM74;10
NE4W;EM96;3
NE5A;EM15;2
NE5B;EM10;7
NE5C;EM20;1
NE5DX;EM10;1
NE5IL;EM13;155
NE5RO;EM13;5
NE6CG;EL87;1
NE6I;DM12;309
NE7DX;DM54;4
NE7G;DM16;1
NE7X/P;DM54;6
NE8O;EN83;12
NE8S;EM17;1
NE8Z;EN82;7
NE9O;EM60;1
NE9U;EN44;7
NF0G;EN34;4
NF0N;EN12;497
NF0T;EN32;1
NF1T;EL87;561
NF2L;FN13;2
NF3R;FN20;8970
NF3R;FM19;1
NF3R;FN30;1
NF3R;IL18;1
NF3R;IN50;1
NF4A;EM70;277
NF4NEB;BI36;1
NF5KF;EL96;5
NF5R;EM02;2
NF6S;CM97;1
NF7D;EM63;23
NF7E;DM45;270
NF7E;DM43;1
NF8H;EM34;2
NF9U;EM68;4
NG0E;EN23;11
NG1H;EL06;2
NG2A;EL96;1
NG2G;CN88;17
NG2O;FM29;17
NG3D;FM19;30
NG3X;EM86;1
NG3Y;FM19;3
NG4C;FM16;407
NG4C;DM37;1
NG4C;EL97;1
NG4F;EM88;7
NG4W;FM17;1
NG7E;DM43;1
NG7M;DN31;1628
NG7N;CN87;1
NH2A;FM17;229
NH6AY;CN87;3
NH6D;BL01;12
NH6EV;BL10;4
NH6G;CM98;2
NH6JC;BL02;16
NH6JC;BL01;3
NH6L;EM20;11
NH6O;BL11;78
NH6PK;EM50;1
NH6RF;BL01;11
NH6SP;BK29;2
NH6T;EM63;331
NH6WD;BL01;8
NH6Y;BL10;724
NH7IT;BL11;3
NH7QH;BL11;7
NH7U;BL10;103
NI0B;EN11;9
NI0E;EM28;12
NI0P;DN70;1
NI2E;FM29;5
NI2E;FM28;4
NI2F;FN20;3
NI2Q;FN20;1
NI3K;EN90;25
NI3V;FM19;2
NI4L;EM96;4
NI4L;EM95;1
NI4TG;EM96;36
NI4Y;EM72;126
NI5EE;EM00;3
NI6BB;DM03;7
NI6D;CM87;6
NI8F;EM89;1
NI8T;EM79;1
NI9D;EM28;1
NI9D;FM19;1
NJ0EL;DN70;1
NJ1F;FN33;21
NJ1H;FN42;36
NJ1T;FN32;7
NJ2F;EL96;64
NJ2J;EM60;1
NJ2X;CM96;1
NJ3E;FM28;1
NJ3T;FM09;2
NJ5T;EM11;71
NJ6W;CM97;75
NJ7G;DM43;56
NJ8G;DM33;561
NJ8J;EM73;1
NJ9D;EM69;1
NJ9U;EM78;1
NK0G;DM58;2
NK0S;FM14;86
NK0V;EN14;12
NK0Y;EM37;1
NK0Z;EM18;3
NK1I;FN43;26
NK1T;FN31;1
NK3L;CM97;12
NK3L;CN87;1
NK3V;EM64;1
NK4I;EM85;1
NK4L;EL95;15
NK4O;EL95;3
NK4R;DM79;2
NK5G;EM20;2
NK5O;EM13;59
NK6A;DM04;56
NK7C;DM38;3
NK7I;DN18;1
NK7Z;CN84;51
NK8O;EM28;102
NK9B;EL29;1
NK9I;DM33;6
NK9N;EM85;1
NK9O;EN63;3
NL4ESQ;EQ95;1
NL7B;BO49;2
NL7B;BP64;1
NL7D;DM42;45
NL7R;BP51;126
NL7S;BP51;5
NL7XT;EM68;6
NL8F;AO63;721
NM0U;EM37;1
NM1G;FN41;713
NM1G;EM12;1
NM2V;EL98;3
NM3B;FN01;16
NM4O;FM04;106
NM4SH;FM17;3
NM5TD;DM65;1
NM5WB;DM65;3
NM5Z;EM41;102
NM6G;DM07;6
NM7C;CN85;2
NM7H;EN21;4
NM8O;EN80;6
NM9X;EN50;1
NN0F;EN32;4
NN1D;FN44;13
NN1D;FN41;2
NN2DX;FN31;1
NN2DX;FN64;1
NN2T;EM90;188
NN2T;EL99;1
NN3RP;FM18;1
NN4DX;EM83;272
NN4EE;EM83;37
NN4H;EM76;4
NN4JJ;DM26;1
NN4NT;EM64;225
NN4Q;FM05;1
NN4RB;FM07;1862
NN4SA;EM64;100
NN4SS;EM94;494
NN4SS;EM93;2
NN5E;EM12;596
NN5EE;EM84;1
NN5O;EM54;929
NN5O;FM18;1
NN5SD;DN84;2
NN5SS;EM55;2139
NN5T;EM12;4933
NN5T;EN12;1
NN5U;EM54;1
NN6B;CM88;1
NN6NN;CM97;978
NN6NN;CM95;1
NN6U;CM87;500
NN6XX;CM87;400
NN7O;DM07;395
NN7RM;DN40;5
NN7SS;CN87;530
NN8B;EN90;8
NN8L;EN63;14
NN8M;EM79;2
NN9DD;EM73;165
NN9T;EN61;60
NN9X;EN71;2
NO0B;EN41;3
NO0T;DM79;1
NO0X;EN16;2
NO1ZE;EM78;3
NO3M;EN91;342
NO3O;FM19;1
NO3U;EN90;7
NO4D;EM84;1
NO4J;EM90;1
NO4ON;EM60;2
NO5F;EM26;1396
NO5I;EM26;1
NO5IG;FN32;2
NO5V;EL15;1
NO7BS;DM26;17
NO7G;DN58;1
NO7GX;EL98;159
NO8D;EN91;2
NO8R;EM47;1
NO9J;EN41;1
NOEUV;FM08;1
NP2GG;FN31;155
NP2Q;FK78;30
NP2SS;FK78;1
NP2WJ;FK78;48
NP2X;FK77;605
NP3CW;FK68;97
NP3CW;IN98;1
NP3DM;FK68;137
NP3F;FK77;484
NP3F;EM11;1
NP3FB;EM64;1
NP3IR;FK78;775
NP3IR;FK68;1
NP3MR;FK78;1
NP3O;FK78;1
NP3OT;FK78;213
NP3RK;FK68;5
NP3T;FK68;4
NP3V;FK68;110
NP3X;FK68;236
NP3X;IL28;1
NP3XF;FK68;6
NP4AW;FK68;2
NP4CQ;FK68;2
NP4DE;FK68;1
NP4EB;FK68;1515
NP4ED;FK68;1
NP4FW;FK68;1
NP4JF;FK68;5
NP4JL;EL88;8
NP4JL;FK68;1
NP4JN;FK68;6
NP4LW;FK68;1
NP4ML;FK78;1
NP4NC;FK68;40
NP4RA;FK68;212
NP4SS;FK68;12
NP4TX;FK68;3737
NP4VM;FK68;7
NP4W;FK68;1
NP4WW;FK68;1
NP4Z;FK68;45
NQ0N;EN35;905
NQ1C;FN32;429
NQ3K;FN10;1
NQ3N;EL89;7
NQ4A;FM17;2
NQ4H;EL95;2
NQ4Y;EM75;21
NQ5P;DN70;2
NQ6B;DM12;1
NQ6C;CM95;6
NQ6N;EN51;26
NQ7R;DM42;207
NQ8O;EN81;1
NR0A;EN12;2
NR0L;EN35;1
NR0Q;EM16;17
NR0Q;EM39;8
NR0Q;EM26;7
NR0W;EM19;3
NR1DX;EL87;8
NR2H;FN20;3
NR4K;EM92;13
NR4O;FM05;4341
NR5G;EM82;4
NR5O;DM33;4
NR5T;EM41;331
NR6AM;DM12;1
NR6H;CM98;1
NR6TT;CM88;6
NR6TT;CM98;1
NR6V;DM04;1
NR7Q;DM45;1
NR7Z;CM97;39
NR9GUV/P;GC29;1
NR9H;EN52;18
NR9I;EM64;5
NR9K;EN62;73
NR9Q;EN40;1
NS0O;EN33;8
NS0Q;EN17;1
NS2I;EM73;6
NS2I;CN87;1
NS2N;FN02;1
NS2R;EM89;6
NS2X;EM76;77
NS3F;FM28;1
NS4C;EM84;1
NS4J;FM18;4
NS4P;EL87;1
NS4X;EM55;339
NS6E;CM87;3
NS7DX;DN23;1
NS7K/WY;DN31;1
NS7U;CN85;2
NS9I;EN64;2311
NS9I;EM64;1
NS9I;EN46;1
NT0C;EM39;1
NT0K;EM85;1361
NT0Y;EN75;2
NT1B;CN87;5
NT1H;DM04;7
NT1J;FM06;5
NT2A;FN20;1
NT4J;EM66;21
NT4K;EL98;5
NT4TN;CM88;6
NT5A;DM14;22
NT5AT;EM13;1
NT5EE;DM81;2
NT5V;EM12;1
NT5X;DM13;1
NT6D;CM97;2
NT6F;CM87;103
NT6K;CN91;1
NT6V;CM87;8
NT6X;DM13;2374
NT7V;DM42;5
NT9E;EN52;8
NT9F;EN71;5
NT9L;EM69;1
NT9P;DM33;3
NU0C;EN10;257
NU0Y;EM29;93
NU1D;FN55;3
NU1O;FN32;31
NU1T;FN42;1581
NU3A;FM29;4
NU3E;FN20;23
NU3P;FM19;1
NU4E;EM95;650
NU4H;EL96;10
NU4N;EM57;67
NU5DE;EM10;32
NU5K;EL29;6
NU6O;CN72;5
NU6O;DM18;1
NU6V;CM87;16
NU7F;DN06;28
NU8A;EN74;4
NU8B;FN64;1
NU9R;EN60;1
NU9TS;EM69;10
NV0E;DM79;11
NV0S;DM79;4
NV1P;FN31;23
NV2K;FN13;41
NV3K;FN10;292
NV4G;EM85;86
NV4J;EL87;1
NV4T;EM94;97
NV4X;EM77;7
NV5A;EM40;1
NV5B;EL29;233
NV6D;CN80;840
NV6T;DM14;4
NV7T;DM33;8
NV7Z;EM23;2
NV8B;EN63;1
NV8G;DM42;1
NV9L;EN60;3538
NV9L;EN50;1
NW0T;EN11;11
NW1Q;FN41;2
NW2M;FM19;4
NW2P;FN64;19
NW2P;AA00;1
NW2W;FM29;1
NW3R;CM96;2
NW4TF;EM91;2
NW4X;EL99;1
NW5H;DM16;321
NW5P;EL18;3
NW5X;EM13;540
NW6P;CM87;994
NW7D;DM33;254
NW7M;CN87;20
NW7U;CN87;3
NW8D;EN81;3
NW8S;EN81;1046
NW9H;EL96;6
NX0I;EM29;1
NX0R;EM08;1
NX1V;DM67;4
NX4DP;EM57;1
NX4DX;EM64;3
NX4Q;EM71;1
NX4T;EL96;1
NX5X;DM96;1
NX6D;CM97;259
NX7B;DM33;2
NX7U;FN20;1
NX8E;EN91;4
NX9B;EM66;2
NX9S;EN53;3
NX9S;EN51;1
NY0K;EM37;4
NY0W;EN08;4
NY1A;EM79;1
NY1AM;FN03;2
NY1Q;FN30;6
NY1S;FN31;10
NY1U;FN41;1
NY1V;EM69;2560
NY2H;FN30;1
NY2KW;FN31;5
NY2NY;FN30;7
NY3B;FN20;2013
NY3B;EN20;1
NY3B;FN03;1
NY3B;FN54;1
NY3C;FM29;1
NY3H;FN30;13
NY3L/M;EM69;1
NY4FD;EM70;1
NY4I;EL87;110
NY4I;EL88;78
NY4JF;EL95;8
NY4M;EM63;2
NY4NC;FM05;4
NY4Q;EM84;3
NY5OAI;FN34;1
NY5V;EM22;1
NY6D;DM04;325
NY6DX;FN30;1260
NY6DX;FN20;400
NY6U;CM97;1
NY6X/P;FN31;1
NY6Y;DM04;5
NY6Z;DM04;303
NY7D;CN87;1
NY7H/P;DN28;2
NY7H/P;DM13;1
NY7H/P;DN32;1
NY7U;CN85;1
NY8C;EN80;1
NY8K;EM77;1
NY8S;EM88;1
NY8T;EN82;1
NY9G;EM90;1
NZ0T;EM36;13
NZ2E;FN02;62
NZ2K;FN21;93
NZ2X;EM83;14
NZ2X;EM53;1
NZ2Z;EM74;1
NZ3C;FM15;4
NZ3K;FN20;2
NZ4CW;FM02;23
NZ4FF;FM05;4
NZ4N;FM06;799
NZ4N;EM96;202
NZ4Q;EM74;2
NZ5I;EM20;3
NZ5O;EM40;164
NZ5U;DM75;2
NZ5X;DM96;281
NZ6C;DM33;4
NZ6Q;CM97;1
NZ7M;DN26;8
NZ7P;CN85;1
O07LGP/R;IG01;1
O16JLJ/R;OR02;1
O29JEJ;PL66;1
O50REI/R;IE23;1
O72ENK;BP98;1
OA1F;FI03;18
OA2AAW;FH19;1
OA2AAW;FI01;1
OA2DG;FI01;4
OA2DRG;FI01;53
OA4AI;FH17;15
OA4AJP;FH17;1
OA4BAM;FH17;2
OA4BAQ;FH17;6
OA4BAU;FH17;163
OA4CBQ;FH17;91
OA4CLU;FH17;2
OA4DGS;FH17;2
OA4DKJ;FH17;1
OA4DOA;FH17;6
OA4DOS;FH17;2498
OA4DQE;FH17;3
OA4DTU;FH17;470
OA4DYM;FH18;1
OA4DYO;FH18;1
OA4DYP;FH17;3
OA4EA;FH17;140
OA4ECK;FH17;1
OA4ECT;FH27;3
OA4EFA;FH17;2
OA4GL;FH17;2
OA4JEG;FH17;10
OA4YX;FH17;4
OA5HR;JO32;1
OA6AMN;FH42;142
OA9DVK;FI04;17
OC200U;FH17;2
OD5ET;KM73;5
OD5KU;KM73;21
OD5OJ;KM73;2
OD5PY;KM73;10
OD5SB;KM74;8
OD5VB;KM73;1
OD5YA;KM73;1
OD5ZF;KM74;9
OD5ZF;KM73;1
OD5ZZ;KM74;1020
OD5ZZ;JO62;1
OD5ZZ;KN10;1
OE/DL6CGU;JN88;2
OE/SM0BHN;JN76;1
OE120AGD;JN77;2
OE120DMT;JN67;1
OE120WDR;JN67;2
OE175ARWT;JN77;1
OE1AAJ;JN88;2
OE1AAJ;JN77;1
OE1AES;JN88;16
OE1AES;JN78;1
OE1AES;JN87;1
OE1AVO;JN88;4
OE1BAA;JN88;1
OE1CGS;JN88;1
OE1CWA;JN88;172
OE1DWC;JN88;5
OE1EQW;JN88;5
OE1GAQ;JN88;3430
OE1GXK;JN88;18
OE1HAW;JN78;1
OE1HL;JN88;1
OE1HLB;JN88;2069
OE1JEW;JN88;1
OE1JUA;JN88;1
OE1KLA;JN88;10
OE1KRQ/P;JN77;4
OE1KRQ/P;JN88;1
OE1KSG;JN88;2
OE1MBB;JN88;1
OE1MSB/3;JN78;1
OE1MSB/3;JN88;1
OE1MSC;JN88;3
OE1ODP;JN88;1
OE1OGU;JN88;1
OE1PEW;JN88;5
OE1RDU/3;JN88;8
OE1RFU;JN88;1
OE1RIG;JN88;2
OE1RPW;JN88;5
OE1SGU;JN88;234
OE1TKS;JN88;1
OE1TKW;JN88;50
OE1TOA;JN88;2
OE1TRB;JN88;1
OE1UHA;JN88;27
OE1VMC;JN88;59
OE1WAA;JN88;1
OE1XTU;JN88;3657
OE1XTU;JO20;1
OE25DMT;JN67;3
OE25DMT;JN03;2
OE25XWI;JN03;2
OE2AYM;JN67;4
OE2KNN;JN67;3
OE2KNN/P;JN67;2
OE2LCM;JN67;2
OE2LMN;JN67;1
OE2ROL;JN67;18
OE2RPL;JN67;3
OE2WAO;JN67;6
OE3AEA;JN88;1
OE3AIS;JN87;7
OE3AOG;JN87;1
OE3AWA;JN78;2
OE3BBC;JN88;1
OE3CDS;JN88;7
OE3CMW;JN88;4
OE3CQM;JN87;2
OE3CVS;JN88;1
OE3DRA;JN88;3
OE3DXA;JN88;293
OE3EHS;JN87;3
OE3EJB;JN88;1
OE3EPW;JN88;2
OE3EVA;JN88;3
OE3FTC;JN88;1
OE3FVU;JN78;1648
OE3GAS;JN88;1
OE3GCU;JN88;5
OE3GRU;JN87;1
OE3HLB;JN78;598
OE3HLB;JN77;1
OE3HUS;JN88;1
OE3HWC;JN87;3
OE3ICA;JN88;1
OE3JAG;JN88;464
OE3JBS;JN78;7
OE3KJO;JN78;4
OE3KLU;JN88;11
OE3KPC;JN88;1
OE3LDV;JN88;196
OE3MFS;JN88;1
OE3NHW;JN88;574
OE3NOB;JN78;1
OE3ODW;JN88;2
OE3OEK;JN77;2
OE3OMK;JN87;1
OE3OOG;JN87;67
OE3OOG;JN65;1
OE3ORW;JN88;3
OE3OSB;JN88;1
OE3OZA;JN77;1
OE3PBS;JN87;3
OE3PMS;JN87;1
OE3PWR;JN88;2
OE3RPB;JN87;5
OE3RSU;JN88;4
OE3RTB;JN88;506
OE3SMA;JN88;1
OE3SRO;JN88;1
OE3TPB;JN88;1
OE3TVJ;JN78;1
OE3UBW;JN88;1
OE3UHC;JN88;3
OE3UKW;JN88;14
OE3USW;JN78;1
OE3WFA;JN78;1
OE3WWE;JN78;2
OE3XFH;JN87;1277
OE3XFH;JN77;4
OE3XLA;JN88;1
OE3XMC;JN88;1
OE3ZIO;JN78;1
OE4AHG;JN87;4
OE4ATS;JN87;17
OE4ATS;JN67;1
OE4BHF;JN87;7
OE4CNP;JN87;2
OE4ENU;JN87;20
OE4GTU;JN87;116
OE4GTU;JN75;1
OE4KSF;JN87;80
OE4KSF;JM87;1
OE4LTB;JN87;1
OE4MCF;JN87;1
OE4MQW;JN87;759
OE4OIW;JN87;2
OE4RDV;JN87;1
OE4RGC;JN87;25
OE4RWD;JN87;1
OE4VMB;JN87;1
OE4WHG;JN87;359
OE4WWL;JN87;270
OE5BGN;JN68;164
OE5BNM;JN78;7
OE5BWN;JN78;1
OE5CBM;JN67;1
OE5CCN;JN67;8
OE5DML;JN78;1
OE5DRM;JN67;1
OE5DRP;JN68;2
OE5EAN;JN68;1
OE5EGN;JN67;1
OE5ELM;JN67;3
OE5ENL;JN68;2
OE5FIL;JN68;1
OE5FSL;JN68;11
OE5GA;JN78;2
OE5GA;JN67;1
OE5GCC;JN67;1
OE5GHO;JN78;2
OE5HHR;JN67;3
OE5LAL;JN67;8
OE5MHP;JN67;2
OE5MZO;JN67;2
OE5OAL;JN67;5
OE5OBR;JN67;2
OE5OEL;JN68;2
OE5OJM;JN78;1
OE5PEN;JN78;4
OE5RI;JN78;1
OE5RYM;JN67;1
OE5TXF;JN78;155
OE5WRO;JN78;66
OE5WRO/P;JN78;12
OE5XPM;JN68;2
OE5YCP;JN68;6
OE6AGD;JN77;3
OE6AKE;JN76;5
OE6ANG;JN77;2
OE6ATD;JN76;8
OE6AXG;JN77;22
OE6BME;JN76;6
OE6BMG;JN77;21
OE6CLD;JN77;2
OE6DRG;JN77;9
OE6EME;JN76;7
OE6EME;JN77;1
OE6FEF;JN87;4
OE6FYG;JN87;2
OE6GBG;JN76;6
OE6GBG;JN77;1
OE6GID;JN77;1
OE6GJE;JN77;1
OE6HKE;JN77;1
OE6HLF;JN77;3
OE6HTG;JN77;6
OE6HUG;JN77;1
OE6IEG;JN77;25
OE6IWG;JN77;37
OE6JCG;JN76;4
OE6JFG;JN77;5
OE6JFG/P;JN77;4
OE6JGG;JN76;6
OE6JUD;JN76;2
OE6JVE;JN76;42
OE6KDG;JN77;29
OE6MBG;JN76;5
OE6MDF;JN77;17
OE6MMF;JN77;5
OE6MSF;JN76;1
OE6NIG;JN76;1
OE6NIG/QRP;JO32;1
OE6NZM;JN77;1
OE6OCG;JN77;149
OE6OCG;JN88;2
OE6OCG;IO80;1
OE6OCG;QQ00;1
OE6PAD;JN77;2
OE6PVG;JN77;1
OE6SCE;JN76;1
OE6STD;JN77;1
OE6TNO/8;JN77;2
OE6TNO/8;JN76;1
OE6TQG;JN77;1
OE6TWD;JN77;4
OE6TXW;JN87;5
OE6VIE;JN77;1
OE6ZNG;JN77;186
OE6ZNG;JN88;2
OE70VIE;JN77;1
OE7AJT;JN67;2
OE7BJT;JN67;92
OE7BRF;JN57;12
OE7CKI;JN67;1
OE7CMI;JN57;4
OE7DMT;JN67;142
OE7DMT;JN55;1
OE7ENJ;JN67;1
OE7FMH;JN57;5
OE7FMJ;JN57;8
OE7FWJ;JN57;12
OE7GJ;JN57;276
OE7KRJ;JN57;6
OE7KUT;JN57;1
OE7LGT;JN57;9
OE7LUP;JN66;1
OE7LVI;JN57;10
OE7MAH;JN57;3
OE7NMI;JN57;1
OE7PET;JN67;9
OE7SBH;JN57;1
OE7SEL;JN57;1
OE7UU;JN57;30
OE7WGT;JN57;2
OE8/PA1RC;JN03;1
OE8AJK;JN76;5
OE8APO;JN76;4
OE8ARQ;JN66;1
OE8AWQ;JN66;1
OE8BSK;JN76;1
OE8CSQ;JN76;2
OE8DDX;JN76;8
OE8HEINZ;JN66;1
OE8HOQ;JN76;1
OE8IMK;JN76;1
OE8KHR;JN76;2
OE8KJK;JN76;2
OE8KMK;JN76;2
OE8OK;JN76;2
OE8PIT;JN66;1
OE8SHQ;JN76;1
OE8SWR;JN76;1
OE8TED;JN76;1
OE8UWW;JN76;2
OE8YML;JN66;1
OE9APH;JN47;4
OE9APH;JN67;1
OE9APV;JN47;2
OE9DAI;JN47;8
OE9DMV;JN47;49
OE9GWV;JN47;15
OE9HGV;JN47;30
OE9IHR;JN47;2
OE9KBV;JN47;3
OE9KFV;JN47;642
OE9KFV;JN34;1
OE9LWV;JN47;1
OE9MDI;JN47;4
OE9MOI;JN47;4
OE9MVV;JN47;1
OE9PCJ;JN47;1
OE9RWH;JN57;1
OE9SAU;JN47;1
OE9TZV;JN47;1
OE9WBV;JN47;2
OE9WPV;JN47;3
OG0C;KO09;2
OG1E;KP41;1
OG1R;KP20;1
OG1W;KP10;108
OG2K;KP20;1
OG2P;KP10;123
OG3Z;KP11;1929
OG3Z;KP20;1
OG4W;KP32;2834
OG4W;EM69;1
OG4W;KO64;1
OG6F;KP01;208
OG70AD;KP20;6
OG70AD;KP11;1
OG8T;KP24;217
OG8T;KO91;1
OH0/SA0TAY;JP90;1
OH0EG;JP90;3
OH0TS;KP00;1
OH0Z;JP90;1
OH1CJO;KP11;1
OH1CL;KP10;2
OH1DFQ;KP10;1
OH1DX;KP20;2
OH1EDK;KP01;18
OH1EFQ;KP20;1
OH1F;KP01;1079
OH1FA;KP10;1
OH1FOL;KP11;4
OH1HJO;KP00;133
OH1I;KP01;6
OH1IB;KP10;2
OH1IM;KP01;2
OH1JAY;KP01;1
OH1JP;KP00;3
OH1JUV;KP10;1
OH1KAG;KP11;81
OH1LA;KP01;23
OH1LEU;KP01;19
OH1LFX;KP20;1
OH1LHF;KP20;1
OH1LWZ;KP11;337
OH1LXE;KP20;1
OH1LXF;KP20;4202
OH1LXF;JP12;1
OH1MA;KP10;1
OH1MN;KP10;156
OH1MRE;KP01;1
OH1MRR;KP01;4
OH1NBF;KP10;6
OH1NDA;KP10;6
OH1NHU;KP10;122
OH1NHX;KP01;15
OH1NHX;KP20;1
OH1NOA;KP01;1496
OH1NOA;MJ41;1
OH1NPW;KP10;2
OH1NX;KP10;1
OH1PH;KP01;12
OH1TD;KP01;3
OH1TM;KP01;1014
OH1TP;KP01;1494
OH1TP;RP01;1
OH1TSM;KP11;3
OH1TX;KP00;4
OH1UCM;KP10;1
OH1ZK;KP10;1
OH2AWL;KP20;9
OH2BAV;KP20;122
OH2BFG;KP20;1
OH2BGD;KP20;1
OH2BLD;KP20;52
OH2BMH;KP20;1
OH2BNF;KP10;1
OH2BPU;KP20;3
OH2BRG;KP21;884
OH2BSF;KP20;1
OH2BXT;KP20;307
OH2BXT;KO20;1
OH2CGU;KP20;8
OH2CUC;KP20;2
OH2DDG;KP20;1
OH2ECG;KP20;1
OH2EIB;KP20;2
OH2EXL;KP21;1
OH2EZE;KP20;1
OH2FQV;KP20;4
OH2FT;KP10;1
OH2FUZ;KP20;8
OH2FZV;KP20;2
OH2GEK;KP11;1
OH2GIP;KP20;3
OH2GT;KP20;1
OH2HCB;KP20;1
OH2HOD;KP20;1683
OH2HOD;KP90;1
OH2HOD;OI62;1
OH2HOH;KP20;1
OH2HOH;KP46;1
OH2HPR;KP20;1
OH2ILF;JC82;1
OH2IS;KP20;1
OH2JIU;KP20;6
OH2JRB;KP11;1
OH2K;KP20;376
OH2KA;KO19;2
OH2LQ;KP10;1
OH2LU;KP20;728
OH2LVD;KP20;1
OH2LYW;KP20;2
OH2LZI;KP20;1
OH2LZI;KP30;1
OH2MA;KP31;4
OH2MAS;KP30;34
OH2MDN;KP21;2
OH2MQ;KP20;1740
OH2MQ;KN96;1
OH2MQ;KP33;1
OH2MWH;KP20;1
OH2NJR;KP20;1
OH2O;KP20;15
OH2OT;KP20;104
OH2OX;KP20;6
OH2UDD;KP30;1
OH2XO;KP20;25
OH2XX;KP20;15
OH2XX;AA00;1
OH2ZH;KP10;2
OH2ZY;KP20;4
OH2ZZ;KP20;30
OH2ZZ;KP01;1
OH3BOL;KP10;1
OH3BRJ;KP11;7
OH3BY;KP20;4
OH3BYZ;KP21;3
OH3CCX;KP21;2
OH3CCX;KP33;1
OH3CEO;KP20;9
OH3CNR;KP30;3
OH3CV;KP11;5
OH3DIG;KP21;316
OH3DJP;KP11;5
OH3EIT;KP11;39
OH3EPZ;KP21;121
OH3EQY;KP20;12
OH3EVO;KP11;4
OH3EX;KP20;9
OH3EYR;KP20;5
OH3FM;KP21;1152
OH3FM;FN30;1
OH3FWG;KP11;206
OH3GBW;KP21;8
OH3GC;KP22;1
OH3GGQ;KP20;3
OH3GLY;KP20;17
OH3HE;KP32;1
OH3HEI;KP11;1
OH3HNU;KP12;3
OH3JA;KP22;1036
OH3JA;PK22;1
OH3JF;KP20;88
OH3JP;KP20;1
OH3KAV;KP11;1
OH3KD;KP22;7
OH3KX;KP11;1
OH3LCH;KP30;1
OH3LQK;KP11;3
OH3LUK;KP20;1
OH3MA;KP20;1616
OH3MMF;KP21;2
OH3NAQ;KP33;3
OH3NB;KP20;1
OH3NE;KP11;169
OH3NGT;KP21;2
OH3NHF;KP11;1
OH3NI;KP20;3
OH3NK;KP20;7
OH3NSF;KP20;1
OH3NVK;KP20;2
OH3NXW;KP11;3
OH3OJ;KP10;564
OH3OJ;KP20;24
OH3OJ;KP21;3
OH3PYY;KP10;1207
OH3QL;KP20;4
OH3RM;KP21;214
OH3SUS;KP20;1
OH3UAI;KP20;168
OH3WAW;KP11;2
OH3YP;KP20;4
OH4AB;KP32;574
OH4CFO;KP42;1
OH4EBD;KP31;10
OH4ERP;KP31;2
OH4EVX;KP31;1
OH4KA;KP20;53
OH4KRN;KP32;3
OH4LBX;KP31;1
OH4MFA;KP32;18
OH4MR;KP21;1
OH4MS;KP24;2
OH4NDU;KP11;2173
OH4NDU;IO94;1
OH4NDU;JN89;1
OH4NDU;JO21;1
OH4RN;KP32;1
OH4SS;KP21;419
OH4SS;KP20;1
OH4UI;KP10;3
OH4YA;KP42;1
OH5BM;KP41;108
OH5BUP;KP30;1
OH5CGY;KP30;2
OH5CHH;KP41;1
OH5CX;KP30;8
OH5D;KP30;1
OH5D;KP34;1
OH5DJZ;KP30;1
OH5EAB;KP41;213
OH5EAB;KN41;1
OH5GVI;KP41;1
OH5KZ;KP30;9
OH5LLR;KP20;93
OH5MNJ;KP30;3
OH5NBJ;KP22;1
OH5NS;KP41;99
OH5O;KP30;2
OH5QY;KP30;46
OH5UQ;KP41;126
OH5UY;KP20;1
OH5XH;KP30;1
OH5XO;KP41;372
OH5XO;JO73;1
OH5XX;KP30;1
OH5YL;KP30;204
OH60KSA;KN36;1
OH6BA;KP21;791
OH6CK;KP31;1
OH6CNM;KP22;1
OH6CT;KP24;3
OH6DHM;KP12;11
OH6EEC;KP12;2
OH6EHZ;KP13;2
OH6FSG;KP23;299
OH6FSO;KP12;92
OH6FYP;KP12;3
OH6GAZ;KP22;2
OH6GKW;KP13;1
OH6GMD;KP12;33
OH6HIO;KP12;1
OH6HOW;KP12;301
OH6HSD;KP22;1
OH6HZH;KP22;2
OH6IH;KP13;20
OH6JUM;KP01;30
OH6LM;KP13;1
OH6LUW;KP02;27
OH6LYD;KP13;1
OH6MAZ;KP21;1
OH6MJM;KP11;173
OH6NEQ;KP21;14
OH6NIO;KP12;232
OH6NJ;KP22;7
OH6NJ;OH22;1
OH6OK;IO89;1
OH6OK;KP32;1
OH6OKSA;KP32;8
OH6OKSA;JN03;1
OH6PP;KP31;3
OH6RX;KP03;4
OH6UCW;KP22;2
OH6V;KP03;11
OH6VC;KP10;1
OH6XB;KP23;1
OH6XG;KP20;28
OH6XU;KP12;2
OH7AWS;KP32;1
OH7BDI;KP42;9
OH7GIQ;KP32;1
OH7KAA;KP38;3
OH7KB;KP33;3
OH7L;KP24;1019
OH7L;KP33;3
OH7LOA;KP52;1
OH7MEY;KP45;1
OH7NGC;KP43;1
OH7NO;KP43;1
OH7PS;KP20;1
OH7RJ;KP33;4
OH7RY;KP32;1
OH7TV;KP43;2
OH7UE;KP52;1
OH7XI;KP52;6
OH8AV;KP25;1
OH8CMS;KP20;1
OH8CW;KP25;1
OH8DGV;KP25;1
OH8DPX;KP20;2
OH8DRJ;KP34;132
OH8EJW;KP24;89
OH8FKK;KP23;2
OH8FKK;KP20;1
OH8HTG;KP34;24
OH8JGG;KP24;2
OH8JJ;KP25;564
OH8JJ;IN96;1
OH8JJ;KP45;1
OH8JK;KP25;2
OH8JK;KP01;1
OH8JUB;KP24;1
OH8KA;KP25;1
OH8KVA;KP25;1
OH8LXT;KP23;1
OH8MSG;KP21;1
OH8MSI;KP23;2
OH8MTM;KP23;3
OH8MXJ;KP23;17
OH8NAG;KP20;2
OH8SR;KP44;1
OH8TG;KP34;1
OH8UBQ;KP24;3
OH8US;KP24;2
OH8WR;KM71;1
OH8WW;KP24;287
OH9AB;KP36;1
OH9EGH;KP36;1
OH9GIA;KP26;3
OH9MWB;KP17;1
OH9SC;KP10;2
OJ0G;JP90;1
OK1AAM;JO60;1
OK1ACF;JO70;19
OK1ADT;JO80;3
OK1AGE;JO70;16
OK1AK;JN79;1
OK1AKU;JO80;1
OK1AMF;JO60;1
OK1ASG;JN79;1
OK1AUP;JN79;59
OK1AW;JO60;14
OK1AW;JO80;1
OK1AWC;JO70;1
OK1AXB;JO70;2
OK1AY;JN69;4
OK1AYM;JO70;3
OK1BCD;JO60;302
OK1BCD;JO70;1
OK1BIL;JN69;47
OK1BLU;JO80;281
OK1BN;JO70;4
OK1BR;JO60;231
OK1CT;JN69;257
OK1CT;KM71;1
OK1DBE;JO70;9
OK1DCM;JN69;5
OK1DCM;JO70;1
OK1DLA;JN79;3
OK1DMP;JN79;97
OK1DOL;JN69;92
OK1DOZ;JO80;1
OK1DPP;JO80;1
OK1DPV;JN79;1
OK1DSP;JO60;2
OK1DTC;JO60;5
OK1DVN;JN79;3
OK1DWQ;JN69;4
OK1DX;JN69;22
OK1DXU;JO80;1
OK1EA;JO80;5
OK1EK;JN69;2
OK1EK;OF78;1
OK1EP;JN79;39
OK1EP;KN79;1
OK1FAK;JO70;165
OK1FAV;JO60;3
OK1FCR;JN79;4
OK1FED;JN88;1
OK1FED;JO70;1
OK1FHI;JO70;641
OK1FIM;JN79;2
OK1FMG;JO60;1
OK1FRA;JN79;1
OK1FRG;JN79;5
OK1FUN;JO70;1
OK1FWG;JO70;189
OK1GRM;JO70;1
OK1GSB;JN79;2
OK1GU;JN69;4
OK1HBP;JN69;102
OK1HEH;JN79;7
OK1ICH/P;JN79;7
OK1ISP;JO70;2
OK1IWS;JN69;40
OK1JB;JO60;3
OK1JIR;JO70;11
OK1JIR;JO80;1
OK1JKV;JN69;1
OK1JKV;JO70;1
OK1JXU;JO80;11
OK1KDN;JN69;15
OK1KKI;JN79;11
OK1KM;JO60;11
OK1KM;JO80;1
OK1KSL;JO70;5973
OK1KSL;JN79;1
OK1KSL;JO10;1
OK1KSL;JO31;1
OK1KT;JO70;1
OK1LEV;JN69;4
OK1MBA;JO60;1
OK1MIS;JN89;13
OK1MLG;JO70;17
OK1MLX;JO80;2
OK1MOW;JO70;1
OK1MXD;JN89;5
OK1NF;JN69;1
OK1NI;JO70;181
OK1NVV;JO70;1
OK1NZ;JO60;9
OK1PBB;JN79;1
OK1PDM;JO60;1
OK1PJB;JO70;2
OK1PX;JO70;1550
OK1RDO;JN69;1249
OK1SI;JO70;5
OK1SKL;JO70;1
OK1SLA;JO60;2
OK1SLM;JO70;2
OK1TGN;JN89;3
OK1TI;JN79;4
OK1TK;JO70;2
OK1TQ;JO70;1
OK1TRA;JN89;4
OK1TRJ;JN79;236
OK1UA;JN79;1
OK1UBB;JN78;1
OK1UK;JN69;2
OK1UME;JO80;2
OK1UNL/P;JO70;3
OK1UOZ;JO70;25
OK1UU;JO70;3
OK1UUK;JO70;3
OK1UVJ;JN69;2
OK1UYR;JN69;3
OK1VK;JN79;234
OK1VKQ;JO60;3
OK1VKX;JN69;3
OK1VM;JO70;46
OK1VNT;JO60;2
OK1VP;JN69;2
OK1VPO;JO80;1
OK1VRV;JO60;9
OK1VTR;JO70;1
OK1VVT;JO60;5
OK1WCF;JO80;2891
OK1WCF;JO70;14
OK1WCF;JO89;1
OK1WE;JO70;1
OK1XD;JN79;4
OK1XED;JO70;3
OK1XHC;JN79;5
OK1XLE;JN69;1
OK1XOX;JO80;3
OK1XV;JN79;2
OK1YL;JN99;1
OK1ZCF;JO80;9
OK1ZE;JO70;3
OK1ZJH;JN69;1
OK1ZJK;JN79;1
OK2APY;JN89;2
OK2BF;JN89;5
OK2BHD;JN89;416
OK2BHD;KP20;1
OK2BJ;JN99;1
OK2BPU;JN89;539
OK2BRD;JN99;3
OK2BRV;JO70;6
OK2BUZ;JN99;1
OK2BV;JN89;1
OK2BZ;JN89;3
OK2DDS;JN89;2
OK2DIK;JN99;345
OK2EA;JN89;1552
OK2EA;JO70;2
OK2FD;JN79;2158
OK2IHH;JO60;1
OK2IT;JN89;10
OK2JAA;JN99;2
OK2JIQ;JN79;4
OK2JK;JN99;1
OK2JRQ;JN89;1
OK2LC;JN88;5
OK2LI;JN99;2
OK2LW;JN88;260
OK2MC;JN89;2
OK2MDC;JN69;4
OK2MEZ;JN89;2
OK2MI;JO70;4
OK2MK;JN79;1
OK2ON;JN89;20
OK2PAD;JN89;66
OK2PAK;JN89;1
OK2PCL;JN89;3
OK2PDT/P;JN89;65
OK2PGJ;JN89;6
OK2PHI;JN99;1
OK2PKT;JO80;1
OK2QA;JN89;1
OK2QQ;JN89;1
OK2RM;JN89;1
OK2SBI;JN89;1
OK2SGY;JN89;100
OK2SPZ;JN89;16
OK2SWD;JN99;1
OK2SZ;JN89;1
OK2TOM;JN89;157
OK2TPT;JN99;1
OK2UPG;JN99;1
OK2UQE;JN99;1
OK2USM;JN89;1
OK2VCR;JN89;5
OK2VIR;JN99;1779
OK2VIR;JN88;1
OK2VSU;JN99;1
OK2WED;JN89;3
OK2WMC;JN99;463
OK2YN;JN89;3
OK3FP;JN69;1217
OK3MS;JN79;1
OK3ON;JN89;23
OK4FX;JO70;5
OK4GP;JN79;115
OK4KOP;JN89;30
OK4OK;JN79;2
OK4RQ;JN69;478
OK4RQ;KN69;1
OK4RS;JN69;939
OK4RS;JO80;1
OK4YL;JN99;4348
OK4YL;JO70;3
OK4YL;JO80;2
OK4YL;FN20;1
OK4YL;JO29;1
OK4YL;KD38;1
OK5AG;JN79;3
OK5CW;JN89;5
OK5JH;JN89;5
OK5LR;JO70;1
OK5NW;JN89;1312
OK5TI;JN79;1
OK5TX;JN79;3
OK5XL;JN78;7
OK5ZH;JO70;1
OK6AB;JN89;2
OK6BHD;JN89;1
OK6DJ;JN69;578
OK6LZ;JN99;1
OK6MV;JN99;1
OK6RP;JO60;1
OK7AZ;JN89;9
OK7BB;JN79;8
OK7BB;JN78;1
OK7CM;JO70;2
OK7JG;JN98;1
OK7LO;JO60;5
OK7MA;JN69;1
OK7MZ;JN89;11
OK7PJ;JN69;2
OK7PZ;JO70;1
OK8ASL;JO60;4
OK8DCC;JN79;8
OK8EYJ;JN89;1
OK8QC;JN89;5
OK8WIT;JO80;1
OK9DMR;JO70;4
OK9ZAM;JO70;1
OL30DXC;JN03;1
OL5D24;JN89;1
OL5DIG;JN89;103
OL5DIG;JO60;1
OL6D;JN69;160
OM0AAJ;KN09;2
OM0AFM;KN09;5
OM0AGP;KN08;1
OM0AJ;KN09;12
OM0AJA;KN09;1
OM0FL;KN09;1
OM0MO;JN88;3
OM0MR;JN88;1
OM0ST;KN09;2
OM1ADA;JN88;93
OM1AKD;JN88;4
OM1ALL;JN88;23
OM1ALL;EM97;1
OM1AMT;JN88;4
OM1AN;JN88;11
OM1AN;JN55;1
OM1CN;JN87;1
OM1EPT;JN88;1
OM1HMI;JN88;765
OM1MJ;JN88;1
OM1WX;JN88;3
OM2ABC;JN88;1
OM2ABL;JN88;1
OM2ABL;KN09;1
OM2AKD;JN88;1
OM2BK;JN88;206
OM2CW;JN88;31
OM2DX;JN88;79
OM2GM;JN87;484
OM2RA;JN88;32
OM2ZZ;JN88;19
OM3CND;JN99;1
OM3CPV;KN08;7
OM3DX;KN08;15
OM3DX;KN09;1
OM3EY;JN98;2
OM3JW;JN88;3
OM3KFO;JN98;1
OM3LK;KN09;3
OM3LQ;JN88;1
OM3LU;JN88;4
OM3PC;JN98;11
OM3PQ;KN08;1
OM3PR;JN87;10
OM3TFP;JN98;1
OM3WBY;KN08;16
OM3WFH;KN09;16
OM3ZAS;KN08;6
OM3ZWA;KN08;8
OM4AB;JN98;1
OM4AJH;JN88;16
OM4KK;JN88;970
OM4TC;JN98;5
OM4YJ;JN98;4
OM5AST;JN88;1
OM5AVM;JN98;1
OM5AZS;JN97;8
OM5CD;JN88;1
OM5CM;JN98;1093
OM5DL;JN88;1
OM5DM;JN98;1
OM5DW;JN98;2
OM5FM;JN98;1
OM5GEM;JN98;13
OM5JG;JN98;3
OM5KM;JN98;3
OM5MX;JN98;55
OM5TA;JN97;1
OM5TX;JN97;1715
OM5UM;JN98;287
OM5XX;JN97;15
OM5ZU;JN98;3
OM5ZW;JN98;13
OM6ADK;JN99;1
OM6AJJ;JN99;2
OM6APJ;JN99;7
OM6APR;JN99;1
OM6BPA;JN99;35
OM6CM;JN98;1
OM6CM;JN99;1
OM6VF;JN99;1
OM7AG;JN98;350
OM7AMA;JN98;13
OM7ASP;JN98;18
OM7CF;JN98;4
OM7DX;JN98;59
OM7JG;JN98;5941
OM7JG;JN87;8
OM7JG;JO31;1
OM7JG;OI32;1
OM7JN;JN98;1
OM7OM;JN98;7
OM7OM;KN09;1
OM7PY;JN98;85
OM7ZYR;RI33;1
OM80SNP;JN88;6
OM8AA;KN09;1
OM8AC;KN09;8
OM8ATS;KN08;282
OM8ATS;KN09;1
OM8CD;KN09;2545
OM8CD;JP80;1
OM8FR;KN09;1
OM8FT;KN08;12
OM8GT;KN08;13
OM8JP;KN08;3
OM8LA;KN09;387
OM8LM;KN09;258
ON/PD4MB;JN03;1
ON/PD4MB;JO30;1
ON1AEY;JO11;89
ON1AJ;JO20;486
ON1ANZ;JO21;5
ON1AVV;JO11;1
ON1BH;JO20;16
ON1CH;JO21;1
ON1JP;JO21;1
ON1KF;JO11;2
ON1SD;JO21;1
ON1WFF;JO11;1
ON1WFF;JO20;1
ON2ACO;JO11;8
ON2AD;JO21;116
ON2AFR;JO20;2
ON2AJ;JO11;1
ON2BCB;JO21;22
ON2BCB;JO20;1
ON2BDI;JO20;2
ON2BER;JN29;3
ON2CQ;JN29;29
ON2DH;JO10;3
ON2DXL;JO21;1
ON2EA;JO20;4
ON2JLB;JO20;6
ON2KMJ;JO10;2
ON2LBT;JO10;1
ON2LG;JO20;1
ON2MD;JO10;1
ON2OVW;JO11;3
ON2PAT;JO21;3
ON2RK;JO20;2
ON2TKW;JO21;1
ON2VHF;JO20;87
ON2VTL;JO21;108
ON2WAB;JO10;2
ON2WI;JO20;3
ON2WVD;JO10;17
ON3AB;JO20;1
ON3ABR;JO20;1
ON3AC;JO20;1
ON3ADK;JO11;1
ON3ANW;JO20;1
ON3ANW;JO21;1
ON3ANY;JO10;4
ON3ASZ;JO10;3
ON3AWG;JO21;6
ON3BEN;JO21;3
ON3BFR;JO21;1
ON3BPC;JO20;2
ON3BS;JO11;22
ON3BY;JO21;1
ON3CCC;JO11;140
ON3CCM;JO10;41
ON3CH;JO20;3
ON3CL;JO21;4
ON3CQ;JO21;2437
ON3CRT;JO11;1
ON3DI;JO10;313
ON3DKM;JO21;1
ON3DPM;JO11;1
ON3DV;JO11;1
ON3DWD;JO20;1
ON3ENW;JO30;1
ON3FLA;JO21;1
ON3FM;JN29;3
ON3FZ;JO21;19
ON3GSY;JO21;1
ON3GTV;JO21;1
ON3IWH;JO11;2
ON3JMA;JO20;3
ON3JPE;JO10;3
ON3KJU;JO20;9
ON3KP;JN29;1
ON3KR;JO11;1
ON3KV;JO20;5
ON3LX;JN29;71
ON3MAP;JO20;10
ON3MB;JO20;3
ON3MDW;JO10;2
ON3MF;JO10;10
ON3MFO;JO20;4
ON3ML;JO11;17
ON3MOH;JO10;32
ON3MVC;JO10;1
ON3NYL;JO10;210
ON3ONX;JO20;18
ON3PDM;JN29;3
ON3PJA;JO21;1
ON3PVC;JO20;1050
ON3PVC;JO28;1
ON3PVC;JO31;1
ON3PW;JO20;2
ON3REP;JO10;1
ON3RJM;JO11;4
ON3RO;JO20;2
ON3RUM;JO10;2
ON3RV;JO21;6
ON3RVS;JO11;2
ON3SB;JO20;108
ON3SDR;JO21;4
ON3SDV;JO10;10
ON3TBE;JO21;5
ON3THC;JO10;2
ON3UA;JO21;1
ON3URT;JO10;1
ON3VIC;JO20;3
ON3VIM;JO10;1
ON3VNE;JO30;1
ON3VR;JO11;5
ON3WY;JO20;6
ON3WZ;JO10;1
ON3XMU;JO20;246
ON3YDM;JO21;1
ON4ABR;JO20;49
ON4ADP;JO21;8
ON4AHS;JO21;2
ON4AIO;JO21;1
ON4AIQ;JO11;8
ON4ANT;JO10;2
ON4ANV;JO20;8
ON4AOI;JO21;3
ON4APU;JO11;57
ON4ARJ;JO21;16
ON4ASG;JO11;1
ON4ASV;JO11;3
ON4ATW;JO20;1
ON4AXU;JO21;2
ON4AZR;JO21;2
ON4BHQ;JO20;1
ON4BPM;JO21;29
ON4BRO;JO21;1
ON4CAS;JO21;2
ON4CAU;JO20;1
ON4CBA;JO21;217
ON4CBK;JO11;12
ON4CBZ;JO21;4
ON4CC;JO11;2
ON4CCO;JO21;4
ON4CDR;JO20;1
ON4CE;JO11;1
ON4CFB;JO21;5
ON4CGZ;JO11;2
ON4CJU;JO20;9
ON4CKT;JO21;11
ON4CN;JO10;1
ON4CVL;JO10;1
ON4DAK;JO10;1
ON4DHL;JO21;1
ON4DN;JO20;34
ON4DS;JO21;142
ON4DU;JO20;17
ON4FF;JO20;774
ON4GPN;JO20;3
ON4IA;JO21;1
ON4IBM;JO11;3
ON4IQ;JO20;1
ON4JMV;JO10;3
ON4JPV;JO20;15
ON4KBU;JN29;67
ON4KDV;JO10;9
ON4KEB;JO20;13
ON4KN;JO10;1
ON4KVF;JO20;1
ON4LBF;JO10;7
ON4LDU;JN29;8
ON4MAP;JO20;2
ON4MDW;JO10;2
ON4MDW;GG54;1
ON4MGV;JO20;2
ON4NDU;KP11;1
ON4NYO;JO11;175
ON4NYO;JO20;1
ON4OPA;JO11;1
ON4PB;JO20;610
ON4PB;JO90;1
ON4PE;JO10;3
ON4PG;JO10;1
ON4PS;JO20;145
ON4QI;JO20;4
ON4QX;JO20;8
ON4RF;JO11;1
ON4RS;JO20;6
ON4STA;JO20;4
ON4TC;JO20;3
ON4TTT;JO20;688
ON4UP;JO20;3
ON4UR;JO11;2
ON4UY;JO20;1
ON4UZ;JO21;5
ON4WV;JO21;4
ON4XM;JO10;8
ON4YNYO;JO11;1
ON4YOU;JO20;3
ON5ACO;JO21;4
ON5AM;JO20;1238
ON5AM;IN89;1
ON5AM;JO89;1
ON5AZ;JO21;3
ON5BWE;JO20;3
ON5CD;JO20;15
ON5CDG;JO10;15
ON5FP;JO10;3
ON5GF;JO20;752
ON5GF;KN67;1
ON5GM;JO20;211
ON5GQ;JO20;1
ON5HE;JO20;12
ON5IA;JO20;38
ON5LCN;JO20;7
ON5LE;JO20;1
ON5LS;JO10;96
ON5LST;JO10;1
ON5LW;JO21;2913
ON5LW;KP11;1
ON5MB;JO10;1
ON5ND;JO20;3
ON5OH;JO20;4
ON5PO;JO20;12
ON5PO;JO11;1
ON5QB;JO20;4
ON5RT;JO20;14
ON5RV;JO21;27
ON5RZ;JO21;17
ON5SD;JO10;1
ON5SE;JN29;1
ON5SIR;JO20;1
ON5UN;JO11;4
ON5UQ;JO11;1
ON5VN;JO20;7
ON5XX;JO20;36
ON5YT;JO21;2
ON5ZA;JO20;2
ON5ZZ;JO11;44
ON6AA;JO11;47
ON6AB;JO21;4
ON6AT;JO10;352
ON6BB;JO21;1
ON6CQ;JO11;344
ON6CQ;KO13;1
ON6DP;JO20;63
ON6DP;JO28;1
ON6EO;JO11;1
ON6FC;JO10;224
ON6FDP;JO20;383
ON6FV;JO11;2
ON6FY;JO20;2
ON6HC;JO11;4
ON6HX;JO10;68
ON6IG;JO11;12
ON6IG;JO10;5
ON6JN;JO11;5
ON6KC;JO21;3
ON6KE;JO21;1
ON6KHI;JO20;1
ON6KPC;JN29;6
ON6LEO;JO21;1163
ON6ME;JO10;4
ON6MI;JO20;2
ON6MX;JO11;1
ON6NL;JO21;2150
ON6NL;JO20;1
ON6OM;JO11;2
ON6PL;JO10;6
ON6SAT;JO20;16
ON6TA;JO10;1
ON6UF;JO10;27
ON6UL;JO10;1
ON6XY;JO20;1
ON6XY;JO21;1
ON6ZQ;JO20;3
ON75AST;JO20;1
ON7AH;JO11;1
ON7AN;JO20;11
ON7BA;JO10;1
ON7BJ;JO21;553
ON7BL;JO10;2
ON7BM;JO20;5
ON7CFX;JO20;1
ON7CN;JO20;1
ON7CP;JO10;7
ON7DC;JO20;5
ON7DE;JO20;9
ON7DM;JO10;20
ON7DMQ;JO21;1
ON7DY;JO20;10
ON7EQ;JO10;1
ON7ET;JO20;199
ON7FD;JO11;2
ON7FU;JO10;1
ON7GB;JO21;5
ON7GE;JO20;88
ON7HW;JO11;1
ON7IM;JO20;4
ON7KEC;JO21;1951
ON7KEI;JO21;7
ON7KEI;JO22;1
ON7KR;JO20;6
ON7KS;JO21;1
ON7LO;JO21;1
ON7NQ;JO21;20
ON7NQ;JO20;1
ON7PM;JO20;540
ON7PM;EM74;1
ON7PS;JO21;12
ON7RED;JO20;1
ON7SD;JO10;1
ON7SH;JO10;1
ON7SX;JO20;9
ON7TJ;JO21;1
ON7TW;JO20;1
ON7UDM;JO21;2
ON7USB;JO10;1
ON7VP;JO10;3
ON7WM;JO21;243
ON7XT;JO10;20
ON7ZJ;JO21;2749
ON7ZJ;JO61;1
ON8AJ;JO21;1
ON8AT;JO21;1
ON8BB;JO21;4384
ON8BB;OI32;1
ON8BZ;JO11;2
ON8CA;JO20;4
ON8CL;JO11;7
ON8DIP;JO11;1
ON8DM;JO10;6
ON8DNY/P;JO20;1
ON8DX;JN29;5
ON8GDV;JO20;951
ON8GT;JO11;2
ON8LX;JN29;65
ON8NT;JO11;69
ON8ODK;JO11;1
ON8PB;JO20;1
ON8PIE;JO21;13
ON8RH;JO20;1
ON8SAT;JO20;3
ON8SV;JO20;1
ON8VI;JO21;1
ON8VK;JO20;1
ON8WS;JO20;1
ON9CLU;JO20;1
ON9DC;JO20;12
ON9KAT;JO21;6
ON9TT;JO21;178
OO0Q;JO11;16
OO0Q;JO20;1
OO3O;JO11;75
OO3O;KN41;1
OO4M;JO10;4
OO4O;JO11;14
OO5Z;JO21;6
OO6O;JO11;3
OO7B;JO11;14
OO8O;JO11;9
OO9A;JO11;25
OO9A;JO20;10
OO9O;JO21;307
OP0ELP;JO20;1
OP1D;JO21;2
OP4F;JO21;1
OP4K;JO21;134
OP4L;JO20;3
OP5T;JO21;744
OP5YXZ;GI70;1
OP7B;JO21;456
OP9T;JO21;75
OQ0Q;JO20;310
OQ3XAR;OM76;1
OQ4U;JO20;1204
OQ4U;KO06;1
OR3A;JO21;2299
OR5T;JO10;90
OR5T;JO20;1
OR7K;JO21;2
OR7K;JK21;1
OS2AD;JO21;1
OS4K;JO21;1316
OS4K/P;JO21;10
OS4U;JO20;133
OS6AT;JO10;55
OS6HC;JO11;1
OS6OM;JO11;2
OS7ET;JO20;119
OS7P;JO21;2
OS7PM;JO20;24
OS7XT;JO10;8
OS8A;JO20;5
OS9T;JO11;1
OT1A;JO10;1007
OT1C;JO20;3
OT1V;JO20;1
OT4B;JO20;3
OT4N;JO10;1
OT4R;JO21;23
OT50OVRC;JO11;2
OT5L;JO21;313
OT5L;JO90;1
OT6X;JO21;1
OT7X;JO10;4
OT8P;JO21;1
OT9A;JO21;2
OU1E;JO55;68
OU2O;JO55;4
OU4N;JO65;2
OV1MF;JO55;4
OV1T;JO56;2
OV2B;JO45;1
OV3JW;JO55;1
OV5GPN;BB60;1
OV5W;JO65;2
OV6ZM;JO55;33
OV7NR;JO66;2
OV9A;JO57;836
OX3AH;GP44;5
OX3HI;GP47;577
OX3LX;GP38;218
OX3LX;HQ90;28
OX3LX;GP47;9
OX3LX;GQ12;2
OY1DZ;IP62;6
OY1OF;IP62;3
OZ/DC7UL/P;JN03;2
OZ/DJ5LA;JO45;551
OZ0A;JO55;15
OZ0FM;JO57;1
OZ0JX;JO54;2
OZ0QF;JO46;2
OZ1ADL;JO46;1536
OZ1ADL;JO32;1
OZ1AFR;JO65;14
OZ1AHV;JO55;8
OZ1AHV;KM46;1
OZ1ANA;JO55;3
OZ1ANE;JO55;3
OZ1BEC;JO55;1
OZ1BIN;JO45;1
OZ1BJF;JO55;56
OZ1BJF;JN55;1
OZ1BJF;JO56;1
OZ1BM;JO55;4
OZ1BQM;JO46;13
OZ1BUR;JO46;3
OZ1BXG;JO46;2
OZ1BZJ;JO55;2
OZ1CF;JO65;7
OZ1CJT;JO66;3
OZ1DAE;JO65;1453
OZ1DAE;JO66;2
OZ1DAE;JO56;1
OZ1DJJ;JO55;6
OZ1DKE;JO46;1
OZ1DKT;JO65;2
OZ1DKT/A;JO65;1
OZ1DPP;JO66;1
OZ1DSD;JO45;306
OZ1DWK;JO47;1
OZ1DYI;JO45;2
OZ1ESA;JO55;1
OZ1EVM;JO65;8
OZ1FHU;JO55;14
OZ1GHK;JO45;3
OZ1GYO;JO65;1
OZ1HDF;JO55;2
OZ1HFG;JO65;5
OZ1HGH;JO65;3
OZ1HX;JO56;9
OZ1HYI;JO55;2
OZ1IFK;JO65;5
OZ1IHB;JO65;5
OZ1IKF;JO55;5
OZ1IKU;JO56;2
OZ1ITS;JO55;2
OZ1JDA;JO55;2
OZ1JJO;JO65;1
OZ1JMJ;JO46;15
OZ1JRL;JO65;4
OZ1JTE;JO65;1
OZ1JU;JO55;1
OZ1JVX;JO46;4
OZ1KEF;JO56;1
OZ1KJG;JO65;1
OZ1KQJ;JO55;5
OZ1KWJ;JO45;1
OZ1LD;JO55;1
OZ1LMZ;JO46;1
OZ1LNI;JO45;1
OZ1LXL;JO55;18
OZ1LXW;JO55;1
OZ1MFP;JO55;1
OZ1OP;JO65;2
OZ1PDE;JO44;3
OZ1PGB;JO45;3
OZ1RD;JO55;2
OZ1RE;JO56;1
OZ1RH;JO55;95
OZ1RH;JO33;1
OZ1ZD;JO46;2
OZ1ZDL;JO46;1
OZ2ABI;JO46;153
OZ2AFN;JO57;2
OZ2BMN;JO46;1
OZ2EVP;JO45;1
OZ2HNS;JO55;1
OZ2KAK;JO46;1
OZ2LC;JO56;9
OZ2LIN;JO46;3
OZ2LP;JO55;5
OZ2N;JO57;1
OZ2NT;JO55;3
OZ2OSR;JN45;1
OZ2OSR;JO45;1
OZ2PBS;JO55;7
OZ2PJ;JO65;18
OZ2SYV;JO54;1
OZ2TF;JO46;55
OZ2U;JO55;4
OZ2Y;JO56;1
OZ30EU;JO75;1
OZ3AAF;JO57;2
OZ3AEV;JO55;16
OZ3AT;JO55;1
OZ3BEN;JO55;3
OZ3CM;JO55;1
OZ3IZ;JO45;1
OZ3KLI;JO55;4
OZ3LFG;JO55;54
OZ3MC;JO46;62
OZ3MC;JO21;1
OZ3MDJ;JO45;29
OZ3TT;JO66;1
OZ4AAL;JO56;1
OZ4ACK;JO65;8
OZ4ADL;JO46;1
OZ4ADP;JO46;1
OZ4DCJ;JO57;1
OZ4HJ;JO65;12
OZ4LH;JO55;6
OZ4MK;JO55;4
OZ4NE;JO75;6
OZ4PC;JO55;1
OZ4SKK;JO47;3
OZ4TX;JO55;9
OZ4ZT;JO65;36
OZ50SOUND;JO46;1
OZ5ABO;JO65;1
OZ5ADW;JO56;7
OZ5AEA;JO46;1
OZ5AEK;JO55;2
OZ5AGJ;JO47;631
OZ5AGJ;JO56;1
OZ5FN;JO56;2
OZ5GOL;JO46;4
OZ5JLH;JO65;1
OZ5KAJ;JO46;2
OZ5NJ;JO45;8
OZ5OC;JO65;1
OZ5PST;JO57;6
OZ5QF;JO44;1
OZ5RF;JO55;1
OZ5TD;JO44;1
OZ5TU;JO54;5
OZ5TU;JO55;2
OZ5VO;JO45;28
OZ5VO;JO55;3
OZ5XP;JO55;2
OZ5XP;JO65;1
OZ5YN;JO46;3
OZ69;JO55;1
OZ6ABL;JO55;2
OZ6AFU;JO56;1
OZ6CM;JO55;4
OZ6FH;JO47;4
OZ6G;JO65;1
OZ6GH;JO65;213
OZ6HQ;JO45;45
OZ6OM;JO55;569
OZ6OM;JO47;1
OZ6P;JO55;602
OZ6P;JO56;1
OZ6PSJ;JO55;1
OZ6RS;JO56;2
OZ6TL;JO45;5
OZ6YK;JO46;1
OZ6YN;JO65;1
OZ7AEI;JO46;4
OZ7DK;JO65;1
OZ7DK/QRP;JO65;16
OZ7DK/QRP;JO55;1
OZ7DR;JO55;72
OZ7DR;AA00;1
OZ7DR;JO46;1
OZ7FOC;JO55;26
OZ7GO;JO46;2
OZ7IS;JO65;1
OZ7LC;JO55;1
OZ7MAR;JO65;1
OZ7MHZ;JO44;2
OZ7PBI;JO45;3
OZ7QC;JO55;1
OZ7QC;JO65;1
OZ7TN;JO65;1
OZ7VK;JO56;1
OZ8ABA;JO55;1
OZ8ACE;JO65;15
OZ8BLR;JO46;3
OZ8GL;JO65;9
OZ8MT;JO47;1
OZ8TE;JO44;3
OZ8XZL;JO65;2
OZ99X;JO65;3
OZ99X;JO55;2
OZ9AAR;JO45;1
OZ9ACV;JO44;1
OZ9ALH;JO65;2
OZ9AU;JO65;2
OZ9CQ;JO55;1
OZ9FF;JO75;104
OZ9FF;JO44;1
OZ9FZ;JO46;1
OZ9GL;JO65;1
OZ9NL;JO45;1
OZ9QW;JO56;3
OZ9U;JO65;97
OZ9WRH;JO56;4
P33W;KM65;5964
P33W;KM64;9
P33W;EL82;1
P33W;KN34;1
P33W;KN65;1
P33W;KO38;1
P3AA;KM65;411
P3AA;JO22;1
P3AA;KM64;1
P4/PH9X;FK42;1
P4/PH9X;FK52;1
P41E;FK52;5
P43FIJ/R;NE36;1
P69UWN;ND51;1
PA/LB9ZG;JO32;1
PA0ADG;JO22;2
PA0ARR;JO21;13
PA0ASD;JO22;1
PA0AVK;JO21;1
PA0AWH;JO21;25
PA0CAB;JO22;4
PA0CGB;JO22;1
PA0DHB;JO22;1
PA0DKW;JO21;1
PA0DSK;JO21;3
PA0EBG;JO32;2
PA0FBR;JO21;8
PA0FVH;JO22;475
PA0GCM;JO11;1
PA0GVE;JO22;13
PA0HFT;JO22;1
PA0HKX;JO33;3
PA0HWM;JO20;27
PA0ION;JO21;6
PA0JMV;JO21;4
PA0JQD;JO21;82
PA0KAS;JO33;7
PA0KGB;JO22;1
PA0KVC;JO32;4
PA0LAN;JO21;2
PA0LDE;JO22;112
PA0LDZ;JO21;11
PA0LMD;JO22;1
PA0LSC;JO22;3
PA0MBD;JO33;230
PA0MIR;JO22;141
PA0O;JO33;6
PA0PEV;JO21;2
PA0PIP;JO22;1
PA0PIW;JO22;1667
PA0PUB;JO21;3
PA0PVW;JO22;1
PA0RBC;JO22;5
PA0RBL;JO32;38
PA0RNH;JO22;12
PA0RVG;JO11;1
PA0SLA;JO32;5
PA0SNY;JO22;2
PA0VAM;JO21;4
PA0VHA;JO21;2
PA0VJB/QRP;JO21;1
PA0VLY;JO33;148
PA0WCH;JO21;5
PA0WPD;JO21;5
PA0YDE;JO33;2
PA0ZH;JO33;3
PA1AA;JO21;30
PA1AD;JO21;2
PA1ADR;JO22;4
PA1AIS/MM;JO22;1
PA1AIS/MM;JO23;1
PA1AMS;JO22;2
PA1APW;JO22;5
PA1AT;JO33;4
PA1BC;JO22;4
PA1BK;JO33;1
PA1BOB;JO22;10
PA1BP;JO21;1
PA1CC;JO21;165
PA1CM;JO21;2
PA1CM/P;JO33;5
PA1CPA;JO21;2
PA1CTW;JO32;5
PA1EJO;JO21;215
PA1EL;JO22;1
PA1ES;JO22;1
PA1GM;JO22;2
PA1H;JO32;173
PA1HD;JO32;7
PA1HGM;JO11;5
PA1HGM;JO22;1
PA1JLG;JO21;4
PA1JM;JO22;222
PA1JN;JO21;1
PA1JT;JO21;1
PA1LEX;JO22;2
PA1LX;JO32;5
PA1MS;JO22;11
PA1MVL;JO21;1
PA1PAT;JO21;106
PA1PDM;JO21;1
PA1PG;JO33;4
PA1PG;JO45;1
PA1PLM;JO31;1
PA1RC;JO22;2
PA1RF;JO32;14
PA1RF;JO22;1
PA1RMY;JO22;1
PA1RR;JO32;2
PA1SH;JO11;168
PA1TB;JO22;2
PA1TO;JO22;5
PA1VW;JO21;1
PA1WLB/P;JO22;2
PA1ZT;JO21;2
PA2A;JO21;233
PA2AMJ;JO33;1
PA2BUL;JO21;1
PA2CV;JO32;2
PA2CX;JO22;1
PA2EJD;JO21;88
PA2EW;JO22;6
PA2F;JO11;2
PA2HP;JO21;1
PA2IP;JO23;460
PA2JCB;JO21;570
PA2JCB/YB;OI42;1
PA2JH;JO22;1
PA2KOP;JO22;1
PA2KV;JO33;8
PA2LP;JO21;4
PA2MKV;JO11;1
PA2MRK;JO22;6
PA2MRK;JO21;1
PA2NJC;JO31;2
PA2PDV;JO32;2
PA2PF;JO22;2
PA2PKZ;JO32;198
PA2RB;JO32;5
PA2REH;JO22;223
PA2RIC;JO22;3
PA2RO;JO22;385
PA2TA;JO21;800
PA2TA;IO94;1
PA2UL;JO32;237
PA2V;JO22;1
PA2VS;JO33;856
PA2WDR;JO21;16
PA2WDR;JN29;1
PA3AAA;JO22;1
PA3ACA;JO21;632
PA3ADE;JO22;4
PA3ADY;JO32;1
PA3AGN;JO22;31
PA3AIM;JO22;17
PA3AIN;JO32;2
PA3AIW;JO21;3
PA3AMD;JO22;2
PA3ANF;JO22;4
PA3ANT;JO33;2
PA3ANZ;JO22;2
PA3APF;JO22;1
PA3APH;JO22;3
PA3ARI;JO32;2
PA3AT;JO21;1
PA3ATR;JN57;1
PA3ATR/P;JN57;1
PA3ATZ;JO23;1
PA3BBX;JO22;1
PA3BGQ;JO22;4
PA3BHW;JO32;1
PA3BMB;JO22;86
PA3BQC;JO22;3
PA3BTI;JO22;1
PA3BUD;JO21;11
PA3BUL;JO20;1
PA3BV;JO22;8
PA3BVS;JO21;6
PA3BYK;JO22;4
PA3BZY;JO21;10
PA3CAC;JO22;7
PA3CAU;JO21;10
PA3CCX;JO21;2
PA3CFI;JO21;2
PA3CGU;JO32;66
PA3CNI;JO22;1
PA3COA;JO32;1
PA3CPS;JO32;160
PA3CPS;JO22;1
PA3CQF;JO21;1
PA3CWI;JO11;1
PA3CZP;JO22;1
PA3DAI;JO22;8
PA3DAI;JO21;3
PA3DAM;JO22;4
PA3DAT;JO22;247
PA3DBS;JO21;270
PA3DBS;GJ28;1
PA3DDP;JO21;1
PA3DII;JO23;4
PA3DJR;JO33;1
PA3DJY;JO22;15
PA3DNR;JO21;4
PA3DRQ;JO32;1
PA3DTN;JO21;7
PA3DTR;JO21;1732
PA3DUU;JO21;1
PA3DZM;JO21;33
PA3EAP;JO32;4
PA3EAQ;JO31;18
PA3ECU;JO32;2
PA3EEG;JO32;1
PA3EFR;JO22;2
PA3EHX;JO21;4
PA3ELQ;JO32;288
PA3EMN;JO22;330
PA3EOU;JO22;4235
PA3EPO;JO21;135
PA3EPO;JO22;3
PA3EPP;JO32;35
PA3EVY;JO11;454
PA3EWC;JO21;28
PA3EWG;JO21;1108
PA3EWP;JO21;346
PA3EWP;QE66;1
PA3EWR;JO32;2
PA3EWS;JO32;1
PA3EY;JO32;1
PA3EYK;JO32;3
PA3FCE;JO22;1
PA3FDR;JO22;12
PA3FHB;JO22;1
PA3FLA;JO33;21
PA3FMK;JO22;3
PA3FMN;JO22;2
PA3FNT;JO22;4
PA3FOE;JO21;20
PA3FPQ;JO22;43
PA3FPQ;JO21;2
PA3FQA;JO32;1
PA3FQH;JO21;3
PA3FR;JO33;2
PA3FRX;JO22;1
PA3FXT;JO33;4
PA3FXU;JO21;1
PA3FYG;JO22;8
PA3GAE;JO21;11
PA3GAN;JO21;3
PA3GCV;JO32;334
PA3GDG;JO21;316
PA3GDL;JO22;7
PA3GDR;JO32;1
PA3GDY;JO21;4
PA3GG;JO22;1
PA3GHJ;JO22;30
PA3GHJ;JO21;2
PA3GHJ;JO33;1
PA3GHQ;JO21;2
PA3GIE;JO22;1
PA3GJK;JO21;10
PA3GLH;JO22;4
PA3GLQ;JO21;5
PA3GOV;JO22;1
PA3GPU;JO23;3
PA3GQM;JO22;1
PA3GRM;JO22;6
PA3GVI;JO22;2
PA3GXF;JO21;3
PA3GYQ;JO21;1
PA3HFT;JO21;1
PA3HGC;JO32;5
PA3HGF;JO21;247
PA3HGP;JO22;4
PA3HGU;JO21;3
PA3HGX;JO23;2
PA3HH;JO20;2
PA3HIJ;JO22;3
PA3HIZ;JO21;2
PA3I;JO21;86
PA3I;JO22;1
PA3JB;JO21;78
PA3JQD;JO21;157
PA3JVA;JO22;1
PA3KUS;JO21;13
PA3KVE;JO21;4
PA3PCV;JO20;4
PA3PKO;JO22;2
PA3R;JO22;264
PA3RO;JO22;1
PA3T;JO31;10
PA3TA;JO21;1
PA3WB;JO21;2
PA3WL;JO22;2
PA40;JO33;1
PA4ARI;JO21;4
PA4B;JO22;722
PA4B;JO20;1
PA4BEN;JO22;635
PA4CC;JO32;10
PA4DN;JO32;543
PA4DN/P;JO11;204
PA4G;JO22;1
PA4GDR;JO32;2376
PA4GDR;JN75;1
PA4J;JO11;18
PA4O;JO33;5067
PA4R;JO21;5
PA4T;JO22;3
PA4WIM;JO22;2
PA4X;JO20;4
PA5BU;JO22;1
PA5COR;JO23;27
PA5DB;JO21;1
PA5DEK;JO30;1
PA5DL;JO32;1
PA5DX;JO32;92
PA5DX;JO22;1
PA5DX;KO85;1
PA5FS;JO33;1
PA5GB;JO33;1
PA5HR;JO32;1
PA5JD;JO22;1
PA5JS;JO21;103
PA5KT;JO11;267
PA5MB;JO21;3
PA5MR;JO32;3
PA5P;JO32;330
PA5PEK;JO11;1
PA5RH;JO22;13
PA5TON;JO22;1
PA5VL;JO22;50
PA5WK;JO33;1
PA5WT;JO22;95
PA6AA;JO32;3340
PA6AA;JO33;4
PA6B;JO21;1022
PA6Q;JO32;385
PA7AP;JO23;1
PA7D;JO32;3
PA7ED;JO22;3
PA7EY;JO22;2
PA7F;JO22;196
PA7FB;JO22;2
PA7FK;JO21;2
PA7HPH;JO22;236
PA7J;JO21;1
PA7JG;JO22;3
PA7LV;JO22;2
PA7PYR;JO21;138
PA7PYR;KM71;1
PA7RW;JO22;463
PA7TG;JO22;48
PA7WW;JO32;468
PA7ZZ;JO22;14
PA80NYM;JO21;1
PA8DC;JO21;3
PA8FB;JO32;1
PA8KM;JO32;92
PA8MC;JO20;1
PA8RVD;JO22;1
PA8S;JO32;1
PA8VK;JO22;4
PA9CC;JO32;25
PA9JAS;JO23;1
PA9R;JO22;2
PA9RX;JO32;1
PA9TT;JO32;1
PB0ACU;JO22;546
PB0AIC;JO21;5
PB0AKY;JO22;4
PB0ANW;JO22;1
PB0C;JO21;2
PB0R;JO22;2
PB1CNN;JO11;191
PB1HF;JO20;7
PB1HF/QRP;JO20;1
PB1JB;JO22;7
PB1L;JO22;1
PB2A;JO21;399
PB6W;JO22;1
PB75A;JN03;1
PB7J;JO20;4
PB7TT;JO22;3
PB7Z;JO32;2706
PB8LCH;LE09;1
PC0NUL;JO22;1
PC1EMR;JO21;256
PC1JB;JO22;5
PC1K;JO22;2
PC1PM;JO23;35
PC1V;JO21;1
PC1Y;JO21;2
PC20SAIL;JO22;5
PC20SAIL;JO21;2
PC25SAIL;JO22;4
PC2C;JO22;1
PC2F;JO22;1335
PC2J;JO22;56
PC2K;JO22;1239
PC2LR;JO22;4
PC3T;JO21;10
PC4H;JO22;3755
PC4H;JO92;1
PC4L;JO11;185
PC4N;JO21;7
PC4U;JO21;3
PC5C;JO33;1
PC5L;JO21;3
PC5Q;JO22;192
PC5W;JO20;7
PC6R;JO22;1
PC7E;JO22;1
PC7W;JO11;191
PC7W;JO22;3
PC8M;JO21;25
PC8T;JO33;3
PC9F;JO32;54
PC9K;JO22;142
PD0ACM;JO21;1
PD0ADC;JO32;14
PD0AG;JO32;57
PD0AGS;JO22;1
PD0AK;JO21;1
PD0BKL;JO33;27
PD0BN;JO21;1
PD0CIF;JO32;2
PD0CL;JO22;1
PD0CQ;JO21;2
PD0D;JO21;42
PD0D;JN23;1
PD0DEC;JO23;1
PD0DGZ;JO22;195
PD0G;JO22;1
PD0GIP;JO21;7
PD0GJS;JO21;1
PD0GP;JO22;153
PD0GTO/P;JO21;127
PD0HCV;JO21;2
PD0HF;JO22;91
PD0HGQ;JO22;3
PD0HLA;JO22;67
PD0HNH;JO22;3
PD0HSK;JO22;2
PD0IAT;JO21;2
PD0IBA;JO21;6
PD0IDQ;JO22;2
PD0IFI;JO32;12
PD0IFI;JO22;1
PD0JDF;JO22;1
PD0JEW;JO22;1
PD0JJL;JO32;5
PD0JLA;JO22;2
PD0JMH;JO32;632
PD0JNG;JO22;4
PD0JOY;JO21;5
PD0JSB;JO21;4
PD0JT;JO22;8
PD0LBY;JO22;7
PD0LBY;JN51;1
PD0LEO;JO22;22
PD0LH;JO22;21
PD0LK;JO21;1
PD0LWF;JO21;3
PD0ME;JO32;1195
PD0ME;JN03;1
PD0MHZ;JO21;296
PD0MJC;JO32;1
PD0MNO;JO22;13
PD0MNO;JO21;6
PD0MWG;JO22;14
PD0NHM;JO33;2
PD0NMO;JO32;6
PD0OKP;JO22;3
PD0ONP;JO21;2
PD0ONP;JO22;1
PD0PMF;JO32;2
PD0PQO;JO21;3
PD0PVY;JO32;1
PD0RDD;JO22;1
PD0RHX;JO22;1
PD0RS;JO11;385
PD0RWH;JO23;1
PD0RXP;JO32;47
PD0RZA;JO21;7
PD0RZB;JO22;3
PD0SBH;JO21;1
PD0SBX;JO21;80
PD0SOT;JO22;42
PD0SV;JO21;4
PD0TDK;JO21;1
PD0TV;JO22;3
PD0TV;JO33;1
PD0TVA;JO21;1
PD0VDL;JO32;3
PD0W;JO22;1050
PD0W;JO21;1
PD0WAG;JO21;29
PD0WH;JO22;4
PD0WL;JO21;3
PD0WMR;JO22;4
PD0WRT;JO21;4
PD0WVB;JO22;483
PD0WZP;JO32;7
PD0YL;JO22;60
PD1AC;JO22;16
PD1ACS;JO32;14
PD1ADA;JO21;8
PD1AIQ;JO22;7
PD1ANF;JO21;406
PD1AQT;JO22;1
PD1ARV;JO32;2
PD1AT;JO21;2
PD1AVN;JO21;1
PD1B;JO32;847
PD1B;IN89;1
PD1BER;JO22;11
PD1BHZ;JO22;458
PD1BJO;JO32;4
PD1BT;JO22;1
PD1BU;JO21;1
PD1BW;JO22;21
PD1BZ;JO22;1
PD1CK;JO22;1
PD1CMP;JO21;21
PD1CW;JO21;26
PD1DG;JO22;1
PD1DL;JO22;8
PD1DP;JO32;1
PD1DRE;JO22;14
PD1DTH;JO32;22
PD1ECA;JO32;9
PD1EDS;JO21;2
PD1EL;JO22;3
PD1EN;JO32;18
PD1GAW;JO33;1
PD1GE;JO22;7
PD1GJB;JO22;12
PD1GOL;JO21;1
PD1GS;JO32;4
PD1HK;JO33;2
PD1HPB;JO22;44
PD1JBO;JO22;1
PD1JDL;JO22;1
PD1JFB;JO22;19
PD1JFB;JO32;1
PD1JH;JO22;6
PD1KZB;JO33;15
PD1LSD;JO22;1
PD1LVK;JO22;19
PD1MDV;JO21;1
PD1NL;JO20;31
PD1NW;JO21;1
PD1PBL;JO21;2
PD1PK;JO21;20
PD1PSR;JO33;76
PD1PSR;JO22;5
PD1RJ;JO21;5
PD1RJH;JO22;7
PD1RMB;JO32;2
PD1RO;JO21;13
PD1RON;JO30;1
PD1ROS;JO22;8
PD1RP;JO22;483
PD1RP;KN35;1
PD1TM;JO33;2
PD1TV;JO32;1576
PD1TVN;JO33;1
PD1WKV;JO21;1
PD1WLM;JO21;1
PD1WO;JO21;9
PD1WS;JO22;164
PD2AD;JO32;2
PD2ARI;JO22;218
PD2AVE;JO22;1
PD2B;JO32;1
PD2BA;JO21;3
PD2BS;JO33;1
PD2CM;JO21;1
PD2CO;JO22;1
PD2D;JO20;1
PD2DK;JO33;1
PD2DX;JO32;52
PD2FS;JO22;1
PD2GJS;JO21;3
PD2GO;JO22;3
PD2GSP;JO21;55
PD2HAB;JO22;6
PD2HCM;JO21;1
PD2HVT;JO21;17
PD2HYN;JO21;3
PD2JCB;JO21;100
PD2JG;JO33;2
PD2JR;JO21;1
PD2MAC;JO22;7
PD2MDR;JO21;1
PD2MIC;JO21;3
PD2MST;JO22;1
PD2MV;JO22;12
PD2NBE;JO21;1
PD2PE;JO21;29
PD2PKM;JO21;2308
PD2PKM;JM76;1
PD2PRM;JO21;1
PD2PVM;JO21;1
PD2RAL;JO21;1
PD2RLD;JO21;23
PD2RLD;JO23;7
PD2RVG;JO21;1
PD2SD;JO32;333
PD2SHB;JO21;7
PD2SR;JO23;2
PD2TAZ;JO22;1
PD2V;JO22;2
PD2VE;JO22;7
PD2WL;JO22;42
PD2WS;JO23;6
PD3A;JO30;5
PD3AFI;JO21;12
PD3AH;JO21;1369
PD3AH;KP32;1
PD3AK;JO11;6
PD3AL;JO22;4
PD3BW;JO32;2
PD3CFG;JO22;23
PD3ED;JO21;9
PD3EDA;JO32;3
PD3EM;JO21;416
PD3FAW;JO22;1
PD3FJJ;JO21;10
PD3FRA;JO31;1
PD3HB;JO32;5
PD3JAG;JO21;3
PD3JH;JO32;1
PD3JWB;JO11;1
PD3LKN;JO22;2
PD3MP;JO22;2
PD3MTR;JO21;1
PD3MTS;JO23;7
PD3PVH;JO21;6
PD3PVH;JO22;2
PD3Q;JO21;1
PD3RFR;JO22;412
PD3RM;JO22;5
PD3T;JO22;13
PD3WA;JO21;1
PD3WMA;JO22;8
PD4AT;JO21;17
PD4AVT;JO21;5
PD4CAR;JO22;5
PD4DX;JO33;5
PD4DYH;JO22;2
PD4ED;JO21;1
PD4EDN;JO22;1
PD4EH;JO21;1
PD4FH;JO21;1
PD4FL;JO33;12
PD4JOH;JO22;2
PD4JVB;JO21;1
PD4KK;JO21;4
PD4L;JO22;26
PD4MV;JO22;2
PD4OLI;JO21;2
PD4PG;JO21;1
PD4PMS;JO22;3
PD4R;JO32;72
PD4RFS;JO21;6
PD4RG;JO23;2
PD4RL;JO22;1
PD4RP;JO22;4
PD4SN;JO32;3
PD4TK;JO22;3
PD4TZ;JO21;2
PD4WD;JO23;178
PD4WIM;JO22;10
PD4WIN;JO22;1
PD538RNI;JN03;1
PD5A;JO32;1
PD5B;JO21;10
PD5BUS;JO22;2
PD5DEK;JO30;4
PD5DJ;JO22;3
PD5DLB;JO33;1
PD5DRE;JO32;5
PD5FK;JO32;5
PD5GER;JO22;1
PD5GH;JO21;3
PD5HW;JO22;1
PD5JOS;JO21;1
PD5KWZ;JO22;2
PD5L;JO32;4
PD5MJF;JO31;4
PD5MVH;JO22;200
PD5MVH;JO24;1
PD5PET;JO21;579
PD5RAY;JO21;4
PD5RML;JO32;3
PD5WA;JO22;17
PD7AB;JO22;1
PD7BDN;JO22;10
PD7C;JO21;1
PD7CA;JO31;4
PD7EB;JO32;540
PD7EB;JO22;2
PD7FS;JO21;3
PD7JLP;JO32;1
PD7JV;JO21;8
PD7JVW;JO31;3
PD7LJ;JO21;14
PD7RB;JO21;171
PD7RF;JO22;615
PD7RF/QRP;JO22;1
PD7RL;JO22;5
PD7RON;JO22;129
PD7SDB;JO21;1
PD8DX;JO32;892
PD8GB;JO32;5
PD8HUB;JO21;11
PD8MD;JO32;3
PD8RUK;JO32;4
PD8TBK;JO32;5
PD9DP;JO21;21
PD9DY;JO22;3
PD9FER;JO22;7
PD9FJ;JO22;8
PD9FLX;JO22;1
PD9GD;JO21;2
PD9HK;JO22;10
PD9KS;JO22;1
PD9MK;JO21;95
PD9MS;JO21;1
PD9OH;JO21;25
PD9Q;JO11;5
PD9RM;JO22;1
PD9T;JO22;4
PE0BKH;JO32;1
PE0DNY;JO33;1
PE0F;JO21;5
PE0JBE;JO32;1
PE0MVJ;JO32;3
PE0QGC;IE84;1
PE0RVA;JO32;4
PE0TS;JO32;15
PE1AFX;JO21;1
PE1ARS;JO32;121
PE1AVG;JO23;73
PE1AZX;JO33;1
PE1BAP/W7;JO22;1
PE1BFA;JO22;284
PE1BNF;JO21;94
PE1BQE;JO22;1
PE1BSF;JO32;2
PE1BYW;JO22;1
PE1C;JO32;608
PE1CAQ;JO21;2
PE1CIM;JO22;1
PE1CIM;JO33;1
PE1COO;JO33;4
PE1CPJ;JO21;423
PE1CUP;JO31;668
PE1DAB;JO23;1
PE1DDA;JO22;5
PE1DSA;JO33;3
PE1DTE;JO20;1
PE1EBT;JO22;1
PE1EVX;JO22;1
PE1EXQ;JO21;2
PE1FDG;JO22;4
PE1FTV;JO21;1284
PE1FWC;JO22;1
PE1FWM;JO22;1
PE1FZK;JO21;29
PE1GRL;JO21;10
PE1GWX;JO22;1
PE1HBE;JO32;2
PE1HWO;JO21;234
PE1HXK;JO33;1
PE1INC;JO32;2
PE1JPB;JO21;3
PE1JQV;JO20;1
PE1JRP;JO32;39
PE1JTU;JO33;4
PE1JXI;JO20;1
PE1JZL;JO22;3
PE1KBR;JO32;5
PE1KL;JO21;63
PE1KL;JO22;1
PE1KLR;JO22;105
PE1KWE;JO22;3
PE1KZU;JO22;1
PE1L;JO32;1
PE1LDS;JO22;473
PE1LFI;JO22;1
PE1LGZ;JO32;2
PE1LJS;JO22;11
PE1LJY;JO22;2
PE1LYU;JO22;3
PE1LZZ/P;JO21;1
PE1MNW;JO32;1
PE1MPI;JO21;1056
PE1MPI;JO22;1
PE1MRN;JO22;6
PE1NBD;JO22;4
PE1NCP;JO21;2
PE1NMM;JO32;8
PE1NPS;JO22;45
PE1NYQ;JO21;754
PE1NZS;JO21;5
PE1NZS;IO64;1
PE1OID;JO33;2
PE1OUW;JO22;6
PE1OWG;JO22;1
PE1OYB;JO21;227
PE1PEO;JO22;7
PE1PEP;JO22;3
PE1PFH;JO32;2
PE1PGA;JO22;2
PE1PID;JO31;1
PE1PIN;JO32;2
PE1PIX;JO23;2645
PE1PKI;JO22;9
PE1PNX;JO23;5
PE1PTJ;JO22;5
PE1PWR;JO22;2
PE1RBF;JO21;1
PE1RDP;JO21;1
PE1RF;JO22;500
PE1RF;JN99;1
PE1RNU;JO32;11
PE1RRR;JO21;20
PE1RSY;JO22;1
PE2AE;JO33;1
PE2BNE;JO33;4
PE2GVR;JO21;3
PE2HHN;JO32;1
PE2JMR;JO33;8
PE2K;JO22;1719
PE2TAN;JO22;2
PE2USA;JO22;1
PE3T;JO21;1135
PE3T;JO22;1
PE3ZNN;OR88;1
PE4A;JO22;231
PE4BAS;JO33;302
PE4I;JO21;41
PE4IR;JO21;1
PE4KH;JO22;9
PE4T;JO33;4
PE5CFG;JO22;2
PE5ENJ;JO21;3
PE5I;JO21;2
PE5O;JO21;467
PE75BS;JN03;1
PE7URK;JO22;1
PE9EK;JO21;1
PE9JAN;JO22;2
PE9TIG;JO11;1
PF01MAX;JO22;5
PF01MAX;JO21;1
PF1B;JO22;44
PF1H;JO21;144
PF1JM;JO32;51
PF2023GP;JO22;8
PF23GP;JO22;1
PF25GP;JO22;2
PF2JV;JO22;7
PF3X;JO21;2
PF7DKW;JO21;13
PF7DKW;JO22;1
PF9Z;JO32;1
PG0M;JO11;2
PG2F;JO21;2
PG2K;JO21;275
PG4E;JO22;2
PG5V;JO21;205
PG5V;JM77;1
PG6PEACE;JO22;1
PG7M;JO21;247
PG7R;JO22;4
PG7V;JO22;238
PG7VG;JO21;1
PG9S;JO32;144
PH0LT;JO22;1
PH0TV;JO32;10
PH2M;JO22;2
PH2M/P;JO11;1
PH3A;JO21;39
PH3GB;JO21;10
PH3T;JO22;966
PH4E;JO22;18
PH5M;JO21;607
PH7R;JO22;3
PH9A;JO32;17
PH9A;JO22;1
PH9B;JO21;215
PH9M;JO33;1
PH9OY;JO22;1
PI30COM;JO21;2
PI30COM;JN03;1
PI4AMF;JO22;301
PI4DX;JO21;1458
PI4DX;GG67;1
PI4DX;KI88;1
PI4LWD;JO23;101
PI4RCB;JO22;1
PI4TIL;JO21;2
PI4TX;JO22;2
PI4U;JO21;2
PI4UTR;JO22;2
PI4VAD;JO21;50
PI4VPO;JO21;1105
PI4X;JO32;857
PI4X;JO22;1
PI75AMF;JO22;1
PI75ZUT;JO32;2
PI9SXY/R;OG95;1
PJ2/SM4KYN;FK52;6
PJ2AFM;FK52;1
PJ2LJG;FK52;28
PJ2LS;FK52;2
PJ2MAN;FK52;21
PJ2SD;FK52;3
PJ4BAR;FK52;7
PJ4BZL;FK52;1
PJ4DX;FK52;592
PJ4DX;GG66;1
PJ4EVA;FK52;404
PJ4GR;FK52;2
PJ4RF;FK52;1
PJ7FM;FK88;1
PJ7FM;IN89;1
PM9NVX/R;RQ28;1
PN2LYE;FJ42;1
PN5NR;JD95;1
PP1CZ;GG99;2
PP1WW;GG99;2
PP2CS;GH53;370
PP2FRS;GH63;4
PP2RON;GH53;6
PP2TS;GH54;2
PP5AK;GG51;2
PP5AM;GG52;7
PP5AMP;GG52;10
PP5AV;GG53;2
PP5AX;GG53;102
PP5BBN;GG51;1
PP5BK;GG51;3
PP5CF;GG52;13
PP5CFL;GG52;2
PP5CL;GG53;1
PP5DE;GG53;5
PP5DX;GG53;1
PP5EJ;GG53;4
PP5ERE;GG52;2
PP5FMM;GG52;68
PP5FZ;GG42;545
PP5GLP;GG53;2
PP5GP;GG52;6
PP5HR;GG53;17
PP5HT;GG52;1
PP5IN;GG52;1
PP5JD;GG52;2
PP5JLA;GG52;3
PP5JP;GG52;1
PP5JR;GG52;3
PP5LDO;GG53;1
PP5TG;GG53;351
PP5TI;GG52;341
PP5TI;GG54;1
PP5TK;GG53;2
PP5VA;GG53;1
PP5XA;GG52;126
PP5ZP;GG53;114
PP5ZX;GG43;3
PP6EOJ;HH19;13
PP7GB;HI20;2
PP7JM;HI10;59
PP7LL;HI20;2
PP8FA;FI96;4
PQ8VA;GJ40;1
PR3K;GF38;1
PR4C;GG78;416
PR4C;GH49;2
PR7AB;HI22;43
PR7AR;HI23;2
PR7DBR;HI22;2
PR7KSA;HI03;12
PR8ZX;GI64;2
PS2F;GG67;2
PS2OTA;GH64;1
PS7CY;HI24;4
PS7KM;HI24;2
PS7LN;HI24;1
PS8CW;GI84;2
PS8MT;GI84;27
PS8RV;GI84;4
PS9BTA;NO22;1
PT2ADM;GH64;1
PT2AZ;GH54;5
PT2BW;GH64;3
PT2DAC;GH54;2
PT2DF;GH54;1
PT2HL;GH64;1
PT2MAF;GH54;2
PT2ND;GH64;1051
PT2ND;GK14;1
PT2ON;GH64;5
PT2OP;GH64;1
PT2PAG;GH64;5
PT2TD;GH64;6
PT2VHF;GH64;56
PT2ZM;GH54;5
PT2ZXR;GH54;211
PT5C;GG54;120
PT5J;GG52;1208
PT5J;CD15;1
PT5J;GH28;1
PT5OHJ;NP89;1
PT7AAS;HI06;3
PT7AZ;HI06;1
PT7BI;HI06;5
PT7BL;HI06;50
PT7BR;HI06;4
PT7KM;HI05;11
PT7PL;HI06;1
PT7PT;HI03;8
PT7WM;HI04;19
PT8AA;FI32;3
PT8DX;FI60;225
PT9CLM;GH49;2
PT9KK;GG29;2
PT9MD;GG27;5
PT9TI;GG27;91
PU1ABT;GG99;2
PU1AJN;GG99;84
PU1EDG;GH90;2
PU1ERS;GG99;27
PU1FAP;GG99;1
PU1JDX;GG86;4
PU1JSV;GG87;1227
PU1JSV;FJ51;1
PU1KDX;GG97;2
PU1KKV;GG86;1
PU1KPS;GG77;651
PU1MDN;GG87;14
PU1MRV;GG87;20
PU1MXA;GG98;1
PU1OWL;GG87;1
PU1RAE;GG87;5
PU1RAM;GG87;1
PU1REC;GG97;47
PU1RSV;GG77;1
PU1SJL;GG87;13
PU1SRG;GG87;2
PU1SSH;GG87;17
PU1TAP;GG87;6
PU1TFT;GG87;1
PU1TWF;GG87;1
PU1VKG;GG87;3
PU1VMA;GG77;13
PU1WTW;GG87;1
PU20RG;GG76;59
PU2ARS;GH64;7
PU2DMA;GH54;1
PU2FDD;GH53;4
PU2GAF;GG66;1
PU2GHZ;GH53;3
PU2GTA;GH53;2
PU2HDC;GH53;3
PU2KAZ;GG68;2
PU2KEH;GG76;1
PU2KNM;GG55;119
PU2KRL;GG66;109
PU2KSQ;GG66;1
PU2KTO;GG66;21
PU2LJH;GG66;3
PU2LOD;GG66;7
PU2LQX;GG77;1
PU2LRZ;GG67;3
PU2LTO;GG66;1
PU2LWR;GG66;5
PU2MGE;GG66;2
PU2MPB;GG66;1
PU2MST;GG76;98
PU2MVE;GG66;8
PU2MWV;GG66;1
PU2MXU;GG66;2
PU2NAX;GG66;36
PU2NBI;GG66;123
PU2NHD;GG76;6
PU2NKT;GG66;3
PU2NOE;GG65;1
PU2NOL;GG66;2
PU2NPK;GG66;31
PU2NSA;GG66;4
PU2NVC;GG66;2
PU2NYT;GG77;3
PU2NZO;GG76;16
PU2ODR;GG66;1
PU2OEN;GG57;1
PU2OFA;GG67;39
PU2OIP;GG66;11
PU2OLQ;GG47;3
PU2ONX;GG66;291
PU2OOC;GG66;7
PU2OOL;GG66;6
PU2ORG;GG76;59
PU2OXB;GG56;3
PU2OXP;GG66;1
PU2OXU;GG66;2
PU2OYP;GG67;1
PU2OYT;GG66;1
PU2PFH;GG68;1
PU2PGQ;GG66;4
PU2PKA;GG76;66
PU2PKB;GG67;1
PU2PNB;GG76;77
PU2PNY;GG66;5
PU2POP;GG66;1
PU2POQ;GH49;2
PU2PPD;GG66;1
PU2PPP;GG67;3
PU2PQT;GG59;9
PU2PQT;GG67;2
PU2REK;GG66;2
PU2REY;GG67;4
PU2RKW;GG66;1
PU2RTO;GG66;8
PU2RXF;GG66;9
PU2RXF;GG77;1
PU2RXF;GH49;1
PU2RXS;GG66;3
PU2SCB;GG66;1
PU2SDW;GG58;3
PU2SEG;GG66;17
PU2STZ;GG68;4
PU2SWR;GG66;3
PU2TBK;GG67;3
PU2TRH;GG76;1
PU2TWZ;GG67;184
PU2TXZ;GG57;8
PU2TZW;GG66;3
PU2UAF;GG66;2976
PU2USK;GG76;485
PU2UTY;GG66;10
PU2VAV;GG66;1
PU2VDK;GG66;2
PU2VDV;GG68;5
PU2VLW;GG67;99
PU2VLW;GG66;1
PU2VPW;GG66;1
PU2VTC;GG66;4
PU2WEI;GG67;4
PU2WNO;GG77;75
PU2WOW;GG66;1
PU2XEE;GG66;2
PU2XFF;GG76;35
PU2XMY;GG66;3
PU2XSK;GG65;1
PU2XSX;GG68;27
PU2XYV;GG67;1
PU2YAT;GG66;8
PU2YFR;GG66;3
PU2YKG;GG66;2
PU2YMH;GG67;109
PU2YQZ;GG57;1
PU2YRG;GG66;3
PU2YVA;GG66;2
PU2YXB;GG67;26
PU2YYD;GG66;1
PU3AMB;GF49;1
PU3ARG;GG65;1
PU3BDJ;GH49;2
PU3BDJ;GG40;1
PU3CKM;GF49;1
PU3DEM;GG40;5
PU3ESA;GF49;3
PU3FLM;GH14;2
PU3GAP;GG30;4
PU3LMZ;GG40;3
PU3MBM;GF49;1
PU3MEM;GG31;3
PU3MIP;GF49;25
PU3MSR;GF49;24
PU3NKP;GG40;6
PU3POE;GG40;492
PU3PYP;GG40;4
PU3RIN;GG30;1
PU3ULT;GG40;1
PU3VLM;GG40;7
PU3VON;GF49;337
PU3VRW;GF37;2
PU3YKM;GG67;1
PU3YKW/M;GG22;4
PU3YST;GG40;28
PU3YUW;GG40;12
PU4AFG;GH80;3
PU4BSC;GH60;2
PU4CRD;GG89;2
PU4DCN;GH80;3
PU4DEE;GH49;1
PU4DEE;GH80;1
PU4DIN;GG89;5
PU4EPM;GG88;1
PU4EPO;GG78;1
PU4HUD;GG89;4
PU4JLV;GH51;6
PU4JOE;GH91;406
PU4MMZ;GH80;945
PU4OSB;GG88;215
PU4PAF;GH60;2
PU4PCE;GG77;1
PU4SYB;GG78;1
PU4TNT;GH80;13
PU4TNT;GG80;1
PU4TNT;GH61;1
PU4TPM;GG67;23
PU4YDZ;GG68;2
PU4YEN;GH61;9
PU4YEN;FJ11;1
PU4YJS;GH70;1
PU5ACV;GG54;2
PU5ACV;AA00;1
PU5AGM;GG53;1
PU5BBR;GG52;1
PU5BHV;GG53;7
PU5BNG;GG53;10
PU5BOY;GG53;8
PU5BSW;GG52;4
PU5BWB;GG53;2
PU5BWB;GG54;1
PU5BXB;GG52;1
PU5CAD;GG53;2
PU5CEK;GG53;1
PU5CFC;GG53;4
PU5CRD;GG52;5
PU5CTP;GG42;2
PU5CVB;GG52;8
PU5ECJ;GG53;2
PU5FLP;GG52;15
PU5FLV;GG52;2
PU5GER;GG53;8
PU5GIR;GG51;10
PU5IKE;GG53;108
PU5JNP;GG52;4
PU5JVA;GG43;9
PU5KOD;GG53;3
PU5LAW;GG42;1
PU5LCH;GG53;3
PU5LCH;GG54;1
PU5LTB;GG87;1
PU5LTI;GG52;18
PU5MBF;GG44;4
PU5MDD;GG54;4
PU5MFI;GG36;72
PU5MVO;GG54;2
PU5NDE;GG36;3
PU5ODE;GG24;1
PU5OEB;GG35;1
PU5OEB;GG36;1
PU5RON;GG54;5
PU5SPD;GG54;2
PU5SVE;GG35;8
PU5SZN;GG54;2
PU5WDB;GG54;6
PU5WEB;GG46;5
PU5WMA;GG35;53
PU5WMG;GG35;5
PU5WXY;GG44;1
PU5YDD;GG46;1
PU5YSV;GG54;12
PU6JLV;HH03;3
PU6MXU;HH07;4
PU7ASP;HI20;178
PU7EGC;HI22;79
PU7GHM;HI23;1
PU7GMY;HI23;2
PU7MMV;HI03;3
PU7NLD;HI06;174
PU7OBR;HI06;108
PU7RML;HI22;1
PU7SEL;HI21;3
PU8MCA;GI77;1
PU8MCM;GI77;1
PU8MGB;GI84;5
PU8OMT;GI77;6
PU8TLH;FJ92;4
PU8UMR;FJ92;10
PU8WBD;GI27;3
PU8YPL;GI27;6
PU9GTA;GG27;1
PU9OAA;GH14;1
PV2E;GG68;46
PV2R;GG66;389
PV8AAS;FJ92;460
PV8ABC;FJ92;16
PV8AJ;FJ92;15
PV8AM;FJ92;11
PV8DX;FJ92;132
PW2W;GG77;184
PW2WH;GG66;1
PW5X;GG54;1133
PW8BR;FH99;790
PW8BR;GH49;3
PW8DF;FI81;1
PW8GTS;FI81;3
PW8MAB/R;GI51;1
PW8RR;FH99;1
PX2T;GG66;514
PX8AMA;FH99;30
PY1ASN;GG86;2
PY1ATR;GG87;1
PY1CG;GG87;2
PY1CMT;GG77;1
PY1CW;GG87;1
PY1EB;GG97;10
PY1ED;GG87;2
PY1EME;GG76;8
PY1EPC;GG87;4
PY1EU;GG87;186
PY1FI;GG87;2
PY1GB;GG98;144
PY1GB;OI71;1
PY1IP;GG87;4
PY1JG;GG87;65
PY1JP;GG87;1
PY1JUA;GG87;2
PY1KB;GG87;1203
PY1KMJ;GG87;1
PY1KNG;GG87;2
PY1KV;GG87;545
PY1LC;GG87;3
PY1LO;GG87;19
PY1ME;GG86;1
PY1MZ;GG87;2
PY1NMG;GG87;1
PY1PC;GG97;3
PY1PTS;GG87;1
PY1RI;GG87;1
PY1SAD;GG97;132
PY1SR;GG87;2
PY1SW;GG87;4
PY1SX;GG87;21
PY1TB;GG87;3
PY1TG;GI30;1
PY1TK;GG87;4
PY1UNU;EK09;1
PY1USK;GG86;2
PY1WE;GG76;3
PY1XR;GG87;1
PY1ZRJ;GG87;177
PY1ZV;GG87;51
PY2/YV6CR;GG66;1
PY2AAB;GG67;1
PY2AB;GG66;8
PY2ACA;GG66;355
PY2ADM;GG66;3
PY2ADX;GG58;2
PY2AE;GG67;76
PY2AMP;GG66;1
PY2ANH;GG66;7
PY2AOK;GG48;16
PY2AP;GG66;6
PY2APK;GG66;2
PY2APK;GP66;1
PY2ATI;GG58;3
PY2ATT;GG67;1
PY2BMX;GG57;2
PY2BS;GG66;3
PY2BW;GG65;1
PY2BZZ;GG66;126
PY2CAT;GG66;1
PY2CAZ;GG66;2
PY2CE;GG66;2
PY2CER;GG67;407
PY2CN;GG66;1
PY2CP;GG66;16
PY2DCA;GG67;5
PY2DN;GG66;277
PY2DNR;GG76;1
PY2DPM;GG66;1621
PY2DPM;GG59;1
PY2DSN;GG66;1
PY2DTB;GG57;2
PY2EBD;GG67;685
PY2ECC;GG77;1
PY2EDU;GG66;66
PY2EIO;GG66;1
PY2EJ;GG66;1
PY2EL;GG66;23
PY2EM;GG56;4
PY2EPL;GG58;1
PY2EPL;GG59;1
PY2EZ;GG58;4
PY2FA;GG66;1
PY2FRQ;GG58;13
PY2FSR;GG56;1
PY2FZ;GG57;6
PY2GAS;GG66;2
PY2GG;GG66;1
PY2GIG;GG66;15
PY2GM;GG67;2
PY2GR;GG57;2
PY2GTA;GG66;1454
PY2GTA;GC66;1
PY2GTA;GG52;1
PY2GTASNT/;GG66;1
PY2GZ;GG66;100
PY2HBS;GG48;1
PY2HH;GG66;1
PY2HJ;GG66;11
PY2HX;GG58;1
PY2IQ;GG66;10
PY2JA;GG65;1
PY2JD;GG69;1
PY2JNV;GG66;1
PY2JOS;GG66;1
PY2KDU;GG76;1
PY2KI;GG66;1
PY2KJ;GG66;56
PY2KK;GG69;23
PY2KNK;GG56;485
PY2KP;GG66;160
PY2LOC;GG67;9
PY2LPM;GG57;4
PY2LZD;GG66;8
PY2MDA;GG67;1
PY2MIA;GG66;9
PY2MIG;GG66;4
PY2MLO;GG66;129
PY2MLO/P;GG66;3
PY2MM;GG67;198
PY2MR;GG66;5
PY2MST;GG76;3
PY2MTG;GG66;3
PY2MXU;GG66;189
PY2MZ;GG66;1
PY2MZM;GG66;5
PY2NCM;GG66;1
PY2ND;GG67;2
PY2NEW;GG58;1
PY2NF;GG66;4
PY2NL;GG77;7
PY2NM;GG67;95
PY2NRT;GG66;1
PY2NSA;GG67;5
PY2OC;GG66;1
PY2OF;GG66;2
PY2OKB;GG66;1
PY2OW;GG67;5
PY2PAL;GG57;2
PY2PCZ;GG67;7
PY2PFB;GG57;3
PY2PIM;GG67;1
PY2PJ;GG66;5
PY2PJN;GG67;5
PY2PJN;FF67;1
PY2PLL;GG66;330
PY2PRB;GG77;7
PY2PT;GG66;6
PY2QT;GG76;1461
PY2RAR;GG67;1
PY2RC;GG67;1
PY2REC;GG76;42
PY2RF;GG58;5
PY2RFL;GI30;1
PY2RIC;GG68;3
PY2RKG;GG77;8
PY2RMY;GG68;8
PY2RPL;GG66;1
PY2RT;GG66;1
PY2RU;GG67;1
PY2RVM;GG48;212
PY2RVM;CG48;1
PY2RVM;GC48;1
PY2SAO;GG66;19
PY2SH;GG66;1
PY2SJ;GG66;4
PY2SJ;GH64;1
PY2SRB;GG48;81
PY2SRL;GG66;3
PY2SWR;GG66;7
PY2SWR;GG59;1
PY2TC;GG59;1666
PY2TDB;GG66;66
PY2TDX;GG66;72
PY2TIM;GG68;1
PY2TMV;GG67;1
PY2UBK;GG67;15
PY2UG;GG66;2
PY2UGO;GG66;4
PY2UL;GG57;2
PY2UQ;GG57;1
PY2VA;GG66;1
PY2VCP;GG66;77
PY2VCP;GH45;1
PY2VE;GG67;304
PY2VIP;GG66;2
PY2VOA;GG77;5
PY2VOX;GG67;1
PY2VZ;GG58;2
PY2W;GG66;1
PY2WAL;GG58;453
PY2WC;GG66;71
PY2WD;GG66;2
PY2WH;GG66;298
PY2WLM;GG66;389
PY2WLM;GH49;1
PY2WLM/QRP;GG66;167
PY2XAT;GG66;2
PY2XC;GG66;363
PY2XC;FN20;1
PY2XJ;GG66;3
PY2XL;GG66;3
PY2XU;GG66;2
PY2XV;GG66;154
PY2XZ;GG65;1
PY2XZ;GG66;1
PY2YJ;GG66;51
PY2YKC;GG67;1
PY2YW;GG66;55
PY2YYZ;GG68;1
PY2ZA;GG77;2
PY2ZHP;GG54;1
PY2ZLT;GG66;1
PY2ZYV;GG66;234
PY2ZYV;OH28;1
PY3AA;GF49;34
PY3AGI;GG30;3
PY3AKS;GG40;11
PY3ARZ;GF38;1
PY3BEG;GF38;98
PY3BEG;FE36;1
PY3BF;GG40;202
PY3DCC;GF49;69
PY3DXM;GG30;116
PY3ESP;GG40;1
PY3FOX;GF49;6
PY3GE;GF37;3
PY3GS;GG40;1
PY3IP;GG40;253
PY3IT;GG40;3
PY3JFS;GG30;8
PY3JRT;GF49;16
PY3KN;GF49;3
PY3LB;GG40;3
PY3LX;GG40;1243
PY3LX;DC05;1
PY3OG;GF38;1
PY3OO;GG40;6
PY3PK;GF49;1
PY3RS;GG30;1
PY3RTV;GF19;1
PY3SOL;GG30;8
PY3TO;GF38;1
PY3TP;GG41;2
PY3TR;GF49;407
PY3YD;GG30;1
PY4AR;GH80;5
PY4AW;GH61;22
PY4AZ;GH80;5
PY4BAL;GH51;495
PY4BK;GG88;1
PY4CCL;GH80;3
PY4CZ;GG78;6
PY4DM;GH80;4
PY4DY;GH80;3
PY4EP;GG78;1
PY4EV;GH80;4
PY4EVS;GG89;2
PY4FD;GG77;2
PY4GSS;GG79;2
PY4HGM;GH80;10
PY4HI;GH80;1
PY4JHN;GH80;1
PY4KN;GG88;4
PY4KS;GH80;7
PY4KU;GH70;2
PY4LH;GG68;157
PY4MAB;GG68;2
PY4MAB;GG58;1
PY4NF;GG77;174
PY4NF;GG67;1
PY4OY;GG78;10
PY4PS;GH80;6
PY4PS;GH49;2
PY4PTO;GG78;36
PY4RP;GG88;2
PY4STO;GH80;3
PY4TA;GG78;5
PY4VE;GG77;1
PY4WL;GH61;4
PY4XX;GG88;767
PY4XYZ;GG78;4
PY4YY;GG88;9
PY4ZDC;GH51;9
PY4ZDC;GG55;1
PY4ZO;GH51;2
PY4ZW;GG89;3
PY5AMF;GG54;998
PY5AQ;GG54;17
PY5AQ;GG53;1
PY5AQ;GG66;1
PY5AQ;GG78;1
PY5BH;GG54;16
PY5CC;GG54;814
PY5DB;GG36;2
PY5DC;GG54;407
PY5DC;GG45;1
PY5DD;GG46;11
PY5DF;GG46;4
PY5EE;GG54;2
PY5EG;GG54;1437
PY5EG;GC54;2
PY5EG;JO55;1
PY5EJ;GG54;995
PY5FO;GG54;669
PY5GA;GG54;1459
PY5HC;GG54;44
PY5HOT;GG46;2
PY5IG;GG45;6
PY5II;GG44;1
PY5IP;GG54;1
PY5JO;GG54;64
PY5KA;GG54;202
PY5KD;GG54;3458
PY5NE;GG46;37
PY5NE;GG54;1
PY5NT;GG54;4
PY5OV;GG35;1
PY5PO;GG54;1
PY5QW;GG54;1010
PY5TD;GG54;381
PY5TJ;GG54;1
PY5TZT;GG46;2
PY5TZT;GH49;1
PY5XH;GG35;1
PY5XT;GG54;1240
PY5YAM;GG33;1
PY5ZD;GG54;85
PY5ZHP;GG54;3744
PY5ZHP;HM68;1
PY5ZHP;IN89;1
PY5ZOZ;GG35;1
PY5ZW;GG24;1
PY6BA;HH05;1
PY6BK;HH07;1014
PY6FE;HH07;1
PY6ZL;HH08;16
PY7AHA;HI12;1
PY7AN;HI21;2
PY7BC;HI21;2
PY7DI;HI21;3
PY7DJ;HI21;1
PY7DM;HI21;2
PY7EG;HI21;2
PY7MS;HI21;1
PY7OO;HI21;240
PY7PX;HI22;10
PY7RL/7;HI21;1
PY7RL/7;HI22;1
PY7SMV;HI22;2
PY7TC;GG59;1
PY7VI;HI21;726
PY7XC;HI21;1444
PY7YZ;HI22;1
PY7ZC;HI21;1415
PY7ZZ;HI21;23
PY8ABH;GI58;2
PY8AC;GI58;8
PY8SL;GH28;1
PY8WW;GI58;533
PY9DM;GH23;119
PZ1EW;GJ25;8
PZ2YT;GJ15;6
PZ5RA;GJ25;646
R05K;KO91;1
R0ACR;NO56;1
R0AGY;NO75;4
R0AJP;NO56;2
R0AJQ;NO66;14
R0AM;NO66;1
R0AS;NO66;352
R0AW;NO56;5
R0AW;OO62;1
R0AX;NO56;4072
R0AX;OI71;1
R0BD;NO66;3
R0CAF;PN78;269
R0CBS;PN78;4
R0CD;PN78;35
R0CDZ;PN78;5
R0CH;PO80;1
R0CK;PN78;1
R0CM;PN78;265
R0CW;PN78;1
R0DX;PN78;1074
R0DX;IN89;1
R0DZ;PN59;18
R0FBA/9;MO92;1
R0IAA;QO59;2
R0IAA;PN78;1
R0JAC;PO41;3
R0JAC;PO40;1
R0JAH;PO40;1
R0JAN;PN49;1
R0JBH;PN49;2
R0JD;PO30;154
R0JF;PO30;5
R0LEA;PN53;3
R0LGR;PN53;2
R0LHK;PN64;1
R0LHS;PN53;1
R0LIE;PN52;1
R0LIE/P;PN52;6
R0LIE/P;OO62;2
R0LJC;PN53;206
R0LJC;PM53;1
R0LM;PN65;1
R0ONI;OO31;1
R0ONM;OO31;2
R0QAX;PP42;2
R0RA;OO22;1
R0SBC;OO22;4
R0SBM;OO06;2
R0SCA;OO06;13
R0SCI;OO06;1
R0SK;OO06;1
R0SM;OO22;3
R0TA;NO85;31
R0UA;OO61;1
R0UAR;OO62;6
R0WAS;NO53;1
R0WBG;NO53;3
R0ZA;QO93;4
R100AD;KO85;1
R100AD;LN04;1
R13ANC/R;MQ05;1
R140PASG;LO48;2
R140PASG;JN03;1
R14MAKS;KO95;1
R1530IG;KO85;4
R1AC;KO59;1
R1AI;KO59;10
R1AP;KP50;3
R1AV;KP50;4753
R1BAH;LP28;1
R1BC;KP50;1
R1BDJ;KP40;3
R1BDN;KP40;1
R1BDX;KO59;5
R1BDX;KO58;1
R1BED;KP50;5
R1BED;KO59;1
R1BEO;KP50;13
R1BEQ;KO59;1
R1BET;KP40;1
R1BFJ;KO59;2
R1BGC;KO59;1
R1BGY;KO59;2
R1BHB;KP50;6
R1BHE;KP50;2
R1BHE;KO85;1
R1BHG;KO59;3
R1BJA;KO59;3
R1BJS;KO59;3
R1BJX;KP50;2
R1BLO;KO59;1
R1CAA;KP40;14
R1CAP;KO59;3
R1CAT;KO49;2
R1CAV;KO59;128
R1CBP;KP50;2
R1CBV;KO90;1
R1CCE;KP50;2
R1CCX;KP40;1
R1CDJ;KP40;1
R1CE;KO49;14
R1DD;KO59;5
R1DFJ;KO59;1
R1DM;KO49;5
R1FB;KO48;705
R1IAA;LP52;233
R1II;LP51;7
R1IV;LP63;1
R1LH;KO59;1
R1LP;KO59;3
R1MA;KO59;237
R1MO;KO59;2
R1NAE;KP74;2
R1NAI;KP54;1
R1NBG;KP71;687
R1NGB;KP71;1
R1NJ;KP71;1
R1NW;KP71;1
R1OAI;KP91;1
R1OAY;LP04;5
R1OBH;KP94;2
R1QA;KO99;5
R1QAL;KO99;9
R1QAM;LP30;4
R1QD;LP30;7
R1TAW;KO58;9
R1TAW;KO14;1
R1TAX;KO58;1
R1TAZ;KO57;1
R1TBG;KO58;2
R1TD;KO58;6
R1TET;KO78;1
R1TM;KO68;27
R1TZ;KO58;3
R1WAM;KO47;1
R1WBJ;KO47;1
R1YY;KP69;246
R1YY;KO85;1
R1ZBB;KP69;1
R1ZBR;KP69;1
R1ZCL;KP69;1
R1ZDG;KP67;1
R1ZH;KP68;10
R1ZH;KP61;1
R20RMP;PN62;3
R20RTM;LN04;4
R20RTRN;KO85;1
R20RTT;LO02;2
R2ABM;KO85;1
R2AC;KO85;2
R2AEA;AA00;1
R2AEA;KO85;1
R2AEP;KO96;2
R2AEY;KO84;1
R2AGE;KO85;2
R2AKV;KO85;1
R2AL;KO85;1233
R2AL;KO75;1
R2AM;KO85;98
R2ANV;KO85;1
R2ANX/P;KO85;6
R2APD;KO85;3
R2APU;KO95;2
R2AQH;KO85;1
R2ARR;KO85;2
R2ASD;KO85;1
R2ASV;KO85;11
R2ASY;KO85;8
R2AT;KO85;1235
R2ATC;KO85;1
R2ATY;KO85;1
R2AUH;KO85;9
R2AUP;KO85;20
R2AUP;KO83;1
R2AW;KO85;5
R2AWD;KO85;1
R2AWL;KO85;2
R2AYS;KO86;1
R2BAA;KO85;2
R2BAG;KO85;1
R2BBI;KO85;1
R2BBT;KO04;1
R2BBT;KO85;1
R2BBX;KO85;5
R2BDR;KO85;3
R2BDY;KO85;2
R2BEB;KO96;1
R2BGL;KO85;2
R2BHQ;KO95;655
R2BHQ;KO85;13
R2BID;LO05;58
R2BJG;KO85;3
R2BKN;KO85;1
R2BKT;KO86;51
R2BKT;KO85;3
R2BKT;KO82;1
R2BKT;NO23;1
R2BLS;KO85;2
R2BNC;KO96;1
R2BOA;KO85;2
R2BQM;KO85;9
R2BQM;KO95;1
R2BRU;KO96;2
R2DBI;LN23;2
R2DDN;KO85;1
R2DFR;KO85;3
R2DGA;KO95;1
R2DKK;KO86;2
R2DKL;KO85;3
R2DLS;KO86;1
R2DMD;KO95;176
R2DMV;KO84;2
R2DN;KO95;4
R2DNP;KO83;4
R2DQK;KO85;1
R2DR;KO85;4
R2DRE;KO96;4
R2DSA;KO95;1
R2DSY;KO95;2
R2DUH;KO96;2
R2DVU;KO95;1
R2DWD;KO97;1
R2DWJ;KO96;2
R2DX;KO86;2
R2DYC;KO86;2
R2DZJ;KO86;1
R2DZO;KO85;1
R2DZP;KO85;4
R2EA;KO82;5
R2EA/M;KO82;2
R2EA/M;KO74;1
R2EA/P;KO73;3
R2EA/P;KO82;2
R2EC;KO82;253
R2EC;BB00;1
R2FAF;KO04;1
R2FAQ;KO04;5
R2FAX/P;KO05;2
R2FBD;KO04;1
R2FBW;JO94;16
R2FC;KO14;9
R2FCA;KO04;8
R2FCO;KO04;1
R2FDU;JO94;2
R2FDV;KO14;2
R2FE;KO04;3
R2GBP;KO92;1
R2GCV;KO92;8
R2GDD;KO85;1
R2GF;KO92;1
R2HD;KO85;3
R2HH;KO84;5
R2HM;KO85;2
R2IN;KO76;335
R2OM;LO00;285
R2PA;KO84;7
R2PE;KO84;5
R2PF;KO84;1
R2PJ;KO84;5
R2PM;KO84;6
R2PT;KO84;8
R2PT;KO94;1
R2PU;KO84;199
R2PX;KO93;2
R2QM;KO91;2
R2RAK;LO02;1
R2RBV;LO02;1
R2RCQ;KO85;1
R2RCQ;LO12;1
R2SAF;KO94;17
R2SBI;KO93;1
R2SCL;KO94;1
R2SCS;LO05;1
R2SD/9;KO94;1
R2SDZ;KO94;2
R2ST;KO94;1
R2UZ;LO06;5
R2WAC;KO81;1
R2WAF;KO81;9
R2WN;KO91;1
R2XM;KO84;8
R2YW;KO62;1
R2ZBA;KO90;1
R2ZBI;KO81;3
R2ZC;KO81;1
R2ZC;KO85;1
R2ZDM;KO80;1
R2ZDO;KN99;12
R2ZHV;KO81;1
R2ZL;KO80;2
R2ZO;KO80;1
R2ZR;KO80;1
R3AI;KO85;1
R3BAV;KO85;259
R3BBE;KO86;1
R3BCL;KO85;3
R3BDS;KO85;2
R3BP;KO96;1
R3BV;KO85;7
R3BY;KO84;1
R3DBR;KO84;6
R3DBZ;KO85;1
R3DCX;KO85;132
R3DD;KO85;5
R3DDP;KO85;2
R3DE;KO85;8
R3DEE;KO85;1
R3DFR;KO84;3
R3DFU;KO95;3
R3DHK;KO96;1
R3DHP;KO95;1
R3DIG;KO95;878
R3DIU;KO95;7
R3DL;KO85;1
R3DLM;KO85;13
R3DOM;KO95;49
R3DPH;KO86;3
R3EDI;KO82;3
R3EDN;KO82;6
R3EE;KO82;4
R3EK;KO83;2
R3ES;KO72;4
R3FO;KO86;8
R3GF;KO92;1
R3GI;KO92;3
R3GW;KO92;4
R3GZ;KO92;817
R3HQZ;QE40;1
R3HS;KO96;2
R3IBM;KO56;1
R3IBT;KO76;486
R3IBZ;KO76;110
R3IX;KO76;4
R3KAB;LN09;10
R3KAI;LO11;5
R3KCC;LO11;1
R3KDV;KO91;3
R3KED;KO59;1
R3KED;KO91;1
R3KED;MO64;1
R3KF;KO91;1133
R3KF;IN89;1
R3KF;KO85;1
R3KFA;LO00;1
R3KGN;KO90;1
R3KHD;KO85;1
R3KHW;KO91;1
R3KIA;KO91;2
R3KJF;KO91;1
R3KKG;LO01;3
R3KLA;KO90;1
R3KLJ;LO01;5
R3KLJ;KO44;1
R3KOZ;KO91;2
R3KV;KO91;3
R3LAF;KO65;3
R3LAF;JO44;1
R3LB;KO54;1
R3LC;KO64;2365
R3LCD;KO64;1
R3LCG;KO64;3
R3LCN;KO75;2
R3LCW;KO64;16
R3LDF;KO64;16
R3LDK;KO64;3
R3MAJ;KO97;2
R3MAP;KO97;1
R3MBB;KO97;5
R3MBV;KO97;8
R3MD;KO97;2
R3MDJ;KO97;1
R3NBI;LO07;1
R3OK;KO91;37
R3OO;KO91;1
R3OR;KO91;2
R3OZ;KO91;493
R3PA;KO93;1
R3PBA;KO93;2
R3PE;KO84;2
R3PI;KO83;2
R3PJ;KO84;4
R3PK;KO84;3
R3PK;KO85;1
R3PKG;KO94;1
R3PKS;KO84;2
R3PLA;KO84;2
R3PLJ;KO93;28
R3PLN;KO83;157
R3PLT;KO93;2
R3PLV;KO93;1
R3PMI;KO84;5
R3QG;KO91;254
R3QQ;KO91;1
R3QX;KO91;6
R3RB;LO03;2
R3RR;LO02;1
R3SE;KO94;4
R3SN;KO94;11
R3SO;LO04;2
R3ST;KO94;1480
R3SV;KO94;6
R3SV;LO04;2
R3TE;LO26;681
R3TGW;LO26;1
R3THW;LO25;1
R3TJL;LO16;1
R3TJR;LO26;113
R3TKM;LO15;9
R3TKN;LO16;1
R3UBT;LO06;4
R3UDV;LO06;1
R3UG;LO17;6
R3UG;NO25;1
R3VA;LO05;2
R3VE;LO16;3
R3VO;KO96;1
R3VS;LO06;3
R3WA;KO72;3
R3WBB;KO81;2
R3WBG;KO91;1
R3WBV;KO71;1
R3WF;KO72;15
R3WI;KO81;1
R3XBS;KO74;1
R3XCU;KO84;1
R3XD;KO84;2
R3XG;KO84;2
R3YAF;KO62;3
R3YAO;KO73;44
R3YAU;KO63;1
R3YAU;KO73;1
R3YBG;KO73;4
R3ZBR;KO80;3
R3ZG;KO90;1
R3ZP;KO80;5
R4AAR;LN28;10
R4AAR;LN18;3
R4ABO;LN28;1
R4ABU;LN28;1
R4AC;LN28;1
R4ADD;LN28;1
R4ADD/P;LN38;2
R4ADN;LN28;6
R4ADO;LN28;15
R4AET;LO00;1
R4AGE/P;LN28;1
R4AJ;LN28;1
R4AN;LN28;1
R4CA;LO11;1
R4CAT;LO21;4
R4CEC;LO31;2
R4CES;LO32;4
R4CFB;LO12;1
R4CGK;LO21;1
R4CGQ;LO31;2
R4CGV;LO11;1
R4CHE;LO21;1
R4CHN;LO31;10
R4CHQ;LO12;1
R4CI;LO31;1423
R4CI;JN90;1
R4CI;KO85;1
R4CIZ;LO21;2
R4CX;LO32;4
R4DI;LO42;6
R4DK;LO21;4
R4DM;LO31;1
R4FCD;LO13;4
R4FCJ;LO33;257
R4FCJ;JN00;1
R4FCK;LO23;3
R4FDD;LO33;9
R4FDK;LO23;6
R4FED;LO23;1
R4FJ;LO23;8
R4FS;LO23;2
R4FV;LO22;1
R4GD;LO23;1
R4GM;LO33;2
R4GR;LO23;21
R4HBC;LO43;2
R4HD;LO43;1
R4HEA;LO53;3
R4HG;LO43;1
R4HHG;LO53;4
R4HHG/P;LO53;1
R4HHM;LO53;2
R4HHP;LO53;1
R4HIA;LO43;1
R4HJC;LO43;1
R4HJN;LO43;2
R4HJY;LO53;2
R4IK;LO43;8
R4IK;KO85;5
R4IM;LO43;7
R4IQ;LO53;3
R4KB;LO53;3
R4KO;LO43;419
R4KZ;LO53;4
R4LAW;LO44;11
R4LBJ;LO44;3
R4LBN;LO44;2
R4LBP;LO44;5
R4LZ;LO44;9
R4MA;LO33;1966
R4ML;KO85;3
R4ML;RO44;1
R4NBB;LO48;1
R4NCY;LO48;2
R4PBE;LO35;1
R4PCB;LO45;1
R4PCN;LO64;1
R4PCO;LO64;1
R4PES;LO55;9
R4PEX;LO45;5
R4PEZ;LO54;5
R4PHF;LO45;1
R4PQ;LO55;1
R4PU;LO55;2
R4PY;LO55;1
R4RB;LO55;948
R4RB;RR73;1
R4RI;LO55;1
R4RL;LO55;1
R4RM;LO55;3
R4RN;LO65;2
R4RO;LO65;1
R4SAV;LO36;1703
R4SAV;LO33;1
R4SAW;LO36;1
R4UAL;LO24;1
R4UAS;KO85;1
R4UR;LO24;5
R4UV;LO24;1
R4UV;LO34;1
R4WBQ;LO66;2
R4WH;LO66;229
R4WQ;LO66;1
R4WR;LO66;1
R4WZ;LO67;2
R4YAJ;LO34;8
R4YM;LO36;5
R4YX;LO36;1
R4ZZ;LO35;7
R4ZZ;KO85;1
R5ACQ;KO85;3
R5AF;KO85;1
R5AF;KO86;1
R5AF/0;PN63;4
R5AF/0;KO85;1
R5AJ;KO95;519
R5AK;KO85;22
R5AN;KO86;14
R5AN;OF78;1
R5AT;KO85;3
R5BM/M;KO85;1
R5BM/M;LO24;1
R5BS;KO85;4
R5DB;KO95;1
R5DC;KO95;339
R5DC/M;KO86;2
R5DT;KO94;9
R5EM;KO82;1
R5GG;KO92;9
R5GP;KO92;53
R5GW;KO85;5
R5KH;KO91;589
R5MA;KO98;4
R5QO;LO03;1
R5RC;LO02;1
R5RR;LO03;4
R5VCV;LO05;3
R5VDX;LO06;2
R5WW;KO81;3
R5ZQ;KO81;4
R6AA;KN95;3
R6AC;LN05;8
R6AC;LO03;1
R6AI;KN96;1
R6AK;LN04;9
R6AS;KN85;2
R6AV;LO03;1
R6AZ;KN95;1
R6BH;KN84;4
R6BY;KN84;10
R6DBA;KN96;3
R6DG;KN85;1
R6DH;KN96;2
R6DHI;KN94;1
R6DIA;LN04;1
R6DLT;KN95;1
R6DM;KN94;1231
R6DNC;KN94;4
R6DNC;KN95;1
R6DNK;KN94;3
R6DNV;KN95;6
R6DNY;KN85;1
R6DOB;KN95;58
R6DOP;KN93;459
R6DP;LN04;11
R6DPQ;KN95;1
R6DRW;KN93;2
R6DTE;KN94;2
R6DUC;KN94;2
R6DV;LN04;6
R6DVV;KN95;6
R6DWD;KN95;5
R6DXG;LN04;19
R6DYK;LN04;7
R6DZU;KN95;2
R6FEP;LN04;2
R6FFB;LN14;571
R6FFB;KO59;1
R6FFE;LN15;1
R6FFG;LN04;3
R6FFL;LN04;1
R6FGR;LN24;3
R6FI;LN14;5
R6FIA;LN05;1
R6FIH;LN05;3
R6FIU;LN14;4
R6FIV;LN14;1
R6FQ;LN13;1
R6FS;LN04;3
R6FX;LN14;11
R6FY;LN05;869
R6GI;LN14;1
R6HJ;LN15;1
R6HL;LN14;1
R6HW;LN14;3
R6JAE;LN23;2
R6JY;LN23;6
R6KEE;KN75;91
R6KX;KN75;1113
R6KX;KO59;1
R6KX;LO36;1
R6LE;LN07;13
R6LET;KN97;1
R6LF;KN97;1
R6LI;LN08;1
R6LIG;KN97;7
R6LIH;KN97;1
R6LIR;KN97;22
R6LJK;KN97;2
R6LKG;LN07;1
R6LKV;KN97;258
R6LLM;KN97;6
R6LOM;KN97;1
R6LPA;KN98;1
R6MO;KN97;3
R6NA;KN97;1
R6NH;LN06;6
R6NH;KN84;1
R6OAG;KN88;1
R6ODC;KN87;1
R6ON;KN88;138
R6OU;KN87;200
R6OU;KO44;1
R6PAI;LN23;2
R6PAP;LN33;1
R6SO;LN04;1
R6SS;KN86;1
R6ST;KO76;1
R6TA;LN13;1
R6TJ;LN13;2
R6TX;LN05;1
R6TY;LN14;5
R6UAC;LN36;1
R6UBD;LN36;1
R6WA;LN32;5
R6WB;LN32;1
R6YBD;LN04;1
R6YBU;LN04;25
R6YBX;LN04;12
R6YR;KN94;1
R6YY;LN04;235
R6YY;KO70;1
R6ZS;KN98;1
R6ZS;OP21;1
R6ZV;KN98;1
R7AG;KN95;2
R7AG;KN94;1
R7AZ;KN93;6
R7BI;KN96;9
R7BL;LN06;186
R7BL;KN94;1
R7BL;KN95;1
R7BN;LN05;5
R7C7;KO85;1
R7CA;KN84;5
R7CD;KN94;7
R7CT;KN95;2876
R7CT;KO85;4
R7DA;KN95;1
R7DP;KN95;4
R7DX;KN84;31
R7EW;LN14;2
R7FE;LN13;2
R7FF;LN04;1
R7FG;LN04;4
R7FQ;LN15;1
R7FT;LN05;1
R7FV;LN14;1
R7GA;LN14;2
R7GH;LN05;4
R7GH;LO03;1
R7HC;LN05;2
R7HL;LN04;11
R7IA;LN26;1
R7IW;LN35;76
R7IW;KO14;1
R7JK;LN23;1
R7KAK;KN75;1
R7KAU;KN65;1
R7KAV;KN75;1
R7KAZ;KN74;7
R7KDU;KN65;5
R7KDW;KN74;4
R7KDW;RL74;1
R7KEA;KN75;1
R7KEO;KN65;2
R7KEP;KN75;2
R7KKO;KN74;155
R7KM;KN74;2
R7KM;KN64;1
R7KO;KN75;22
R7KR;KN85;551
R7LV;KN97;4
R7LX;LN07;3
R7MG;LN08;1
R7MP;LN97;1
R7MR;LN07;1
R7MW;LN07;1
R7NB;LN09;1
R7NY;KN97;2
R7NZ;LN09;1
R7OF;KN87;2
R7OK;KN87;5
R7OQ;KN98;3
R7OW;KN88;2
R7PKS;LN23;7
R7PL;LN23;2
R7RAE;KN64;9
R7RAY;KN64;338
R7RBE;KN64;632
R7RCH;KN64;334
R7RCH;KO85;3
R7RZ;KN64;4
R7TO;LN14;7
R7WA;LN32;11
R7YZ;LN04;5
R80ATOM;NO26;3
R80ATOM;KO27;1
R80BRF;KO73;2
R89JCM;MQ47;1
R8AAU;LO93;5
R8AAU;OO62;1
R8ADP;MO06;1
R8AEZ;MO04;122
R8AGO;MO05;2
R8AGW;MO05;1
R8AT;MO02;2
R8AU;MO05;4
R8CA;MO06;4
R8CAM;LO98;1
R8CCJ;MO06;1
R8CDZ;MO06;5
R8CEC;MO07;2
R8CFJ;MO07;6
R8CG;MO06;2
R8CG/P;MO06;14
R8CGE;MO06;1
R8CGO;MO08;1
R8CGT;MO07;2
R8CH;MO06;2
R8CIR;LO96;2
R8CW;MO06;3
R8FB;LO87;1
R8HB;NO26;2
R8KAN;MP65;727
R8KAW;MP65;7
R8KBH;MP75;2
R8LBI;MO27;1
R8LBU;MO27;1
R8LCA;MO27;8
R8LU;MO26;1
R8OAE;NO14;1
R8OUO;NO15;2
R8OUO;NO25;1
R8PA;NO25;3
R8PD;NO14;283
R8QAB;MO25;1
R8QAN;MO25;7
R90WFR;KO73;5
R90WFR;KO85;1
R90WFR;OO62;1
R950A;OO62;1
R9AA;MO04;3
R9AAJ;NO25;1
R9AV;MO04;2
R9BT;MO05;3
R9CA;LO97;4
R9CB;LO97;350
R9CM;MO06;6
R9CP;MO16;10
R9CS;MO06;2
R9DT;MO09;8
R9DZ;LO98;1
R9FAI;LO87;1
R9FAK;LO87;4
R9FC;LO88;1
R9FCR;LO87;2
R9FDI;LO88;6
R9FDM;LO87;3
R9FE;LO76;309
R9FF;LO88;4
R9FFQ;LO87;1
R9FH;LO78;1
R9GB;LO87;2
R9GB;OO62;1
R9GM;KN85;838
R9GM;LO89;7
R9HAK;NO26;3
R9HCF;NO54;1
R9HCH;NO26;1
R9HCM;NO26;1
R9HCW;NO26;16
R9HCZ;NO26;1
R9HEB;NO26;2
R9IT;NO26;1
R9JAA;MP40;3
R9JAA;MP41;1
R9JAC;MP61;3
R9JAP;MP61;3
R9JAU;MP61;2
R9JCC;MP11;1
R9JDA;MP72;1
R9JT;HM21;1
R9JT;MP11;1
R9LAR;MO36;1
R9LAU;MO27;632
R9LM;MO26;9
R9LM;MO27;3
R9LY;MO27;3
R9MBC;MO65;5
R9MBC/P;MO64;3
R9MBO;MO64;7
R9ME;MO64;2
R9ME;MO65;1
R9MJ;MO65;7
R9MJ/M;JN03;1
R9MJ/M;MO65;1
R9MK;MO65;3
R9OAE;NO14;3
R9OAK;NO15;1
R9ODG;NO14;1
R9ODK;NO14;2
R9ODM;NO15;1
R9OEJ;NO14;2
R9OFL;NO14;2
R9ON;NO25;1
R9PS/9;OO62;1
R9RA;MO25;1
R9RT;MO25;58
R9SA;LO71;1
R9SAO;LO81;4
R9SAP;LO63;1
R9SAZ;LO91;7
R9SBQ;LO62;3
R9SBY;LO71;2
R9SCX;LO91;2
R9SD;LO71;2
R9SH;LO91;4
R9SR;LO63;4
R9SS;LO71;18
R9SWY;OO62;1
R9SY;LO81;7
R9SY;OO62;3
R9SY;LO21;1
R9TA;LO63;1
R9UBE;NO35;6
R9UDK;NO33;1
R9UFO;NO33;1
R9UHA;NO36;1
R9UIQ;NO33;1
R9UIW;NO33;1
R9UN;NO33;1
R9UO;NO43;3
R9VK;NO33;9
R9WCK;LO72;3
R9WH;LO92;1
R9WJ;LO73;5
R9WJ;LO72;3
R9XM;LP51;3
R9YAZ;NO13;1
R9YCB;NO13;1
R9YCV;NO22;1
R9YDN;NO13;4
R9YDN;OO62;1
R9YQ;NO22;11
R9YU;NO22;1488
R9YU;NO02;1
R9YU/P;KN74;1
R9YW;MO93;1
RA/UR3IAE;LO43;1
RA0A;NO56;2
RA0ACM;NO76;401
RA0AEP;NO66;6
RA0AEP;OO62;1
RA0AF;NO65;1
RA0AK;NO66;9
RA0AM;NO66;1305
RA0AN;NO65;533
RA0AN;OO62;2
RA0AN;KP20;1
RA0AN;NO26;1
RA0AN;PM95;1
RA0ANB;NO45;1
RA0AOO;NO64;1
RA0ASM;NO68;1
RA0CCK;PO80;7
RA0CDR;QN09;4
RA0CGM;PO61;1
RA0CGY;PN79;1
RA0FF;QN16;30
RA0FLP;QN16;10
RA0FZ;QN06;2
RA0JAI;PO40;6
RA0LMS;PN53;2
RA0LQ/MM;HK65;2
RA0LQ/MM;HJ69;1
RA0LQ/MM;HK61;1
RA0LQ/MM;PN53;1
RA0LX;PN65;18
RA0OU;OO31;3
RA0R;OO06;846
RA0SCA;OO06;1
RA0SCA;OO27;1
RA0SCA/QRP;OO62;2
RA0SCA/QRP;OO06;1
RA0SMS;OO22;6
RA0T;OO06;4
RA0UB/M;OO62;1
RA0WHE;NO53;433
RA0WMJ;NO53;83
RA0ZIH;QO92;3
RA1AFS;KP50;3
RA1AGK;KO49;3
RA1AGU;KP40;2
RA1ALC;KO59;648
RA1ALC;KO50;1
RA1AS;KP60;1
RA1CP;KO49;1
RA1M;KO59;1880
RA1NBG;KP54;4
RA1NBG;KP71;1
RA1OHX;KP91;1
RA1OK;KP94;8
RA1OW;LP04;3
RA1QD;KO99;2
RA1QEA;LO19;1
RA1QFT;LO09;1
RA1QY;KO89;5
RA1TI;KO68;3
RA1TL;KO67;1
RA1WP;KO47;9
RA1WU;KO47;1
RA1WZ;KO47;207
RA1WZ;KO37;1
RA1WZ;KO86;1
RA2FB;KO05;103
RA2FCF;KO04;4
RA2FCL;KO04;225
RA2FKD;KO04;8
RA2FL;KO04;2
RA2FU;KO04;9
RA3ABG;KO95;104
RA3ABG;KO85;5
RA3AHN;KO95;6
RA3AHN;KO85;2
RA3AIW;KO85;1
RA3AL;KO85;2
RA3ALC;KO85;5
RA3ALW;KO85;1
RA3AMO;MO05;1
RA3AOT;KO85;1
RA3APK;KO85;2
RA3AWC;KO85;6
RA3BL;KO85;4
RA3BQ;KO85;1
RA3BU;KO85;2
RA3CQ;KO85;2
RA3DA;KO95;6
RA3DAD;KO95;3
RA3DAV;KO95;2
RA3DJE;KO76;1
RA3DRI;KO86;7
RA3DRI;LO03;1
RA3DVM;KO85;2
RA3DX;KO86;635
RA3E;KO82;382
RA3E;KO91;1
RA3EL;KO82;72
RA3FD;KO96;220
RA3FH;KO84;1
RA3FV;KO95;1
RA3FY;KO85;8
RA3GFK;KO92;2
RA3GZ;KO92;1
RA3IAI;KO76;21
RA3IAI;KO85;1
RA3ICA;KO77;9
RA3ICK;KO85;11
RA3LBW;KO54;6
RA3LCW;KO64;1
RA3LCX;KO65;1
RA3LDP;KO65;1
RA3LJ;KO64;841
RA3LJ;KO85;1
RA3LX;KO65;2
RA3NO;LO07;1
RA3PDG;KO83;1
RA3PDL;KO93;2
RA3PN;KO84;2
RA3PPY;KO84;1
RA3PS;KO93;1
RA3QAL;KO90;5
RA3QAL;KO85;1
RA3QBQ;LO01;50
RA3QEH;LO01;2
RA3QH;KO91;832
RA3QJ;KO91;5
RA3QK;KO91;4
RA3QLB;KO90;1
RA3QM;LO01;1
RA3QPY;KO91;2
RA3QQI;KO90;1
RA3QTT;LO01;1
RA3QVJ;KO90;1
RA3RCL;LO02;7
RA3RDN;LO02;2
RA3RGQ;LO02;2
RA3RLJ;LO01;11
RA3RLJ;JO10;1
RA3RPW;LO12;1
RA3RTB;LO03;1
RA3S;KO94;451
RA3SS;KO94;1
RA3TAT;LO26;7
RA3THN;LO26;8
RA3TK;LO16;4
RA3TLO;LO16;3
RA3TNV;LO15;1
RA3TOS;LO26;3
RA3TOS;LO15;1
RA3TPJ;LO26;2
RA3TQ;LO25;1
RA3TRR;LO16;3
RA3TT;LO26;1
RA3TTY;LO16;1
RA3TW;LO16;1
RA3UAG;LO06;7
RA3UT;LO07;1
RA3VMD;LO06;2
RA3VMK;KO95;2
RA3VX;LO06;267
RA3WAN;KO81;2
RA3WBZ;KO72;9
RA3WEO;KO72;5
RA3WII;KO71;12
RA3WIM;KO71;1
RA3WY;KO81;5
RA3XAL;KO74;1
RA3XEV;KO85;1
RA3XFR;KO84;2
RA3Y;KO73;564
RA3YRA;LO03;1
RA3ZDU;KO90;1
RA3ZGT;KO81;2
RA3ZH;KO81;13
RA3ZK;KO81;7
RA4AAT;LN28;18
RA4ADF;LN28;3
RA4AG;LN28;4
RA4AJG;LN28;2
RA4AUY;LN28;413
RA4B;LO20;2
RA4CA;LO31;2
RA4CBY;LO31;3
RA4CC;LO31;1
RA4CCK;LO21;2
RA4CGX;LO21;1
RA4CL;LO31;338
RA4CLY;LO31;1
RA4CNX;LO41;2
RA4CPA;LO31;1
RA4CQW/P;LO41;1
RA4CRD;LO31;1
RA4CSL;LO11;1
RA4CX;LO21;1
RA4DAL;LO42;1
RA4FEQ;LO13;2
RA4FOC;LO22;3
RA4FOC;LO23;1
RA4FP;LO13;2
RA4FUN;LO23;1
RA4FUT;LO23;158
RA4FW;LO23;1
RA4HEF;LO53;14
RA4HEV;LO53;1
RA4HG;LO53;10
RA4HL;LO43;864
RA4HL;JN47;1
RA4HPA;LO53;1
RA4L;LO44;1213
RA4LFN;LO44;13
RA4LY;LO44;7
RA4M;LO44;1
RA4NAL;LO48;1
RA4NCC;LO68;3
RA4P;LO64;3
RA4PMD;LO65;1
RA4RNA;LO65;2
RA4RT;LO64;2
RA4SAL;LO36;1
RA4UDC;LO24;1
RA4UIV;LO24;2
RA4WE;LO66;2256
RA4WE;LL66;1
RA5AW;KO85;442
RA5BH;KO85;4
RA5BQ;KO96;2
RA5BQ;KO86;1
RA5CM;KO85;1
RA6ABC;KN96;2
RA6ALF;LN05;5
RA6ANN;KN95;3
RA6ARI;KN95;1
RA6ASU;KN95;1
RA6ASU;LO03;1
RA6AVP;LN05;11
RA6BX;KN95;2
RA6FC;LN13;1
RA6FCU;LN15;4
RA6FCU/P;LN14;1
RA6FUN;LN24;3
RA6GW;LN14;2
RA6HIH;LN04;2
RA6HN;LN14;9
RA6HNZ;LN14;2
RA6KR;KN74;1
RA6LDX;KN97;1
RA6LO;LN07;3
RA6LR;KN97;7
RA6LTD;LN08;4
RA6LU;KN97;1
RA6MQ;KN97;2
RA6OD;KN97;1
RA6OY;KN88;8
RA6SA;KO85;3
RA6T;LN14;1
RA6UA;LN46;1
RA6UAC;LN38;1
RA6UAR;LN46;6
RA6UU;LN46;1
RA6WF;LN32;175
RA6YDX;OP21;1
RA6YJ;LN04;1
RA6YZ;LN04;4
RA6Z;KN98;1
RA6ZS;KN98;1
RA7E;LN14;11
RA7M;KN97;253
RA80MA;OO12;2
RA8AF;MO05;761
RA8AO;MO06;69
RA8J;MP80;12
RA9AAA;MO05;498
RA9ACA;LO93;2
RA9AGL;LO93;4
RA9AGL;OO62;1
RA9AHE;NO25;1
RA9AIF;MO04;1
RA9AJ;MO05;1
RA9AJL;MO04;2
RA9AM0;MO05;1
RA9AMO;MO05;2385
RA9AMO;NO66;1
RA9ANC;MO06;4
RA9CAD;LO96;7
RA9CHZ;MO06;1
RA9CIN;MO09;2
RA9CKA;MO06;1
RA9CMO;MO06;1
RA9CNF;MO06;1
RA9CNI;NO25;1
RA9CUU;MO17;6
RA9FA;LO88;1
RA9FEL;LO88;4
RA9FEW;LO88;3
RA9FGW;LO87;2
RA9FKY;LO89;2
RA9FUE;LO89;2
RA9H;NO26;1550
RA9H;MO26;1
RA9H;OI43;1
RA9H;PM37;1
RA9HM;NO26;1
RA9J;MP80;31
RA9LAN;MO36;1
RA9LAN;NO25;1
RA9LL;MO27;57
RA9LL;MO47;1
RA9LY;MO27;1
RA9MAS;MO64;1
RA9MEM;MO75;1
RA9MX;MO65;63
RA9N;MO65;7
RA9N/P;MO65;6
RA9O;NO15;1
RA9OAQ;NO14;3
RA9OJ;NO14;3
RA9SCB;LO71;2
RA9SJG;LO63;1
RA9UAD;NO33;9
RA9UCN;NO36;1
RA9UEP;NO34;45
RA9UEP;NO25;1
RA9UEP;NO35;1
RA9UFJ;NO33;2
RA9UKO;OO62;1
RA9UO;NO33;3
RA9USA;NO34;2
RA9USA;OO62;1
RA9UUG;NO34;2
RA9WAN;LO72;6
RA9YE;NO13;8
RA9YFK;NO01;4
RA9YNT;NO11;1
RA9YQB;NO13;11
RC0AT;NO66;515
RC0CB;PN78;130
RC0CC;PN78;19
RC0CD;PN78;5
RC0CD;MO05;1
RC0JD;PO33;181
RC0XC;QO93;1
RC1BQ;KO39;2
RC1TB;KO68;1
RC2DD;KO85;12
RC2E/P;KO75;21
RC2E/P;KO85;1
RC3C;KO85;21
RC3D;KO75;5
RC3FL;KO86;3
RC3KK;KO90;1
RC3KR;KO91;1
RC3T;LO26;1
RC4HAA;LO53;545
RC4HC;LO43;1
RC4YA;LO36;1
RC5F;KO85;10
RC5F;LO03;1
RC6AA;KN96;1
RC6AX;LN05;1
RC6D;LN05;4
RC6OD;KN87;32
RC6OG;KN98;4
RC6OU;KN98;3
RC6OX;KN88;3
RC6VM;OL85;1
RC7C;KN95;1
RC7D;LN05;1
RC7KH;KN75;215
RC7KJ;KN85;1
RC7LS;LN08;86
RC7LX;KN97;4
RC8SB;LO91;1
RC8SJ;LO91;3
RC9A;MO04;1191
RC9F;LO88;1
RC9MAA;MO64;1
RC9MAA;MO65;1
RC9RRB;PI58;1
RC9YD;NO13;4
RC9YG;NO22;5
RD0B;NQ03;4
RD0F;QN16;11
RD1A;KO59;9
RD1T;KO59;2
RD2S;KO94;1
RD3AAD;KO85;10
RD3AD;KO85;3
RD3AW;KO85;1
RD3BTW;KO85;17
RD3BZ;KO85;1
RD3FC;KO95;31
RD3FV;KO95;271
RD3K;KO92;1
RD3M;KO98;2
RD3M;KO97;1
RD3MF;KO97;1
RD3TBQ;LO16;3
RD3TOK;LO16;2
RD4A;LN28;6
RD4CAF;LO21;3
RD4CAF;LO31;1
RD4D;LO32;8
RD4WM;LO66;7
RD5D;KO95;1
RD6M;KO00;1
RD6MF;KN97;2
RD6OB;KN98;1
RD7KFD;KN75;1
RD7LC;KN97;13
RD7P;LN23;8
RD9D;LO99;7
RD9D;NO25;1
RD9U;NO33;3
RF9C;MO06;130
RG0S;OO22;1432
RG1HK;JO33;1
RG2A;KO85;1
RG2E;KO82;1
RG2V;LO06;5
RG2V;KO44;1
RG3M;KO97;2
RG3R;LO03;1222
RG4A;LO20;600
RG4D;LO31;434
RG4H;LO53;1
RG5A;KN93;2544
RG5A;KO90;461
RG5A;KO85;6
RG5G;KO92;5
RG5R;LO01;7
RG5R;KO85;1
RG5R;LO03;1
RG6OQ;KN88;1
RG6S;KN77;3
RG6ZF;KN98;1
RG7F;LN05;1
RG7N;KN97;2
RG8G;LO87;3
RI0KA;RP39;1
RI0Z;RO25;23
RI41POL;QR63;2
RI42SP;KO85;4
RI42SP;CR06;2
RI42SP;BR97;1
RJ1O;LP04;2
RJ2T;LO26;1
RJ3DC;KO95;12
RJ3T;LO26;1
RJ6B;KN95;8
RJ6F;LN14;102
RJ6J;LN22;2
RJ6L;KN97;2
RJ6ON;KN98;2
RJ6ON;LO13;1
RJ7M;KN97;267
RJ9I;NO47;2
RK0AZC;NO65;483
RK0AZC;NO66;1
RK1AA;KO58;2
RK1AQ;KO59;3
RK1AS;KP40;3
RK2A;KO85;4
RK2IAF;PM65;1
RK2M;KO97;1108
RK2M;NQ85;1
RK2Y;KO73;1
RK2Z;KO81;1
RK3AF;KO75;11
RK3AW;KO86;3
RK3AW/P;KO86;3
RK3BM;KO85;2
RK3BX;KO96;1
RK3DHU;KO86;1
RK3DSW;KO95;6
RK3IT;KO76;6
RK3RX;LO02;3
RK4CH;LO32;11
RK4F;LO23;1
RK4FAJ;LO23;10
RK4FD;LO22;2
RK4FD;LO23;1
RK4FF;LO23;646
RK4FF;FE48;1
RK4FF;KO20;1
RK4FF;KO22;1
RK4FF;LO44;1
RK4FF;RR73;1
RK4FH;LO12;2
RK4H;LO53;8
RK4HM;LO43;1
RK4HP;LO43;6
RK4HZ/3;LO02;1
RK4NB;LO48;223
RK4P;LO64;2
RK4P;LO45;1
RK4PH;LO45;1
RK4PR;LO64;3
RK4PR;KO85;1
RK4UZ;LO24;5
RK4UZ;KO86;1
RK5M;KO97;4
RK6A;LN04;10
RK6ADN;KN95;14
RK6AH;KN94;1
RK6ART;KN95;7
RK6AUV;LN05;1
RK6BA;KN95;3
RK6BCP;KN95;6
RK6CW;LN05;1
RK6CW/P;LN05;1
RK6J;LN23;2
RK6MC;KN97;1
RK6OQ;KN87;8
RK6OZ;KN76;1
RK6S;KN76;2
RK6YD;LN04;16
RK7C;LN05;5
RK7T;LN04;2
RK7T;KO85;1
RK9ADW;MO05;1
RK9AGD;MO05;3
RK9AY;MO04;1
RK9DO;MO17;1
RK9S;LO71;9
RK9S;MO05;1
RK9S;MO41;1
RK9UE;NO35;9
RK9UJS;NO33;7
RK9UM;NO35;16
RK9UN;NO33;15
RK9UN;LO02;1
RK9UT;NO35;10
RK9V;NO36;1
RL1B;KO59;1
RL1D;KO96;1
RL1F;KP50;1129
RL1F;KO85;1
RL1I;LP51;1
RL1W;KO56;2
RL20LH;KO85;2
RL2F;KO04;2
RL3AM;KO85;4
RL3AM;KO95;1
RL3AW;KO75;304
RL3AW;KO85;1
RL3C;KO64;1
RL3DA;KO85;1
RL3FA;KO85;10
RL3FL;KO95;1
RL3K;KO91;14
RL3QGY;KO91;1
RL3QI;KO91;1
RL3QW;KO91;1
RL3T;LO16;3
RL3ZE;KO90;1
RL5JTC;JE07;1
RL6A;KN84;6
RL6C;KN95;2
RL6K;KN75;3
RL6LS;LN17;5
RL6LX;KN97;2
RL6MR;KN98;1
RL6MT;LN08;30
RL7G;LN24;3
RL9F;LO88;7
RL9LD;MO27;2
RL9LR;MO27;13
RL9Y;MO93;15
RM0F;QN16;20
RM0M/500;OO62;1
RM0M/500;PM64;1
RM0M/500;PN53;1
RM0W;NO53;64
RM1B;KO59;4
RM1F;KO59;3
RM1W;KO55;3
RM1W;KO47;1
RM2E;KO82;1
RM3DA;KO95;3654
RM3DM;KO84;1
RM3TO;LO15;5
RM3ZK;KO80;2
RM4W;LO66;100
RM5C;KO96;2
RM5F;KO85;8
RM5O;KO91;1
RM6J;LN23;2
RM6LW;KN97;2
RM6OS;KN87;6
RM7M;KN97;1
RM8A/0;OO62;1
RM8L;MO27;1
RM8T;LO81;2
RM8T;OO62;1
RM8W;LO75;3
RM8Y;NO13;1
RM9GOX;FO15;1
RM9I;NO26;1
RM9RZ;MO25;2
RM9WF;LO74;7
RM9WU;LO74;1
RM9X;LP51;1
RN0CW;PN78;26
RN0JJ;PN49;11
RN1AO;KO59;74
RN1CT;KO59;4
RN1CW;KO59;12
RN1CW;KO49;2
RN1ON;LP04;198
RN1TV;KO58;1
RN2F;KO04;13
RN2FA;KO75;3
RN2FQ;KO04;50
RN2T;LO26;1
RN3A;KO85;1
RN3AKL;KO85;2
RN3AOE;KO85;2
RN3BC;KO85;4
RN3BR;KO85;1
RN3BW;KO85;2
RN3DD;KO95;1
RN3DEY;KO86;5
RN3DHL;KO95;1
RN3DKE;KO85;1708
RN3DMC;KO85;6
RN3DN;KO84;13
RN3DV;KO95;1
RN3FA;KO84;2
RN3FA;KO85;1
RN3GG;LO02;9
RN3GJ;KO92;3
RN3OG;KO91;526
RN3OP;LO11;1
RN3OX;LO00;3
RN3QTS;KO90;1
RN3QU;KO90;7
RN3YN;KO73;2
RN3YN;LO03;1
RN4ABD;LN28;5
RN4ACX;LN18;2
RN4AQ;LN19;2
RN4AZ;LN29;1
RN4CD;LO12;1
RN4CZ;LO31;1
RN4HAB;LO53;33
RN4HEP;LO43;8
RN4NCZ;LO38;1
RN4SN;LO36;460
RN4SN;KO85;2
RN5AA;KO85;1588
RN5AA;LO03;1
RN5AN;KO85;1
RN5M;KO98;1
RN6AJ;KN93;1
RN6DE;KN96;1
RN6HBF;LN05;5
RN6HGZ;LN14;1
RN6HK;LN14;6
RN6K;KN75;1
RN6LAJ;LN08;1
RN6LBA;KN97;1
RN6LBT;LN17;5
RN6LG;KN97;17
RN6LGA;KN97;5
RN6LLV;LN08;2
RN6LPC;LN17;2
RN6M;KN97;1
RN6N;LN07;3
RN7A;KN95;1
RN8U;NO35;3
RN9AJ;MO05;2
RN9AZ;MO05;5
RN9CA;MO16;3
RO1M;KO59;362
RO1M;KO45;1
RO2T;LO16;2
RO2X;KO74;5
RO3DW;KO95;1
RO3O;KO91;3
RO5A;KO85;2
RO5K;KO91;264
RO5K;LO00;1
RO5SFN;GA11;1
RO6G;LN14;3
RO6G/QRP;LN14;1
RO7A;KN95;5
RO7F;LN04;153
RO7L;LN06;8
RO7N;KN97;8
RO7N;KO85;1
RO9A;MO05;1
RO9L;MO27;1
RO9O;NO14;6
RO9U;NO35;5
RO9Y;NO22;1
ROL7;LN06;1
RQ1A;KO59;5
RQ2Q;KO91;882
RQ2Q;LO03;1
RQ3D;KO95;2
RQ3M;KO97;1
RQ4F;LO13;4
RQ4M;LO33;1
RQ7D;KN95;1
RQ7R;KN64;2066
RQ9O;NO15;6
RR73;LO00;1
RT0F;QN16;4
RT2F;KO04;4
RT2H;KO84;2176
RT2H;KO85;475
RT2H;JN59;1
RT2H;KO50;1
RT2S;KO94;1
RT2U;LO06;16
RT3D;KO84;4
RT3K;KN99;4
RT3S;KO94;4
RT3W;KO81;1
RT4A;LN28;10
RT4D;LO31;65
RT5C;KO85;267
RT6C;KN95;1
RT6DI;LN05;1258
RT6DO;KN84;1
RT6DU;KN95;3
RT6N;KN98;293
RT6O;KN88;1
RT7L;LN06;5
RT9OM;NO15;7
RT9S;LO91;743
RT9S;LO71;2
RT9U;NO34;62
RT9YO;NO13;8
RU0AB;NO65;1
RU0AG;NO98;1
RU0AHO;NO68;1
RU0AX;NO46;6
RU0AX;NO25;1
RU0LL;PN53;1661
RU0LL;JO66;1
RU0LL;PN03;1
RU0S;OO22;11
RU0SP;OO06;4
RU1AB;KP40;11
RU1AT;KP50;1
RU1QQ;KO99;8
RU2F;KO04;1615
RU2F;KO85;3
RU2K;KO04;1
RU3AMO;KO85;3
RU3BF;KO95;15
RU3DAB;KO96;9
RU3DF;KO85;8
RU3DK;KO95;3
RU3DK;KN77;1
RU3DNN;KO96;157
RU3EJ;KO82;1
RU3EQ;KO82;2
RU3EQ;KO85;1
RU3FA;KO84;15
RU3FA/QRP;KO84;1
RU3FM;KO94;8
RU3GC;KO92;4
RU3GF;KO92;50
RU3KV;KO91;4
RU3KY;KO90;2
RU3OW;KO91;1
RU3OZ;KO91;2207
RU3QR;KO91;13
RU3RA;LO02;1
RU3RQ;LO02;20
RU3SD;KO94;1
RU3SN;KO94;3
RU3T;LO16;11
RU3WR;KO81;3
RU3XW;KO84;1
RU4AJ;LO00;2
RU4B;LN28;1
RU4CQ;LO31;1
RU4H;LO53;314
RU4HU;LO43;2
RU4I;LO43;4
RU4SS;LO36;3
RU5X;KO84;2595
RU5X;KO85;1
RU5X;KO87;1
RU6AI;KN96;1
RU6AR;KN93;2
RU6AX;KN95;2
RU6B;KN94;4
RU6BB;KN84;1
RU6BL;KN96;1
RU6CH;KN84;18
RU6DY;LN05;1
RU6FS;LN24;2
RU6L;LN07;5
RU6M;KN97;2
RU6UR;LN36;2
RU6YB;LN04;1
RU6YJ;LN04;550
RU7C;KN95;4
RU7D;KN85;5
RU7D/MM;KO85;1
RU7F;LN05;1
RU7KQ;KN74;2
RU8W;LO83;267
RU9DX;LO97;1
RU9FM;LO88;2
RU9MJ;MO64;4
RU9MV/0;RP84;1
RU9ST;LO82;4
RU9UC;NO33;5
RU9UC;MO16;1
RU9UW;OO62;1
RU9W;LO64;3
RU9YF;NO13;3
RU9YP;NO01;3
RU9YZ;NO13;2
RV0APH;NO68;6
RV0AR;NO66;14
RV0CG;PN78;4
RV1CB;KO91;1
RV1CC/0;QN17;1
RV3AMV;KO85;25
RV3ANA;KO85;1
RV3AVD;KO85;1
RV3DBK;KO85;713
RV3DKH;KO85;2
RV3DLX;KO84;1
RV3DTN;KO94;2
RV3DVR;KO95;2
RV3EFP;KO83;1
RV3F;KO86;500
RV3F;KO66;1
RV3F;KO84;1
RV3FV;KO95;1
RV3GS;KO92;4
RV3ID;KO77;2
RV3LE;KO75;1
RV3LO;KO64;1
RV3OM;KO91;6
RV3QI;KO91;7
RV3QP;LO01;1
RV3SBS/P;LO04;1
RV3TG;LO26;1
RV3TR;LO26;1
RV3TV;KO91;1
RV3TV;LO26;1
RV3WL;KO81;3
RV3WT;LO03;1
RV3YR;KO73;181
RV3ZK;KO90;1
RV3ZN;KO81;3525
RV3ZN;KO31;1
RV3ZQ;KO81;146
RV4CA;LO21;8
RV4CC;LO32;10
RV4CC;KO85;1
RV4CF;LO31;2
RV4CK;LO31;4
RV4LD;LO33;1
RV4LZ;LO44;3
RV5K;LO01;2
RV6AAA;LN05;35
RV6ADY;LN05;1
RV6AFG;KN95;4
RV6AGB;KN96;9
RV6ALM;LN04;2
RV6ANA;KN95;2
RV6AP;KN95;1
RV6ARS;KN84;1
RV6BEP;KN95;2
RV6BH;KN94;1
RV6BH;KO85;1
RV6F;LN14;785
RV6FT;LN15;3
RV6HE;LN04;2
RV6HE;LN05;1
RV6HFA;LN05;3
RV6HTZ;LN04;2
RV6K;KN85;2
RV6LCY;LN08;2
RV6LN;LL54;1
RV6MX;LN08;7
RV6MX;LN07;1
RV6WB;LN33;3
RV7B;KN96;4
RV7B/9;JN03;1
RV7B/9;MQ40;1
RV7C;KN94;2
RV7KA;KN75;2
RV9CD;MO06;6
RV9CW;MO06;7
RV9CX;MO06;24
RV9DD;MO06;6
RV9FF;LO87;504
RV9UAF;NO43;6
RV9UIN;NO33;1
RV9WF;LO74;11
RV9XV;LP63;1
RW0A;NO66;1638
RW0A;LO26;1
RW0AE;NO55;2
RW0AE;NO25;1
RW0AE;NO65;1
RW0AJ;NO56;75
RW0AR;NO66;12
RW0BT/9;NO14;76
RW0CD;PN78;2
RW0CR;PN78;4
RW0CV;QN08;1
RW0IM;QO59;7
RW0LCN;PN53;225
RW0LD;PN64;1
RW0LDT;PN64;1
RW0LM;PN63;2
RW0LO;PN64;1
RW0LT;PN63;3
RW0LX;PN62;153
RW0LZ;PN53;5
RW0SM;OO22;3
RW0SR;OO22;3692
RW0SR;JO40;1
RW0UM;OO90;1
RW1A;KO48;18
RW1AI;KO59;2
RW1AX;KP50;1
RW1C;KO49;2
RW1CW;KO59;49
RW2D;KO85;14
RW2Z;KO81;1
RW3ATR;KO85;1
RW3AUK;KO85;2
RW3BK;KO85;1
RW3DC;KO85;3
RW3DDZ;KO86;4
RW3DVG;KO95;1
RW3DW;KO84;1
RW3FR;KO85;2
RW3GV;KO92;3
RW3PI;KO94;2
RW3QM;KO90;124
RW3QSB;LO00;2
RW3QU;KO90;1
RW3RN;LO02;183
RW3SK;KO94;3
RW3SK;KN06;1
RW3TM;LO26;3
RW3TY;LO26;1
RW3VM;LO16;2
RW3VX;LO06;1
RW3WY;KO81;5
RW3ZA;KO81;101
RW3ZC;KO81;5
RW3ZC;KO42;1
RW4C;LO21;5
RW4CCW;LO31;7
RW4CNG;LO41;1
RW4CR;LO21;1
RW4D;LO30;6
RW4D;KO85;1
RW4F;LO23;1
RW4HB;LO53;2
RW4HBG;LO53;173
RW4HM;LO43;2
RW4LMR;LO33;446
RW4M;LO44;3
RW4NH;LO48;3
RW4NN;LO48;141
RW4O;LO48;3
RW4PU;LO64;5
RW4WZ;LO66;1
RW4Z;KO59;1
RW4Z;LO36;1
RW6AB;KN95;1
RW6AB;MO27;1
RW6AIC;KN96;2
RW6AIC;KO85;1
RW6APC;KN96;3
RW6ASB;LN05;2
RW6ASO;KN95;1
RW6ATD;KN96;4
RW6ATD;LO42;1
RW6AU;KN93;2
RW6AU;KN96;1
RW6AVK;KN95;224
RW6B;KN93;5
RW6FY;LN14;8
RW6HB;LN13;3
RW6HGM;LN15;1
RW6HLS;LN04;2
RW6HP;LN14;14
RW6HPI;LN25;1
RW6MAO;KN97;4
RW6MDU;LN08;2
RW6MZ;KN97;2
RW6PA;LN23;3
RW7B;LN04;3
RW7KO;KN85;3
RW7M;KN97;1070
RW7M;KN41;1
RW8T;LO91;215
RW9AD;MO05;17
RW9AW;KN74;1
RW9CC;MO06;1
RW9CZ;LO96;1
RW9FZ;LO78;6
RW9HSB;MO05;1
RW9HSB;NO26;1
RW9JZ;MP61;4
RW9LL;MO27;16
RW9LL;PN63;1
RW9MC;MO65;2
RW9MN;MO65;1
RW9MZ;MO74;9
RW9QA;MO25;1
RW9RR;MO16;1
RW9UB;NO35;1
RW9ULK;NO34;4
RW9UR;NO33;2
RW9UR;OO62;1
RW9USA;NO33;1
RW9V;NO33;2
RW9WG;LO73;1
RW9WT;LO64;8
RW9Y;NO13;351
RW9YZS/P;IR95;1
RX0AE;NO65;3
RX0AT;NO66;333
RX0AT;NO65;1
RX0LBZ;NO25;1
RX1AB;KO59;2
RX1AB;LO03;1
RX1AG;KO49;1553
RX3AEX;KO85;509
RX3AEX;KO43;1
RX3AFE;KO85;75
RX3ASP;KO85;562
RX3ASQ;KO95;13
RX3ASQ;KO85;3
RX3DCZ;KO94;6
RX3DDD;KO95;1
RX3DJI;KO95;7
RX3DOR;KO85;1
RX3DPK;KO85;1
RX3DQ;KO95;2
RX3DQ;KO94;1
RX3DQX;KO94;2
RX3DRC;KO96;5
RX3DRC;KO85;3
RX3DTN;KO85;12
RX3DTN;KO59;1
RX3DTN;LO03;1
RX3FU;KO85;1
RX3MM;KO97;458
RX3MX;KO97;3
RX3OL;LO01;3
RX3VF;LO06;359
RX3XR;KO74;2
RX3ZV;KO80;1
RX4AB;LN28;1
RX4AF;LN28;2
RX4CD;LO22;5
RX4HX;LO53;2
RX4SA;LO36;5
RX5D;KO85;2
RX5F;KO85;2
RX6AAT;KN95;3
RX6ACJ;KN96;1252
RX6ACJ;FK77;1
RX6ACR;LN04;15
RX6AJY;KN96;3
RX6AM;KN84;1
RX6AOB;KN94;1
RX6APY;KN95;1
RX6ASO;KN85;3
RX6CC;KN96;3
RX6D;KN96;1
RX6DA;KN85;11
RX6DX;KN95;12
RX6DY;KN95;7
RX6FN;LN14;2
RX6FN;OF78;1
RX6LG;KN97;1
RX6LHY;LN07;4
RX6LN;LN08;2
RX6LQH;KN97;2
RX6LRE;LN17;2
RX9ABI;MO05;9
RX9ATA;LO93;1
RX9ATX;LO93;7
RX9CET;MO09;1
RX9CKU;MO06;1
RX9FK;LO78;2
RX9KJ;MP73;1
RX9L;MO27;3
RX9UCF;NO33;1
RX9UY;NO25;1
RX9WM;LO74;1
RX9WN;LO74;323
RX9YJ;NO11;3
RX9YJ;NO25;1
RY0LAC;PN62;2
RY1A;KO59;1
RY1AAA;KO59;186
RY2A;KO85;59
RY2B;KO85;4
RY3D;KO95;3
RY3F;KO95;12
RY3K;LO00;1
RY3RWA;LO02;8
RY4AAR;LN28;2
RY7A;KN95;1
RY7F;LN04;6
RY7G;LN14;9
RY7L;LN08;7
RY9C;LO96;6
RY9W;LO73;1
RY9W;LO84;1
RZ0SU;NO85;9
RZ0SW;OO13;10
RZ1AS;KO59;2
RZ1O;LP04;2
RZ1OA;LP04;14
RZ1ZR;KP69;3
RZ2A;KO85;2
RZ3AM;KO85;2
RZ3AV;KO85;1
RZ3BP;KO85;1
RZ3DEN;KO95;1
RZ3DJ;KO85;1
RZ3DLF;KO84;3
RZ3DW;KO84;1
RZ3DY;KO95;1
RZ3DZ;KO85;3
RZ3OA;KO91;2
RZ3PP;KO83;3
RZ3Z;KN85;1
RZ3Z/P;KN84;263
RZ3Z/P;KN85;127
RZ3ZZ;KO80;2
RZ4AZ;LN28;36
RZ4HU;LO53;1
RZ4LC;LO44;1327
RZ4M;LO44;12
RZ5D;KO85;1
RZ6AOJ;KN96;7
RZ6ASO;KN95;1
RZ6BS;KN96;4
RZ6CO;LN04;2
RZ6D;KN93;1
RZ6HDE;LN14;1
RZ6L;KN97;11
RZ6LY;LN06;1
RZ6MJ;LN17;5
RZ7KR;KN65;3
RZ9A;MO04;287
RZ9A;OO62;1
RZ9AO;LO93;2
RZ9O;NO14;31
RZ9OM;NO14;2
RZ9OM;NO25;1
RZ9UF;NO36;3
RZ9WA;LO74;3
RZ9WU;LO74;2
RZ9WZA;LO74;1
S21IM;NL53;6
S21IM;NL44;1
S25MAP;FN38;1
S5/M0MPM;JN75;594
S50A;JN75;4190
S50A;IN96;1
S50B;JN65;301
S50B;JN76;1
S50BH;JN76;405
S50BP;JN76;1
S50DK;JN76;596
S50EL;JN76;2
S50LB;JN75;58
S50N;JN65;1
S50P;JN76;34
S50PB;JN76;220
S50PV;JN76;2
S50R;JN76;2055
S50R;KN67;1
S50R;LN76;1
S50RU;JN76;1
S50TTT;JN76;484
S50U;JN66;141
S50UR;JN76;1
S50VZZ;JN76;589
S50XX;JN65;458
S50XX;JN76;1
S5130TA;JN75;3
S51A;JN76;6986
S51A;JN75;11
S51A;KP32;1
S51BJ;JN76;1
S51CC;JN65;3
S51CK;JN76;2459
S51CN;JN65;1
S51D;JN76;1
S51DD;JN76;2334
S51DI;JN76;596
S51DM;JN76;6
S51FP;JN76;1
S51I;JN76;681
S51J;JN76;2
S51JM;JN76;1
S51JY;JN76;2
S51NM;JN76;1416
S51NM;NO26;1
S51P;JN76;1
S51PV;JN76;23
S51PV/P;JN76;2
S51PZ;JN76;2
S51R;JN76;1
S51RB;JN76;3
S51RW;JN76;298
S51SL;JN76;1
S51SLO;JN76;16
S51T;JN76;1
S51TA;JN75;37
S51TA;JN76;2
S51TN;JN76;2
S51UN;JN76;4
S51UN;JN75;1
S51VA;JN65;1
S51WB;JN75;13
S51XA;JN75;21
S52AS;JN75;4
S52AW;JN75;421
S52BT;JN76;4
S52D;JN76;2008
S52D;MK80;1
S52D;OM21;1
S52DD;JN75;1
S52EN;JN75;2
S52F;JN76;287
S52GP;JN76;1
S52MM;JN76;83
S52NR;JN75;2
S52OR;JN76;1
S52OT;JN75;876
S52OT;IN75;1
S52OW;JN75;1
S52QM;JN76;1
S52R;JN75;1
S52TW;JN76;2
S52X;JN65;59
S53A;JN75;215
S53AK;JN76;627
S53AK;JN69;1
S53AK;JN86;1
S53BB;JN76;87
S53EO;JN65;3
S53F;JN75;1696
S53F;JN76;1
S53K;JN75;154
S53LA;JN76;1
S53MJ;JN75;19
S53R;JN76;1728
S53TG;JN76;448
S53TM;JN76;1
S53UK;JN76;3
S53V;JN76;671
S53V;JN75;5
S53V;JN65;1
S53V;JN67;1
S53V;OI90;1
S53X;JN65;3132
S5430G;JN65;1
S54A;JN76;652
S54AL;JN75;1
S54E;JN66;31
S54G;JN65;105
S54I;JN76;537
S54J;JN76;11
S54KD;JN76;5
S54L;JN75;1579
S54L;JN76;8
S54NJA;JN76;324
S54PK;JN76;1
S54Z;JN76;925
S54Z;JN75;1
S54ZGA;JN76;10
S54ZO;JN76;1
S55DK;JN75;3
S55DX;JN75;96
S55ES;JN76;1
S55G;JN65;45
S55GR;JN75;1
S55KZ;JN76;1
S55MP;JN76;789
S55MP;KN28;1
S55MP;KP92;1
S55OO;JN76;1194
S55P;JN65;16
S55P;JN76;1
S55SG;JN76;1
S55SL;JN75;1
S55SM;JN76;3
S55X;JN76;431
S55Z;JN76;179
S56A;JN76;3453
S56B;JN75;1543
S56B;JN76;6
S56CBB;JN76;1
S56ECR;JN65;3
S56FDR;JN76;1
S56FPW;JN76;6
S56GD;JN65;5
S56GS;JN76;39
S56IAR;JN76;1
S56IPM;JN76;1
S56IPS;JN75;20
S56IPS;JN76;2
S56IZW;JN76;1
S56KFG;JN76;16
S56KFV;JN76;326
S56LKP;JN76;3
S56MLZ;JN76;465
S56OA;JN75;108
S56P;JN76;2
S56RZZ;JN75;4
S56SD;JN76;16
S56UVB;JN76;2
S56VSP;JN65;1
S56ZIV;JN75;1
S57A;JN65;105
S57AJ;JN76;24
S57AL;JN76;159
S57AM;JN66;1893
S57AM;JN76;1
S57ANA;JN76;217
S57AT;JN76;1
S57AW;JN76;1826
S57AW;OI33;1
S57BTI;JN75;1052
S57CNT;JN76;2
S57CT;JN76;31
S57DD;JN76;1457
S57DD;FN20;1
S57ESG;JN76;2
S57F;JN75;6
S57FF;JN76;1
S57MSS;JN76;1
S57NCP;JN76;2
S57PKT;JN76;327
S57R;JN76;5
S57RH;JN76;1
S57TI;JN75;1
S57TW;JN75;12
S57W;JN76;4
S57WO;JN65;1
S57X;JN76;93
S57YK;JN65;465
S57YX;JN65;30
S57ZM;JN76;64
S57ZS;JN65;2
S57ZT;JN76;2924
S58AW;JN65;31
S58BJ;JN76;11
S58BO;JN75;2
S58J;JN75;2
S58M;JN76;149
S58MT;JN76;1
S58MU;JN76;128
S58N;JN76;44
S58S;JN76;1
S58WW;JN76;1
S58X;JN76;6
S59A;JN76;5
S59ACP;JN75;1
S59AT;JN76;4
S59DBC;JN86;1
S59F;JN65;1
S59GCD;JN76;3
S59GI;JN65;1
S59MA;JN76;550
S59SV;JN76;818
S59TIM;JN76;1110
S59V;JN75;1
S59X;JN66;222
S5II;JN76;1
S60SH;OJ11;3
S60XX;OJ11;4
S61CK;JN76;1
S69CRS/R;PI12;1
S72RIR;IH82;1
S79KW;LI75;7
S79VU;LI75;4
S92HP;JJ30;120
S92KQO;LJ02;1
S9UFW/R;DN32;1
SA0AQT;JO99;1
SA0BFG;JO88;1
SA0BSV;JO89;1
SA0CAN;JO99;78
SA0CCA;JO99;1
SA0GRS;JO89;4
SA0IOS;JO89;235
SA0LEF;JO99;1
SA0LSD;JO89;1
SA0TAY;JO99;209
SA0WES;JO99;6
SA1CKE;JO97;4
SA1CKE;JO67;1
SA2KNG;KP03;127
SA2SAA;KP05;2
SA3CAT;JP82;1
SA3CEH;FD75;1
SA3CFY;JP80;8
SA3FAX;JO68;1
SA3MSA;JP73;1
SA3SHN;JP72;3
SA3SWE;JP82;2
SA4AGM;JP70;5
SA4AVS;JO69;4
SA4BKD;JP70;1
SA4JEE;JP70;2
SA4NSA;JP70;1
SA5ACL;JO78;2
SA5CDO;JO78;4
SA5DFR;JO88;7
SA5K;JO78;6
SA5NTK;JP80;3
SA5NTK;JO89;1
SA5OBE;JO78;2
SA5TEG;JO89;3
SA6ADJ;JO68;1
SA6BWX;JO67;4
SA6BXE;JO67;1
SA6BZZ;JO68;1
SA6CKE;JO67;3
SA6CME;JO57;2
SA6FAX;JO68;2683
SA6FOL;JO67;1
SA6IA;FB87;1
SA6JAB;JO66;4
SA6JOF;JO67;23
SA6JOR;JO67;1
SA6LHA;JO67;3
SA6PIP;JO66;2
SA6SKA;JO68;501
SA6ZON;JO66;7
SA7AKE;JO87;1
SA7BVQ;JO65;1
SA7BYQ;JO66;2
SA7DXN;JO65;7
SA7DXR;JO76;248
SA7GBS;JO76;2
SA7HLG;JP71;1
SA7LAK;JO65;2
SA7LEJ;JO66;2
SA7PGN;JO87;3
SA7SVR;JO77;3
SA7TOR;JO65;1
SB0M;JO99;2
SB7W;JP82;1
SD1A;JO97;148
SD1JF;FP10;1
SE0RDS;FN21;1
SE0X;JO99;3007
SE0X;JM19;1
SE0X;JO98;1
SE2D;KP03;1
SE2T;KP03;22
SE3D;JO89;225
SE3D;JP83;1
SE3T;JP82;1
SE3X;JP63;351
SE4E;JP70;1716
SE4E;JP73;1
SE5M;JO89;1
SE6K;JO66;3252
SE6K;JO65;1
SE6K;JO88;1
SE7N;JO76;1
SF0A;JO89;882
SF0D;JO99;549
SF1Z;JO97;13
SF3C;JP82;1
SF4D;JO79;563
SF5M;JO89;65
SG3A;JP82;3
SG3U;JP81;1
SG5Z;JO89;2643
SG6AVB;JO68;6
SH3LEN;JP71;9
SH5RJX;JO78;2
SH6A;JO68;484
SH7MEM;JO66;1
SH8PFJ/P;DO76;1
SI0HS/P;IC18;1
SI4A;JO69;4
SI4ZZG/P;OO42;1
SI7EJL;JM33;1
SI9YL;JP82;8
SK0TM;JO86;6
SK0TM;JO99;1
SK2TT;JP94;1
SK7RN;JO87;2
SM/DL2MCI/P;JO69;1
SM/PA3DAT;JO68;1
SM/PA3FQH;JO77;2
SM0AHH;JO99;1
SM0CXS;JO99;10
SM0DDK;JO99;1
SM0DMY;JO89;3
SM0DTK;JO58;1
SM0EJR;JO89;24
SM0EUI;JO99;1
SM0FGT;JO89;10
SM0HPL;JO89;6
SM0JCA;JO99;202
SM0KFV;JO89;3
SM0LPO;JO89;1115
SM0LQB;JO89;1
SM0MDG;JO99;872
SM0MLZ;JO99;1
SM0NHE;JO99;3
SM0NJO;JO99;3
SM0NUE;JO99;2
SM0ONR;JO89;7
SM0PYH;JO99;1
SM0SYP;JO89;4
SM0ULC;JO89;11
SM0VNK;JO89;3
SM0WW;JO99;1
SM0YHL;JO89;1
SM2DIR;KP03;1
SM2IAR;KP05;140
SM2IEN;KP07;1
SM2JUR;KP04;1
SM2LKW;KP15;3
SM2LKW;KP05;2
SM2M;KP04;963
SM2M;JP73;1
SM2ODB;KP03;1
SM2OTU;KP16;169
SM2SCK;KP05;1
SM2YIP;KP16;2
SM2YKA;JP93;1
SM2YUW;KP07;1
SM3AFR;JP82;1
SM3BHJ;JP81;1
SM3CBR;JP80;1
SM3CCM;JP92;4
SM3HZA;JP80;2
SM3JBO;JP93;15
SM3KDY;JP83;2
SM3KJO;JP92;2
SM3LBN;JP80;1
SM3LGO;JP83;2
SM3LIV;JP82;5
SM3LSO;JP81;3
SM3MLX;JP82;6
SM3NRY;JP82;2
SM3PYB;JP83;2
SM3PZG;JP93;1
SM3ULU;JP81;62
SM3VOX;JP80;5
SM3YBP;JP80;687
SM3YBP;FN41;1
SM4ATA;JO79;2
SM4AZQ;JO69;7
SM4CJY;JO79;1
SM4DQE;JP70;192
SM4EDK;JP70;2
SM4EMO;JO79;13
SM4FYX;JP70;2
SM4GLX;JO78;1
SM4GMS;JO79;3
SM4IED;JP71;4
SM4KUH;JP70;1
SM4LMV;JO79;6
SM4MI;JO69;3
SM4NGT;JP70;2
SM4SSY;JO79;1
SM4VZN;JP70;3
SM4WWY;JO79;4
SM4YPT;JO69;11
SM5A;JO88;1
SM5ACQ;JO89;305
SM5BOF;JO88;2
SM5BS;JO89;1476
SM5CUI;JO89;1
SM5DAJ;JO89;1
SM5DFM;JO89;3
SM5DGE;JO78;148
SM5DXR;JO89;1
SM5DXT;JO88;1
SM5ELC;JP80;1
SM5EPO;JP80;1522
SM5FQQ;JO89;1480
SM5FQQ;KO85;1
SM5FUG;JO89;1
SM5FWW;JO78;75
SM5IZS;JO79;93
SM5JBF;JO89;62
SM5LYM;JO89;2
SM5MEK;JO89;1
SM5MRQ;JO89;1
SM5MRW;JP80;1
SM5MX;JO99;223
SM5TBH;JO99;3
SM5TBH;JO89;1
SM5TOG;JO89;5
SM5UJJ;JO89;1
SM5WXF;JO87;19
SM5WYH;JP71;1
SM5YUU;JO78;15
SM6/DL1HTW;JO68;83
SM6/DL1HTW;JN60;1
SM6/DL1HTW;JO51;1
SM6/DL1HTW;JO66;1
SM6/DL1HTW;JO67;1
SM6/DL1HTW;KN55;1
SM6A;JO68;357
SM6BGA;JO67;1
SM6BNA;JO57;96
SM6BWH;JO67;2
SM6BZV;JO68;4
SM6CCO;JO78;9
SM6CMU;JO57;1
SM6CWP;JO57;1
SM6DAS;JO57;1
SM6DHF;JO68;418
SM6EAT;JO67;2
SM6FZO;JO66;685
SM6HQL;JO68;3
SM6HQR;JO67;1
SM6JQZ;JO57;8
SM6JRG;JO67;2
SM6KFY;JO58;4
SM6KKX;JO67;414
SM6KKX;EL98;1
SM6KST;JO67;2
SM6LJP;JO78;3
SM6LKT;JO67;4
SM6LPF;JO78;50
SM6LRY;JO66;2
SM6MNS;JO67;2
SM6MUY;JO67;10
SM6MVE;JO67;1120
SM6MVL;JO67;2
SM6NZA;JO67;1
SM6NZN;JO67;2
SM6OES;JO57;110
SM6ONT;JO67;28
SM6PZI;JO68;5
SM6RIG;JO67;1
SM6STI;JO57;584
SM6TIJ;JO68;4
SM6TSA;JO67;2
SM6UQL;JO57;7
SM6VJE;JO57;6
SM6VR;JO99;1
SM6WZI;JO67;2
SM6YEC;JO67;4
SM7ATL;JO86;3
SM7BHM;JO76;5
SM7BHM;JP73;1
SM7CAD;JO77;8
SM7CCV;JO87;106
SM7CKM;JO77;1
SM7D;JO65;1
SM7DAY;JO65;5
SM7DLK;JO65;3
SM7DOX;JO66;71
SM7DTT;JO65;1
SM7EGM;JO65;59
SM7HWD;JO65;1
SM7HZK;JO76;40
SM7HZK;JP71;1
SM7LQO;JO66;2
SM7LZV;JO76;3
SM7MBH;JO75;1
SM7MME;JO65;4
SM7MRL;JO65;1
SM7NBO;JO66;1
SM7NWJ;JO65;1
SM7OYP;JO66;104
SM7PEV;JO99;1
SM7RHI;JO75;8
SM7RTF;JO66;1
SM7SKB;JO66;3
SM7TNO;JO77;1
SM7TVC;JO86;1
SM7TZK;JO75;4
SM7VGQ;JO77;2
SM7VGY;JO65;14
SM7VQA;JO77;6
SM7WNM;JO66;5
SM7WNM;JO76;1
SM7WVZ;JO65;3
SM7WW;JO65;1
SM7WW;JP71;1
SM7YLS;JO65;5
SN0N;JO73;6
SN1920PS;JO90;2
SN1920PS;JO73;1
SN1A;JO73;6
SN1A;KP60;1
SN200E;JO94;62
SN200W;JO94;7
SN2K;JO94;681
SN3P;JO91;1
SN4K;KO03;6
SN5J;KO02;406
SN5MSU/R;OL23;1
SN6A;JO71;2
SN6P;JO80;5
SN75W;KO00;1
SN7F;KO00;65
SN80TR;JO92;1
SN8KM;KO00;3
SN8Z;KO11;564
SN9AF;JO90;2
SN9GK;KO00;1
SN9KA;JO90;1
SN9S;JO90;407
SNT/;EM94;1
SO0N;JO90;249
SO1920PS;JO21;1
SO1920PS;JO81;1
SO1RON;JO73;1508
SO3O;JO92;206
SO4ATA;KO13;80
SO4O;KO13;3
SO50BH;JN76;1
SO5E;KO02;688
SO5WD;KO02;182
SO6NAK;JO71;2
SO6OO;JO81;12
SO6OO;JO88;3
SO6R;JO81;181
SO8DAN;KO11;2
SO9DXX;JO90;7
SO9DXX;KO02;1
SO9F;JO90;119
SO9V;KO00;1
SP/DL5DBO;JO93;2
SP/DL5DBO;KO93;1
SP0DZ;KO02;29
SP0DZ;JO92;1
SP0LPR;KO02;3
SP0PILKON;JO83;3
SP0T;JO80;3
SP1919PS;JO90;1
SP1920PS;JO90;2
SP1920PS;JN03;1
SP1C;JO84;340
SP1DAM;JO73;2
SP1DK;KN09;1
SP1DOZ;JO73;387
SP1DTG;JO92;1
SP1DTZ;JO73;1
SP1EUS;JO74;1
SP1EXD;JO73;1
SP1F;JO74;2
SP1GKM;JO73;1
SP1GPI;JO84;1
SP1GZF;JO84;359
SP1HF;JO73;3
SP1HN;JO73;224
SP1I;JO73;9
SP1I;JO92;1
SP1II;JO84;1
SP1IKK;JO73;3
SP1IT;JO73;119
SP1IT;JO44;1
SP1J;JO73;3
SP1JMF;JO73;2
SP1JNY;JO73;1
SP1JW;JO73;1
SP1KK;JO73;2
SP1KYB;JO74;6
SP1LON;JO73;1
SP1MB;JO84;1
SP1MGM;JO73;27
SP1MVG;JO73;1
SP1MVG;JO74;1
SP1MWN;JO72;444
SP1NQH;JO74;12
SP1QXK;JO73;3
SP1RKT;JO84;2
SP1SZ;JO73;2
SP1TB;JO73;1
SP1TJ;JO74;11
SP1TJ;JO92;1
SP1TP;JO73;321
SP1W;JO73;2
SP1WSX;JO73;2
SP2BAS;JO94;1
SP2BRZ;JO94;1
SP2BUC;JO94;88
SP2BWI;JO83;6
SP2CBS;JO93;2
SP2CDN;JO93;7
SP2CG;JO94;2
SP2CHY;JO94;1
SP2CYK;JO93;5
SP2DNT;JO93;1
SP2DSK;JO94;1
SP2DTW;JO93;3
SP2DW;JO94;8
SP2EUI;JO93;1
SP2EWQ;JO93;773
SP2FNC;JO94;2
SP2FOV;JO94;293
SP2FRY;JO83;1
SP2FTL;JO93;2
SP2FWC;JO94;3
SP2GCJ;JO93;521
SP2GJI;JO93;1
SP2GJV;JO93;1
SP2GPU;JO94;1
SP2GR;JO93;8
SP2GRP;JO94;3
SP2GUN;JO93;11
SP2HCQ;JO94;4
SP2HCQ;JO92;1
SP2HFD;JO94;1
SP2HNF;JO94;2
SP2HXY;JO94;1
SP2HYO;JO93;2
SP2ILQ;JO94;1
SP2JEL;JO93;2
SP2JF;JO82;1
SP2JFY;JO94;3
SP2JJ;JO93;3
SP2JVN;JO94;128
SP2KC;JO93;1
SP2KMO;JO94;1
SP2L;JO94;8
SP2LFD;JO83;21
SP2LLP;JO94;3
SP2LMA;JO94;1
SP2LNY;JO94;1
SP2LYS;JO94;1
SP2MF;JO94;1
SP2MGR;JO94;82
SP2MHS;JO94;4
SP2MKA;JO94;1
SP2MKE;KO02;1
SP2MKI;JO93;750
SP2MKT;JO83;310
SP2MPO;JO94;1
SP2NBA;JO94;52
SP2NBN;JO94;1
SP2OK;JO94;1
SP2OMO;JO94;2
SP2PA;JO94;11
SP2QCR;JO94;2
SP2QCW;JO93;8
SP2QOJ;JO94;4
SP2QVU;JO93;1
SP2QVY;JO93;1
SP2RF;JO93;1
SP2RG;JO94;4
SP2SGN;JO83;7
SP2SJK;JO92;2
SP2SP;JO94;1
SP2SV;JO93;2
SP2TD;JO94;2
SP2TFC;JO94;1
SP2TPN;JO94;1
SP2TPN/QRP;JO94;1
SP2TQI;JO94;2
SP2TQQ;JO94;981
SP2TSA;JO83;2
SP2UKZ;JO93;2
SP2V;JO94;190
SP2VTN;JO94;2
SP2WA;JO93;3
SP2WDW;JO94;687
SP2WEI;JO94;1
SP2WGB;JO94;74
SP2WKB;JO83;1
SP2WKU;JO84;2
SP2WRE;JO94;3
SP2Y;JO93;5
SP2ZAB;JO92;1
SP2ZP;JO93;1
SP2ZS;JO93;7
SP3AK;JO81;4
SP3AM;JO72;2
SP3AMZ;JO81;24
SP3AU;JO71;73
SP3AVS;JO81;5
SP3AYA;JO81;188
SP3BES;JO71;75
SP3BGD;JO71;453
SP3BP;JO82;78
SP3BPU;JO82;2
SP3BTA;JO82;2
SP3BVI;JO82;2
SP3CGK;JO83;3
SP3CJS;JO81;3
SP3CMX;JO72;5
SP3CUG;JO82;48
SP3DAT;JO82;102
SP3DML;JO81;2
SP3DOF;JO72;23
SP3DSC;JO72;8
SP3DSC;KO02;3
SP3DTB;JO92;2
SP3DX;JO82;1
SP3EIE;JO83;1
SP3EMA;JO82;20
SP3EOL;JO82;1
SP3FCO;JO92;1
SP3FDE;JO92;1
SP3FXC;JO71;1
SP3HCA;JO82;3
SP3HDU;JO71;18
SP3HGD;JO81;4
SP3HIF;JO82;3
SP3HUU;JO71;1
SP3HYK;JO82;1
SP3HZR;JO81;1
SP3IMM;JO92;1
SP3IOE;JO72;1
SP3IPA;JO82;2
SP3JDW;JO71;4
SP3JDZ;JO92;76
SP3JDZ;KO02;2
SP3JHY;JO71;6
SP3JHZ;JO71;4
SP3JP;JO71;5
SP3KOS;JO82;5
SP3LGF;JO71;1
SP3LM;JO71;1
SP3MEO;JO81;217
SP3MEO;OF78;1
SP3MS;JO72;28
SP3MZ;JO82;206
SP3NGI;JO81;10
SP3NX;JO92;1
SP3NYR;JO72;273
SP3OCJ;JO92;5
SP3OKU;JO92;1
SP3OTL;JO81;11
SP3PDA;JO82;4
SP3PJY;JO71;2
SP3PLD;JO72;7
SP3PM;JO72;1
SP3PP;JO82;1
SP3QDM;JO82;2
SP3QDX;JO81;285
SP3RBJ;JO71;1
SP3RTP;JO83;2
SP3SLA;JO82;22
SP3SLK;JO82;2
SP3SLO;JO92;1
SP3SPK;JO81;11
SP3SXS;JO82;3
SP3SXS;JN99;1
SP3SXS;KO02;1
SP3TM;JO92;1
SP3UY;JO83;2
SP3VAG;JO72;5
SP3VSA;JO82;1
SP3VST;JO82;5
SP3WBB;JO81;1
SP3WKW;JO82;135
SP3WVL;JO72;3
SP3WWI;JO72;1
SP3WWM;JO72;2
SP3XR;JO72;2
SP4AAZ;KO03;1
SP4AB;KO03;2
SP4AU;KO03;1
SP4AVG;KO03;1
SP4BAO;KO03;390
SP4BAO;JO93;1
SP4BAO;KO23;1
SP4BK;KO13;3
SP4BKE;KO13;54
SP4BLA;KO03;1
SP4BM;JO93;1
SP4BOS;KO03;1
SP4BP;KO03;258
SP4CIW;JO93;2
SP4CJA;JO92;1
SP4DC;KO13;4
SP4DLD;KO13;7
SP4FEU;KO13;1175
SP4GED;KO03;4
SP4HXV;KO13;375
SP4JAW;KO04;5
SP4JEU;JO93;1
SP4KZ;JO94;2
SP4L;KO13;2
SP4LO;KO13;799
SP4LO;JO90;1
SP4LVG;KO13;807
SP4LVK;KO13;151
SP4MCH;KO03;1
SP4MPF;KO03;509
SP4MPH;KO14;11
SP4MSY;KO13;3
SP4NDY;KO04;3
SP4NKJ;KO13;1145
SP4NKK;KO13;303
SP4NKU;KO12;1
SP4OIU;JO93;2
SP4OLL;KO12;1
SP4OX;JO93;1
SP4PB;KO03;1
SP4R;KO13;1
SP4SHK;KO03;3
SP4SHK;JO94;1
SP4TBO;KO13;1
SP4TKA;KO14;5
SP4TKR;KO04;584
SP4TXI;KO03;12
SP4TXI;JO92;1
SP4VIT;JO93;1
SP4WRI;KO13;2
SP4WSG;KO04;3
SP5AA;JO92;3435
SP5AA;JO82;1
SP5AEZ;KO02;1
SP5AIK;KO02;2
SP5APW;KO02;2
SP5ATA;KO02;4
SP5BBG;KO02;1
SP5BKA;KO02;7
SP5BUD;KO02;1
SP5BUJ;KO03;64
SP5BYC;JO73;2
SP5BYC;KO02;1
SP5CGN;KO02;39
SP5CII;KO02;5
SP5CJQ;KO02;404
SP5CMW;KO01;1
SP5CQI;KO02;431
SP5CQI;KO01;141
SP5CQI;KN35;1
SP5CWC;KO02;5
SP5DAA;KO02;1
SP5DFG;KO02;2
SP5DFK;JO82;1
SP5DIR;KO02;1
SP5DL;KO02;896
SP5E;KO02;1
SP5EAF;KO02;4
SP5EBH;KO02;1
SP5EJG;KO02;4
SP5ELA;KO02;11
SP5ENA;KO02;3
SP5ENM;KO02;7
SP5EPD;KO02;1
SP5ES;KO02;146
SP5EXA;KO02;86
SP5FCZ;JK02;1
SP5FKW;KO02;2
SP5GDL;KO02;2
SP5GDY;KO02;547
SP5GEO;JO90;5
SP5GMM;KO02;2
SP5GQX;KO02;2
SP5GRM;JO92;3
SP5GSM;KO02;3
SP5HIH;KO02;2
SP5HQZ;JO92;7
SP5HZM;JO92;7
SP5IOU;KO02;4
SP5ITO;KO02;4
SP5IXS;KO02;1
SP5JEC;KO02;4
SP5JMA;KO02;5
SP5JP;KO02;236
SP5KG;KO02;6
SP5KN;KO02;5
SP5LST;KO02;3
SP5ME;KO02;2
SP5MNF;KN19;1
SP5MNT;KO02;837
SP5MXG;KO02;6
SP5MXY;KO02;1
SP5MXZ;KO03;178
SP5NOF;KO02;1
SP5NOH;KO02;2
SP5NON;JO92;1
SP5OAB;KO02;14
SP5ORS;KO02;1
SP5OSF;KO01;18
SP5OXJ;KO02;207
SP5PDA;KO03;2
SP5PR;KO01;2
SP5QIR;KO02;1
SP5SF;KO02;1
SP5SG;KO02;1
SP5SMY;KO12;5
SP5SR;KO02;3
SP5TAL;KO02;2
SP5TIC;KO02;8
SP5TMA;KO02;2
SP5TZP;KO02;239
SP5UAF;KO02;119
SP5UAM;KO02;1
SP5UFE;JO92;1
SP5UFE;KO02;1
SP5UFK;KO02;370
SP5VBA;KO01;2
SP5VIH;KO02;71
SP5WAZ;KO02;11
SP5WPK;KO02;1
SP5WSL;KO02;1
SP5WZ;KO02;11
SP5X;KO02;1
SP5XMD;KO02;2
SP5XMU;KO02;1
SP5XOC;KO02;13
SP5XSD;KO03;1
SP5ZHJ;KO02;2
SP64GBC;JO93;2
SP67K;JO80;1
SP6AB;JO81;1
SP6AMI;JO90;3
SP6AN;JO81;1
SP6ARC;JO70;300
SP6ARC;JN70;1
SP6ATG;JO81;5
SP6ATG;KO02;1
SP6AXW;JO80;63
SP6AXW;JO92;1
SP6AZM;JO81;2
SP6BRT;JO80;1
SP6CES;JO71;2
SP6CIK;JO80;2
SP6CJE;JO81;1
SP6CPH;JO81;1
SP6CRZ;JO81;2
SP6CVB;JO80;2
SP6DA;JO80;3
SP6DJA;JO81;105
SP6DLU;JO81;5
SP6DLW;JO81;4
SP6DNZ;JO81;1
SP6DVP;JO80;1565
SP6DVP;JO92;1
SP6DYD;JO90;1
SP6E;JO80;3
SP6EA;JO81;1
SP6EAL;JO90;8
SP6ECQ;JO71;4
SP6EFY;JO81;12
SP6EIY;JO80;2355
SP6EIY;JN99;4
SP6EIY;JO08;1
SP6EIY;JO92;1
SP6EIY;KO02;1
SP6EQZ;JO90;2
SP6FME;JO90;4
SP6FME;JO92;1
SP6FXY;JO70;275
SP6FXY;JO80;1
SP6FXY;JO81;1
SP6GCU;JO90;3
SP6GSA;JO81;1
SP6IHE;JO80;1184
SP6IHE;KO14;1
SP6INI;JO80;1
SP6IWG;JO90;1
SP6IXO;JO81;1
SP6IXU;JO81;2
SP6IYR;JO81;2
SP6IZU;JO81;1
SP6JEV;JO90;1
SP6JOQ;JO81;1
SP6JUD;JO80;1
SP6KNE;JO80;1
SP6LHM;JO80;2
SP6LHT;JO80;2
SP6LUN;JO90;1
SP6LUV;JO90;1
SP6LZA;JO80;1
SP6M;JO80;9
SP6MAA;JO90;1
SP6MLT;JO81;2
SP6MLX;JO81;1203
SP6MM;JO80;3
SP6NIC;JO81;519
SP6NIF;JO81;2
SP6NIK;JO81;4
SP6NIK;JO66;1
SP6NIN;JO81;9
SP6NIV;JO71;253
SP6NIV;JO81;1
SP6O;JO80;2
SP6OH;JO70;2
SP6OM;JO81;2
SP6OUX;JO80;1
SP6OWY;JO80;1
SP6PCB;JO80;2
SP6PW;JO81;1
SP6QKM;JO80;1
SP6RCK;JO80;14
SP6RCK;JO92;2
SP6RIY;JO80;1
SP6RTX;JO80;188
SP6RTX;JO90;1
SP6SK;JO81;1
SP6SOW;JO70;2
SP6SOZ;JO80;554
SP6SOZ;JN80;1
SP6SYJ;JO71;3
SP6SYX;JO81;1
SP6TL;JO80;2
SP6VXO;JO81;13
SP6XD;JO81;247
SP6ZET;JO81;128
SP6ZT;JO81;10
SP7AH;KO00;2
SP7AM;KO00;5
SP7ATA;KO00;2
SP7AWG;JO91;93
SP7AWG;JN76;1
SP7AWG;OI89;1
SP7BR;JO91;1
SP7CDG;KO01;1
SP7CDH;KO01;2
SP7CKU;KO01;7
SP7CLB;KO01;1
SP7CWZ;JO91;11
SP7DBI;JO91;1
SP7DE;JO92;9
SP7EN;JO91;1
SP7ENW;JO91;1
SP7ENZ;KO00;5
SP7ESI;JO91;5
SP7EV;KO01;1
SP7FFY;KO00;1
SP7FGP;KO00;1
SP7FZS;JO91;1
SP7GTA;JO91;75
SP7HOV;KO01;4
SP7IDX;KO00;1
SP7IIT;KO00;1643
SP7IWA;KO02;4
SP7JB;JO92;1
SP7JKX;KO00;1
SP7JLH;KO00;56
SP7KGO;KO00;2
SP7LCK;KO00;2
SP7LPD;JO91;1
SP7MFR;KO01;3
SP7MJT;JO91;2
SP7MOQ;KO10;2
SP7MOW;KO01;1
SP7MTW;JO91;2
SP7NC;JO91;77
SP7NHS;JO91;1
SP7NL;JO91;1
SP7NL;KO00;1
SP7O;KO00;59
SP7OQI;JO91;57
SP7PFD;KO01;3
SP7PGK;JO91;1
SP7PMO;JO91;3
SP7QJF;KO10;8
SP7QJF;KO02;1
SP7RZR;JO91;1
SP7SDD;JO91;3
SP7SDG;JO91;1
SP7SLO;JO91;1
SP7SMF;JO91;327
SP7SQK;KO01;1
SP7SQM;KO01;2
SP7SQP;KO01;3
SP7TF;KO01;6
SP7TF;KO02;1
SP7THE;KO01;1
SP7TSK;JO91;5
SP7UPL;JO91;1
SP7V;JO91;5
SP7VLS;JO91;121
SP7VTQ;KO00;1
SP7X;JO92;1
SP7XIF;JO91;5
SP8ADU;KO11;4
SP8AJK;KO10;5
SP8ALT;KO11;2
SP8AOV;KO11;3
SP8AWL;KO11;11
SP8BDF;KO10;18
SP8BJU;KO01;4
SP8BPX;KN19;1
SP8BRT;KO10;2
SP8C;KO00;1
SP8CGR;KO10;3
SP8DXZ;KO00;1
SP8EDD;KO10;4
SP8EEX;KO00;146
SP8FJF;KO11;1
SP8FO;KO11;828
SP8IDX;KO10;108
SP8JKP;KN09;1
SP8JUR;KO10;1
SP8KB;KO12;2
SP8KP;KO11;1999
SP8KP;EM05;1
SP8KP;JO95;1
SP8KP;KN88;1
SP8KP;KO02;1
SP8LBK;KO10;3
SP8LLM;KO10;259
SP8LM;KN19;26
SP8LUB;JO92;1
SP8MO;KN09;493
SP8NFO;KN09;10
SP8NTX;KO12;1
SP8ONV;KO10;4
SP8PDK;KO11;1
SP8PLA;KO00;1
SP8PSA;KO10;2
SP8QC;KO00;2
SP8QC;JO92;1
SP8QC/P;KO10;4
SP8RO;KO12;2
SP8SN;KO11;302
SP8TN;KO00;293
SP8U;KO10;4
SP8XGU;KO00;2
SP9ADG;JO90;2
SP9AHW;JN99;2
SP9AK;JO90;1
SP9APA;KO00;1
SP9APJ;JN99;1
SP9ATE;JN99;2
SP9BCV;JO90;1
SP9BGS;JO90;92
SP9BRP;JO90;1
SP9CCA;JN99;98
SP9CCD;KN09;4
SP9CKS;JN99;2
SP9CSE;KO00;23
SP9CVY;JN99;584
SP9D;JO90;110
SP9D;JN99;1
SP9DCA;JN99;1
SP9DHY;JO90;4
SP9DLY;JO90;1113
SP9DTE;JO84;577
SP9DTE;JO74;1
SP9DWT;JN99;6
SP9EIA;JO90;1
SP9EJH;JO90;190
SP9EJH;JO81;1
SP9ENV;JO74;1
SP9EPO;JN99;2
SP9EPW;JN99;3
SP9EVL;KO00;2
SP9EYX;JO90;3
SP9EZM;JO90;604
SP9FIZ;JO90;3
SP9FTK;JO90;2
SP9FVO;JN99;338
SP9FZH;JN99;1
SP9GBA;JN99;1
SP9GFY;JO90;1
SP9HAN;JO90;404
SP9HNY;JO90;1
SP9HPI;JO90;4
SP9HT;JO90;3
SP9HWD;JO90;1
SP9HZW;KO00;145
SP9IHP;JO90;159
SP9IZ/P;JO84;55
SP9IZV;KN09;5
SP9IZZ;JO90;1
SP9JBP;KO00;2
SP9JCN;JO90;877
SP9JCS;JO90;2
SP9JP;JO90;5
SP9JTZ;JN99;1
SP9JZT;KO00;163
SP9KGR;KN09;1
SP9KJT;JO90;1
SP9KP;JN99;1
SP9KR;JO90;5
SP9KSK;KO00;3
SP9LCW;JO90;9
SP9LIP;JO90;1
SP9LIV;JO90;1
SP9MHZ;JO90;11
SP9MOC;JO90;6
SP9MOC;JN90;1
SP9MQS;JN99;11
SP9MQU;JO90;1
SP9MRP;JO90;2865
SP9MWR;JN99;1
SP9MZU;KN09;1
SP9N;JO90;2
SP9NLK;JN99;1
SP9NR;JN99;9
SP9NRB;JO90;1
SP9ODF;KN09;2
SP9OJ;JN99;2
SP9PEZ;JO90;150
SP9POL;KO02;6
SP9QLP;JO90;1
SP9QMP;JO90;1
SP9QZG;JO90;1
SP9QZH;JO90;4
SP9RA;KO00;178
SP9RHN;KN09;1
SP9RM;JO90;7
SP9RQH;JO90;4
SP9RQO;KO00;2
SP9RST;JN99;5
SP9RTK;JO90;9
SP9RXP;KN09;3
SP9SM;JO90;4
SP9TBT;JO90;18
SP9TBT/5;KO02;1
SP9TDA;JO90;5
SP9THC;JO90;2
SP9TNK;JO90;5
SP9TTV;JO90;1
SP9UH;JO90;2
SP9UNX;JN99;392
SP9UOJ;KO00;3
SP9UOP;JO90;1
SP9UPH;JO90;49
SP9UPH;JO92;1
SP9UPH;OF78;1
SP9UPV;JO90;1
SP9UXI;JO90;7
SP9UXS;JO90;2
SP9VEY;KO00;12
SP9VOU;KN09;1
SP9VP;JO90;4
SP9VRY;KN09;1
SP9W;KO00;22
SP9WLC;JO90;4
SP9WPN;JO90;274
SP9WPR;JN99;1
SP9WTC;KN09;4
SP9WZS;JO90;4
SP9XG;JO90;1
SP9XU;JO90;2
SP9Y;JN99;7
SP9YFF;JO90;3
SP9YFF;KO04;3
SP9ZEA;JO90;2
SP9ZPS;JO90;2
SQ1B;JO73;1
SQ1BHH;JO72;19
SQ1BHK;JO73;1
SQ1BVG;JO83;202
SQ1DOZ;JO73;2
SQ1EG;JO73;16
SQ1EIC;JO83;1
SQ1EUJ;JO73;5
SQ1KSA/QRP;JN03;2
SQ1M;JO73;1
SQ1MNC;JO73;2
SQ1OD;JO84;5
SQ1PQP;JO73;2
SQ1PQQ;JO73;2
SQ1REX;JO74;4
SQ1SDX;JO73;3
SQ1SNS;JO73;1
SQ1W;KO02;2
SQ1X;JO74;705
SQ2AF;KO02;1
SQ2BNE;JO93;12
SQ2BXI;JO94;6
SQ2CBA;JO83;1
SQ2CDK;JO93;1
SQ2CET;JO94;1
SQ2CFK;JO93;1
SQ2DR/P;JO93;1
SQ2FRF;JO82;1
SQ2FRF;JO83;1
SQ2GXO;JO94;48
SQ2HDO;JO83;2
SQ2HEG;JO92;1
SQ2HL;JO94;1
SQ2IP;JO93;254
SQ2LXX;JO93;2
SQ2NIG;JO84;2
SQ2NUB;JO84;1
SQ2OFS;JO94;3
SQ2RAD;JO94;2
SQ2RBR;JO93;4
SQ2RH;JO94;52
SQ2TOM;JO83;424
SQ2TOM;LO43;1
SQ2WKQ;JO82;3
SQ3BKI;JO71;2
SQ3DQ;JO82;4
SQ3EB;JO82;1
SQ3F;JO81;22
SQ3IOE;JO72;167
SQ3KNI;JO71;1
SQ3KNO;JO82;1
SQ3LMR;JO81;13
SQ3M;JO81;10
SQ3MVA;JO82;1319
SQ3MZ;JO82;227
SQ3MZM;JO72;676
SQ3NIK;JO82;2
SQ3ODX;JO72;2
SQ3OPC;JO82;2
SQ3OPL;JO82;2
SQ3PMX;JO72;1
SQ3RAX;JO82;90
SQ3SHI;JO91;1
SQ3SKN;JO72;2162
SQ3SKN;KO02;1
SQ3TGN;JO81;3
SQ3TSM;JO82;12
SQ3WRL;JO81;2
SQ3WW;JO82;23
SQ4AVD;KO13;3
SQ4CTS;KO13;1104
SQ4CUX;KO13;1
SQ4FAE;KO03;1
SQ4FXT;KO14;7
SQ4HKU;KO13;214
SQ4HRX;KO04;1
SQ4INW;JO93;5
SQ4MIK;JO94;2
SQ4OJD;KO03;7
SQ4OJF;KO04;2
SQ4OLI;JO93;10
SQ4PAP;KO03;1
SQ4PKO;KO13;5
SQ5AKY;KO01;1
SQ5BEL;KO02;2
SQ5CKZ;KO02;345
SQ5CKZ;JN89;1
SQ5CSF;KO02;5
SQ5CZL;JO92;4
SQ5CZP;JO92;8
SQ5DM;KO02;3
SQ5DTL;KO01;1
SQ5E;KO02;2
SQ5HG;KO01;1
SQ5JRC;KO02;2
SQ5KP;KO01;2
SQ5LNJ;KO02;1
SQ5LNL;KO02;1
SQ5MJX;KO02;3
SQ5N;KO02;263
SQ5NAN;KO02;4
SQ5NPX;KO02;151
SQ5NRY;KO02;1
SQ5NWW;JO80;1
SQ5OVL;KO01;2
SQ5PFF;KO02;2
SQ5PFI;KO12;3
SQ5PTZ;KO02;7
SQ5SCZ;KO12;3
SQ5SG;KO02;1
SQ5SQF;KO02;1
SQ5TDW;KO02;3
SQ5WIP;KO02;1
SQ6ADA;JO81;1
SQ6COQ;JO71;206
SQ6DGB;JO71;1
SQ6ELQ;JO80;5
SQ6ELV;JO80;198
SQ6GDI;JO81;1
SQ6GPX;JO80;255
SQ6H;JO80;1676
SQ6ILB;JO70;9
SQ6KXY;JO81;1
SQ6MIZ;JO81;2
SQ6MTB;JO71;2
SQ6NSG;JO81;1
SQ6PJS;JO80;1
SQ6PLE;JO74;1
SQ6POH;JO81;1
SQ6RMA;JO80;1
SQ6RR;JO80;1
SQ6SGV;JO91;1
SQ6WA;JO81;3
SQ6WZ;JO81;103
SQ6ZP;JO71;1
SQ7ASG;JO91;3
SQ7AYL;JO91;5
SQ7AYL;JO92;1
SQ7BCB;KO00;1
SQ7BCN;KO00;2
SQ7BFS;JO91;2
SQ7BQH;KO01;1
SQ7BTY;KO01;1
SQ7FBP;KO00;4
SQ7FPD;KO10;1
SQ7FZR;KO01;6
SQ7HJG;JO91;3
SQ7HJX;JO91;4
SQ7JZF;JO91;552
SQ7KHZ;JO91;1
SQ7KM;KO01;1
SQ7KW;JO91;1
SQ7LQT;KO01;12
SQ7NHO;JO91;2
SQ7NNI;JO91;1
SQ7NPA;JO91;1
SQ7OBH;JO91;3
SQ7OFH;JO91;2
SQ7OTG;JO91;1
SQ7RO;KO02;2
SQ7SCJ;JO91;1
SQ7SCL;JO91;2
SQ7SNM;KO00;3
SQ7WT;KO01;1
SQ8AA;KN19;33
SQ8AGI;KO01;2
SQ8AQO;KO00;1
SQ8B;KO10;158
SQ8BGR;KO11;1
SQ8DSN;KO11;1998
SQ8ECJ;KO00;17
SQ8FGP;KO00;1
SQ8GBG;KN09;4
SQ8IFG;KO01;1
SQ8JI;KO01;1
SQ8JLF;KN09;140
SQ8KJK;KO11;2
SQ8KMP;KO11;10
SQ8LE;KO11;46
SQ8LSB;KO00;2
SQ8LSB;JO92;1
SQ8M;KN09;881
SQ8M;JO80;1
SQ8N;KO00;455
SQ8NGI;KO11;2
SQ8NGO;KO10;287
SQ8OAU;KN09;3
SQ8OHR;KO11;6
SQ8PIW;KO11;1
SQ8RFU;KN09;1
SQ8SBP;KN19;2
SQ8SEM;KN19;1
SQ8T;KO10;3
SQ8V;KO01;6
SQ8W;KN09;1920
SQ9B;JO90;99
SQ9BOR;JO90;2
SQ9BZN;JO90;1
SQ9CAH;KN09;2
SQ9CNN;JO90;3
SQ9CXE;JO90;5
SQ9CXH;JO90;8
SQ9CYW;JO90;1
SQ9DDH;JN99;12
SQ9DDY;KN09;1
SQ9DHS;JN99;4
SQ9DJQ;JO90;4
SQ9DKS;JN99;7
SQ9DXJ;JO90;1
SQ9DXT;JN99;1
SQ9EJ;JN99;5
SQ9ETV;JO90;1
SQ9EZE;KN09;3
SQ9FIA;JO90;1
SQ9FVE;JO90;3
SQ9GIW;JO90;3
SQ9GOL;JO90;350
SQ9GOL;KO00;8
SQ9HHV;JO90;1
SQ9HZM;JO90;4
SQ9JTI;KO02;374
SQ9JXB;JO90;12
SQ9JYK;KN09;2
SQ9KDO;KN09;4
SQ9KFZ;JO90;1
SQ9KWU;KO00;2
SQ9LFQ;KN09;12
SQ9MDK;JO90;1
SQ9MTW;JO90;2
SQ9NFC;JO90;1
SQ9NFC/QRP;JO90;121
SQ9NRF;JO90;3
SQ9OB;KO00;1
SQ9OZA;JO90;2
SQ9OZJ;KO00;1
SQ9PBV;JN99;6
SQ9PCO;JO90;6
SQ9PPT;JO90;139
SQ9PPV;JO90;3
SQ9RHY;JN99;1
SQ9S;JO90;4
SQ9UA;JO90;2
SQ9UM;JO90;599
SQ9V;JO90;3
SQ9ZAX;KO00;4
SR4SMA;BO25;1
ST2NH;KK65;7
ST4VJN;AI93;1
ST7XOB/R;HN39;1
SU1OK;KM50;1
SU1OK;OF78;1
SU1SK;KM50;482
SU2AOB;KN10;1
SV0LR;KM18;2
SV0XAD;KM18;7
SV1/N3JWJ;KM17;1
SV1/UR6LTZ;KN89;1
SV1ABB;KM18;123
SV1ACL;KM18;1
SV1AER;KM17;30
SV1AIN;KM17;28
SV1AIN;PM84;1
SV1AIQ;KM17;15
SV1AJO;KM17;1
SV1ALZ;KM17;1
SV1ATU;KM25;1
SV1AVT;KM17;14
SV1AVT;KM09;1
SV1AZL;KM17;642
SV1AZL;KN47;1
SV1BVH;KM17;1
SV1BY;KM18;3
SV1CDU;KM17;1
SV1CEI;KM18;2
SV1CIF;KM08;78
SV1CIF;KM17;16
SV1CKZ;KM18;2
SV1CNS;KM18;145
SV1CQG;KM08;1
SV1CQN;KM08;23
SV1CQR;KM08;1
SV1DKR;KM18;2
SV1DZB;KM18;1318
SV1DZB;KM22;1
SV1DZL;KM17;1
SV1EAG;KM18;118
SV1EBV;KM08;2
SV1EDY;KM17;19
SV1EEM/8;KM28;38
SV1EEX;KM17;4
SV1EGE;KM17;1
SV1EGX;KM18;2
SV1EGX;KM17;1
SV1EHA;KM17;16
SV1EKI;KM18;90
SV1EKI;KM09;1
SV1ELG;OF78;1
SV1ELS;KM18;2
SV1EML;KM18;3
SV1EMX;KM18;3
SV1EMY;KM18;4
SV1ENG;KM18;3
SV1ENM;KM18;7
SV1ENV;KM18;1
SV1EQU/8;KM17;1
SV1EQU/8;KM28;1
SV1FJA;KM17;2
SV1FJF;KM18;3
SV1FJN;KM17;26
SV1FJP;KM17;1
SV1FJR;KM17;2
SV1FKZ;KM18;2
SV1FXQ;KM17;12
SV1GE;KM17;4
SV1GFM;KM17;2
SV1GGF;KM17;2
SV1GRB;KM18;1
SV1GSW;KM18;1
SV1GYG;KM18;2
SV1GYN;KM17;10
SV1HBS;KM18;7
SV1HEP;KM18;22
SV1HFE;KM18;8
SV1IYA;KM17;1
SV1IZR;KM18;4
SV1JFL;KM17;1497
SV1JRR;KM17;5
SV1JRS;KM17;2
SV1JSM;KM17;5
SV1JSM;KM18;2
SV1JSO;KM17;1
SV1JSS;KM17;1
SV1KC;KM17;7
SV1KYC;KM17;33
SV1LHZ;KM18;5
SV1LIP;KM18;3
SV1LIQ;KM18;11
SV1ME;KM27;2
SV1MO;KM17;212
SV1MO;KM12;1
SV1MOZ;KM17;18
SV1NJA;KM18;1
SV1NN;KM17;1
SV1NZJ;KM17;3
SV1OCN;KM17;3
SV1OH;KM18;1
SV1OMG;KM18;1
SV1OML;KM18;11
SV1OML;KM17;1
SV1ONU;KM18;7
SV1PBL;KM18;63
SV1PBL;JN24;1
SV1PDS;KM17;1
SV1PLH;KM17;2
SV1PLH;KM18;1
SV1PLH;KN10;1
SV1PMQ;KM17;1
SV1PMR;KM17;13
SV1PMZ;KM17;1
SV1QEW;KM18;41
SV1QEZ;KM18;3
SV1QN;KM18;1
SV1QT;KM17;3
SV1QT;JO88;1
SV1QVE;KM16;1
SV1QVJ;KM17;1
SV1RRP;KM08;9
SV1RRP;KP00;1
SV1RTQ;KM08;1
SV1RVO;KM17;1
SV1RVP;KM17;12
SV1RZX;KM18;1
SV1SAX;KM17;2
SV1SFZ;KM17;3
SV1SHP;KM17;3
SV1SJJ;KM17;1
SV1SLB;KM18;1
SV1SLC;KM27;2
SV1SLK;KM17;1
SV1SMX;KM17;51
SV1SSL;KM18;7
SV1SXV;KM17;746
SV1SXV;KM27;2
SV1SXV;KM18;1
SV1TAJ;KM17;1
SV1TAY;KM18;3
SV1TMQ;KM18;8
SV1VJ;KM17;1
SV1VN;KM18;3
SV1VN;KM17;1
SV1YH;KM18;1
SV2AAS;KN11;3
SV2AEL;KN10;2265
SV2AEL;IN89;1
SV2AEL;KO91;1
SV2AJX;KN10;206
SV2AJX;KM18;2
SV2AOB;KN10;1359
SV2AYT;KN10;4
SV2BBC;KN10;1
SV2BRA;KN10;3
SV2BWY;KN10;12
SV2CCJ;KN10;4
SV2CLJ;KN10;387
SV2CSR;KM18;2
SV2CSR;KN10;1
SV2CSV;KN10;1
SV2CUI;KN10;8
SV2CUI;KM81;1
SV2CXW;KN10;6
SV2DFK;KN10;82
SV2DGH;KN10;19
SV2FNT;KN00;9
SV2FPG;KN10;2
SV2FPI;KN10;3
SV2GGF;KM17;1
SV2HJQ;KN00;1
SV2HJW;KN10;3
SV2HTI;KN10;1
SV2HTW;KN10;6
SV2HTW;KM18;3
SV2HTY;KN10;6
SV2HXV;KN10;2
SV2HXX;KN10;1
SV2HYB;KN10;1
SV2HZT;KN10;7
SV2JAO;KN10;7
SV2JN;KN10;6
SV2KBB;KN10;1
SV2KBO;KN11;3
SV2KD;KM18;5
SV2LLQ;KN10;1
SV2LZX;KN10;1
SV2MHH;KN10;6
SV2MJY;KN10;1
SV2OEL;KN00;1
SV2OEX;KN00;1
SV2RCS;KN00;1
SV2RKF;KN10;3
SV2RQB;KN10;5
SV2RQC;KN10;13
SV2RZJ;KN10;288
SV2SCB;KN10;8
SV2SDI;KN10;1
SV2SIF;KN10;1
SV2SIH;KN10;9
SV2SIH;KM25;1
SV2SKD;KN10;941
SV2SKU;KN10;3
SV2SNH;KN10;2
SV2SRX;KM09;1
SV2SUG;KN10;1
SV2TCC;KN10;5
SV2TPJ;KN11;6
SV2TX;KN10;2
SV2UC;KN10;4
SV2WT;KN10;36
SV3AGT;KM08;2
SV3ALB;KM08;5
SV3ALC;KM08;1
SV3AUW;KM17;287
SV3AUW;KM18;1
SV3BLX;KM17;20
SV3BLX;KM09;1
SV3BSF;KM08;1
SV3CIX;KM17;1
SV3CKF;KM06;52
SV3CKF;KM09;1
SV3CQY;JO43;1
SV3DCX;KM08;3
SV3DCX;KM18;3
SV3DVW;KM08;1
SV3EEF;KM16;4
SV3EEF;KM18;1
SV3EXP;KM08;10
SV3EXU;KM08;7
SV3FUO;KM08;6
SV3FUP;KM08;1
SV3GLL;KM17;20
SV3GLL;KM01;1
SV3IBP;KM08;2
SV3ISC;KM17;8
SV3QUP;KM08;2
SV3RIA;KM17;7
SV3SFH;KM08;480
SV3SFK;KM08;240
SV3SKM;KM08;1009
SV3SPC;KM08;202
SV3SPD;KM08;416
SV3SPD;KN08;1
SV4BHA;KM19;3
SV4FFK;KM19;9
SV4FGT;KM19;1
SV4ILY;KM19;1
SV4IMN;KN10;43
SV4IMN;KM44;1
SV4IMN;QH36;1
SV4LGX;KM09;5
SV5/SV1LK;KM46;3
SV5/SV1LK;KM19;1
SV5/SV1LK;KM37;1
SV5AZK;KM46;146
SV5AZK;KN46;1
SV5AZP;KM46;18
SV5AZP;KM36;1
SV5DKL;KM46;128
SV5DZR;KM37;4
SV5FRI;KM36;1
SV5RLH;KM37;1
SV5RLH;KM73;1
SV5SKD;KM46;1
SV6/SV1FJF;KM18;1
SV6DBG;KM09;12
SV6DVP;JO80;1
SV6EXM;KM09;1
SV6GIM;KM09;2
SV6JHA;KM09;4
SV6TIX;KM09;6
SV7BAY;KN21;398
SV7BVZ;KN21;2
SV7CFP;KN20;1
SV7LWI;KN20;2
SV7SXE;KN20;3
SV8/SV1EEM;KM28;112
SV8/SV1SXV;KM27;583
SV8/SV1SXV;KM18;7
SV8/SV1SXV;KN27;1
SV8CKM;KM08;1
SV8DAW;KM27;216
SV8DAW;KM22;1
SV8DCW;KM39;1
SV8DCY;KM39;27
SV8DJW;KM27;2
SV8DUU;KM39;1
SV8GXC;KM17;351
SV8GXC;KM38;1
SV8GXQ;KM38;3
SV8IIR;KM27;928
SV8IIR;IO86;1
SV8JE;KM08;9
SV8JNR;KM39;5
SV8JVM;KM27;3
SV8KOA;KM07;5
SV8KOM;KM07;1
SV8KOU;KM07;3
SV8LMQ;KM18;2448
SV8LMQ;KM17;1
SV8LMQ;KM19;1
SV8MLQ;KM18;1
SV8NAJ;KM07;22
SV8NAJ;KM09;1
SV8NAJ;KM65;1
SV8OVH;KM27;1160
SV8OVH;KM19;2
SV8OVJ;KM27;224
SV8QG;KM39;193
SV8QVH;KM27;1
SV8RSX;KM18;84
SV8RSX/QRP;KM18;1
SV8RX;KM07;22
SV8RYH;KM18;733
SV8SKA;JM99;1
SV8SXD;KM29;10
SV8SYK;KM39;388
SV8TCK;KM18;8
SV9/KC8JNV;KM25;1
SV9/SV1LJG;KM15;2
SV9/SV1LJG;KM25;2
SV9/SV1LJG;JN03;1
SV9/SV1LJG;KM18;1
SV9ANC;KM25;2
SV9ANK;KM25;1
SV9AUP;KM25;4
SV9BMG;KM25;28
SV9CAF;KM25;29
SV9FBK;KM25;1
SV9FBM;KM25;1
SV9FBT;KM25;1
SV9GPV;KM25;3
SV9KNA;KM25;2
SV9MBH;KM25;9
SV9QWP;KM25;1
SV9RGI;KM25;858
SV9RKU;KM25;4
SV9RNG;KM25;101
SV9TEO;KM25;1
SX200CQN;KM18;9
SX200CQN;EM80;1
SX200CQN;KM08;1
SX200CQN;KM09;1
SX200JFL;KM17;162
SX5GB;KM37;5
SX5GB;KM17;1
SX6B;KM37;1
SY1BM;KM18;2
SY1BMJ;KM18;4
SY1DAL;KM18;12
SY2APF;KN10;3
SY2CWM;KN10;6
SY3EBK;KM18;1
SY3VBG/P;HF22;1
SY6DJE;KM09;2
SY8BQQ;KM17;1
SY9CGZ;KM25;1
T02EVS/R;OK03;1
T30TTT;RJ61;52
T52SEB;JP38;1
T6A;MM44;1435
T6A;MH44;1
T77BL;JN63;1
T77C;JN63;3
T77PM;JN63;1
T77R;JN63;10
T88SS;PJ77;5
TA0A;KN50;1
TA0B/3;KM38;1
TA0B/5;KM86;1
TA1BM;KN40;198
TA1BX;KN41;425
TA1BX;KN30;377
TA1BX;JN62;1
TA1CAN;KN41;1
TA1CM;KN30;3
TA1CQ;KN41;14
TA1D;KM56;1
TA1ED;KN30;2
TA1EES;KN41;1
TA1EVR;KM56;3
TA1GRH;KN41;1
TA1HF;KN30;3
TA1LHJ;KN30;57
TA1LHJ;KM30;1
TA1MHS;KM39;1
TA1MKD;KN40;1
TA1MR;KN41;2
TA1NAC;KN30;3
TA1NGE;KN41;12
TA1NGE/QRP;KN41;1
TA1NSK;KN41;2
TA1OSN;KN41;5
TA1OUX;KM69;9
TA1OUX;KM46;1
TA1QQ;KN41;1
TA1SA;KN40;2
TA1SOR;KN31;2
TA1SY;KN30;1
TA1TB;KN41;4
TA1TW;KN41;2
TA1UIG;KN40;1
TA2AEC;KN50;1
TA2AEG;KN40;1
TA2AFA;KN41;5
TA2ANK;KM69;207
TA2AQW;KN40;1
TA2BDO;KN41;1
TA2BKU;KM69;1
TA2BZ;KN41;10
TA2CD;KN40;2
TA2CM;KN40;5
TA2CM;KM69;1
TA2DOS;KN40;1
TA2E;KN51;260
TA2EC;KM59;2
TA2ED;KM57;2
TA2EE;KM69;21
TA2EHI;KM69;420
TA2FE;KN40;1
TA2FM;KN40;8
TA2FN;KN91;1
TA2GBO;KM39;1
TA2GG;KM59;2
TA2HC;KM69;2
TA2IB;KN41;1
TA2JU;KN51;7
TA2K;KN40;12
TA2L;KN40;215
TA2LE;KN41;3
TA2LG;KN50;1
TA2M;KM59;1
TA2MJA;KN40;1
TA2MN;KN40;7
TA2N;KN40;1
TA2NEH;KN40;5
TA2NXS;KM69;2
TA2OM;KM69;385
TA2SUA;KM69;1
TA2UIL;KM69;3
TA2UIL;KN40;1
TA2VB;KN50;3
TA2VUZ;KM59;1
TA2YJ;KN50;1
TA3AHJ;KM79;1
TA3D;KM39;1
TA3EE;KM69;1
TA3EYO;KM39;2
TA3F;KM38;2
TA3GO;KM38;11
TA3GT/QRP;KM38;1
TA3IE;KN30;5
TA3IIE;KN30;1
TA3IR;KN30;2
TA3LHH;KM38;334
TA3LY;KM38;3
TA3NEB;KM38;357
TA3OER;KN30;3
TA3OER;KM79;1
TA3ST;KM39;39
TA3TK;KM38;2
TA3ZGR;KN40;1
TA3ZZ;KN40;7
TA4A;KM37;2
TA4AEI;KM56;5
TA4BU;KM37;1
TA4CS;KM37;8
TA4EGI;KM37;5
TA4KK;KM49;2
TA4MSO;KM56;1
TA4ORZ;KM46;39
TA4ORZ;OI27;1
TA4Q;KM56;12
TA4Q;KM69;1
TA4RC;KM59;728
TA4SO;KM47;85
TA4SSK;KM57;10
TA5BS;KM77;1
TA5ED;KM77;1
TA5FA;KM76;1
TA5N;KM67;2
TA6B;KN81;7
TA6CQ;KN70;9
TA6NEZ;KM69;2
TA6P;KN81;8
TA7AEK;KN90;20
TA7AEK;KM69;1
TA7AEK;KM78;1
TA7AEK;KN69;1
TA7AO;KN90;2
TA7DX;KM99;2
TA7ESC;KM78;4
TA7ESC;AA00;1
TA7H;KN90;1
TA7I;KN91;14
TA7LZB;KN90;3
TA7O;KN90;3
TA7OYG;KN90;1
TA7UHS;KN91;1
TA8AIR;KN41;11
TA9AAR;LM09;1
TA9J;LN10;1581
TC100OLD;KM69;4
TC100TA;KM69;1
TC114PTR;KM46;2
TC30AZB;KN90;4
TC30ZFR;JN03;1
TC30ZFR;KN41;1
TC3D;KM38;1
TC8YL;KN41;22
TF1A;HP94;73
TF1EIN;HP94;2
TF1EM;HP94;1
TF1GW;HP93;1
TF1OL;HP94;2
TF1OL/P;HP84;10
TF1OL/P;HP94;2
TF1OL/P;IP14;2
TF2CT;HP85;14
TF2MSN;HP84;17
TF3AK;HP94;10
TF3AK;HP84;1
TF3AO;HP94;14
TF3CZ;HP93;8
TF3CZ;HP94;1
TF3DT;HP94;2
TF3GB;HP94;2
TF3IG;HP94;13
TF3JB;HP94;3
TF3PPN;HP94;11
TF3VE;HP94;39
TF3VE;HB94;1
TF3VE;HP49;1
TF3VG;HP94;1
TF3VS;HP94;23
TF3VS;FE48;1
TF5B;IP05;18
TF5B;IP04;1
TF6MK;HP94;2
TF8KW;HP84;1
TG4NJG;EK44;7
TG9AHM;EK45;1
TG9AKH;EK44;11
TG9ASB;EK44;2
TG9AUO;EK44;4
TG9AXG;EK44;1
TG9JMR;EK44;1
TG9SO;EK44;3
TG9SRP;EK44;3
TI0RC;EJ79;1
TI0RKM;EJ89;47
TI1E;EJ79;1005
TI1F;EK70;988
TI1FIFA;EK70;6
TI1I;EJ79;1916
TI1I;EK70;2
TI1I;FJ79;1
TI1IF;EK70;1
TI1M;EJ89;121
TI1M;EK70;2
TI1T;EJ79;473
TI2AIM;EJ79;4
TI2ALF;EJ79;7
TI2BSH;EJ79;13
TI2CC;EJ79;1462
TI2CC;RR73;1
TI2CCC;EJ79;2
TI2CDA;EJ79;2
TI2DJV;EJ79;3
TI2FAF;EJ79;229
TI2GBB;EJ89;1
TI2HAS;EJ79;1
TI2MOT;EJ79;138
TI2OKY;EJ79;18
TI2OOZ;EJ79;1
TI2RF;EJ79;461
TI2RPT;EJ79;123
TI2VLM;EK80;1
TI2VVV;EJ79;2350
TI2VVV;FN32;1
TI2WMP;EJ79;2
TI2WVC;EJ79;182
TI2YO;EJ79;561
TI3ATS;EJ89;54
TI3DK;EJ89;83
TI3GB;EJ89;42
TI3LRO;EJ89;36
TI3RCS;EJ79;2
TI3RCS;EJ89;2
TI3RKM;EJ89;386
TI4LAS;EJ79;5
TI5CDA;EK70;1
TI5GAX;EK70;27
TI5JCJ;EK70;5
TI5KLH;EK70;10
TI5LUA;EK70;3
TI5RTZ;EK70;4
TI5VWR;EJ79;1
TI5VWR;EK70;1
TI8AA;EJ79;7
TI8LGM;EJ79;1
TI8RDY/R;NK29;1
TI9LFL;PP87;1
TJ1GD;JJ53;7
TJ4ZOV;HP19;1
TK/DJ0TP;JN42;3
TK/SQ9UM;JN42;283
TK/SQ9UM;MC28;1
TK4BB;JN42;1
TK4RB;JN42;1
TK4TH;JN41;525
TK4TH;KN41;1
TK5IH;JN41;2
TK5MH;JN41;57
TM100MB;JN18;3
TM110GG;JO10;2
TM120ESP;JN29;14
TM120ESP;RR00;1
TM1CY;JN18;8
TM1JL;IN93;7
TM3GGR;IN96;2
TM44CDXC;JN18;8
TM44CDXC;JN15;1
TM44CDXC;JO22;1
TM5CVA;IN88;2
TM5J;JN03;35
TM5MFL;JN07;5
TM62QE;JN18;2
TM6M;IN78;8
TM6R;IN94;93
TM80BLG;JN18;5
TM80BLG;JN05;1
TM80DP;JN23;6
TM80DP;IN97;1
TM80DP;JN06;1
TM80DP;JN16;1
TM80DP;JN21;1
TM80FCL;JN25;5
TM8H;JN09;12
TM93SEV;JN18;1
TR8CA;JJ40;32
TT8IGL/R;KI99;1
TY5AD;JJ16;17
TY5AD;JJ17;7
U19NMN;IH86;1
U1NZ;KP51;2
U3KHJ;JN65;1
U4RZM;GM90;1
U5R;KN04;1
U6FZ;LN14;1
U89PJL/R;PM02;1
UA0A;NO65;441
UA0A;NO56;3
UA0AAA;NO45;2
UA0AAC;NO66;1
UA0ACG;NO76;2
UA0APV;NO66;77
UA0AV;NO65;13
UA0C;PO80;9
UA0CBM;QN09;3
UA0CGC;PO61;1
UA0CGN;QN09;1
UA0CGR;PO80;1
UA0CW;PN78;3
UA0DBX;PN68;6
UA0DF;PN68;2
UA0DX;PN68;3
UA0FUJ/P;QO10;1
UA0IEW;QO49;7
UA0IEW;OO49;1
UA0IFC;QO59;1
UA0IGG;QO59;7
UA0JBY;PO30;7
UA0JBY;OO62;1
UA0JCG;PO40;6
UA0JFG;PO30;5
UA0KB;RP84;7
UA0KEX;RP84;6
UA0KS;RP84;1
UA0LDW;PN53;2
UA0LHS;PN65;1
UA0LKD;PN53;1
UA0LLF;PN53;1
UA0LLT;PN53;2
UA0LMO;PN53;3
UA0LOQ;PN53;4
UA0LQE;PN53;36
UA0LQE;PN62;9
UA0LQE;JH32;1
UA0LQE;PM53;1
UA0LVL/P;PN64;1
UA0LVO;PN53;3
UA0NL;PN53;1
UA0QCO;PP42;10
UA0QN;PP42;6
UA0QNI;OP66;8
UA0QNI;OO62;1
UA0QQE;PP42;2
UA0QQL;PP03;3
UA0QQV;PP99;1
UA0SC;OO22;347
UA0SCF;OO22;1
UA0SDX;OO22;6
UA0SF;OO22;2
UA0SGY;OO22;2
UA0SM;OO06;8
UA0SQR;OO21;1
UA0SR;OO22;12
UA0SU;OO22;724
UA0TP;OO22;6
UA0TP;OO62;1
UA0WF;NO52;4
UA0ZAM;QO93;14
UA0ZC;QO93;213
UA0ZEO;QO93;190
UA0ZFW;QO93;8
UA0ZGN;QO93;2
UA0ZK;QO93;259
UA0ZK;QO03;1
UA0ZL;QO92;1
UA1A;KP50;1
UA1AAP;KP50;1
UA1ABA;KO69;1
UA1ABO;KO59;10
UA1ACO;KO59;1
UA1AEL;KO59;2
UA1AES;KO85;1
UA1AEY/3;JN03;1
UA1ALW;KO59;2
UA1ANR;KO59;4
UA1AOF;KO59;7
UA1AOS;KP50;779
UA1APB/P;KO68;1
UA1AQC;KO59;3
UA1ARD;KP50;1
UA1CCB;KP51;1
UA1CFE;KO48;5
UA1CIO;KO49;1
UA1CKA;KO49;1
UA1CKC;KO49;3
UA1COA;KO49;195
UA1NAN;KP71;5
UA1NFA;KP71;8
UA1OC;LP04;3
UA1ODM;LP04;1
UA1ODY;LP41;3
UA1OIW;KP94;2
UA1OIZ;LP04;2
UA1OIZ;LP31;1
UA1OJL;LP04;5
UA1OLM;LP04;2
UA1OM;KO85;1
UA1OMS;LP31;21
UA1ORK;LP31;1
UA1QDZ;KO99;6
UA1RC;KO99;2
UA1THZ;KO58;3
UA1THZ;KO85;1
UA1WA;KO47;11
UA1WBV;KO47;2
UA1WCF;KO55;1
UA1WFH;KO46;11
UA1WFH;KO85;1
UA1ZFG;KO46;3
UA1ZFL;KP67;2
UA1ZPH;LP01;1
UA2FBW;KO04;5
UA2FF;KO04;2
UA2FF;KA13;1
UA2FHZ;KO04;4
UA3ADE;KO85;3
UA3ADE;FG42;1
UA3AGY;KO85;1
UA3AIF;KO85;1288
UA3AIU;KO85;2
UA3AJZ;KO85;1
UA3ALE;KO85;9
UA3ALY;KO85;14
UA3AOM;KO85;1
UA3ARC;KO85;1
UA3ATQ;KO85;2
UA3AVY;KO95;13
UA3D;KO95;4
UA3DCG;KO85;1
UA3DCG;KO95;1
UA3DHR;KO96;3
UA3DHR;KO95;2
UA3DIB;KO85;9
UA3DLL;KO85;2
UA3DLP;KO95;1
UA3DNK;KO85;515
UA3DOI;KO85;1
UA3DPM;KO95;2
UA3DTK;KO85;326
UA3DTK;KN35;1
UA3EAY;KO82;174
UA3ECJ;KO83;11
UA3EDQ;KO72;3
UA3FA;KO85;1
UA3FF;KO94;2
UA3FH;KO85;1
UA3FO;KO94;3
UA3GAF;KO92;2
UA3GAF;KN88;1
UA3GAF;KO42;1
UA3GDJ;KO92;15
UA3GDJ;LO03;1
UA3GIE;KO92;8
UA3GJM;KO92;11
UA3GT;KO92;3
UA3GU;KO92;5
UA3GX;KO93;3
UA3IAG;KO77;3
UA3IAP;KO76;394
UA3IAP;KO85;3
UA3IHJ;KO67;717
UA3IKR;KO76;5
UA3IQC;KO86;2
UA3LAZ;KO65;1
UA3LBR;KO65;1
UA3LKM;KO65;1
UA3LLR;LO03;1
UA3LM;KO54;1
UA3LMR;KO75;3
UA3LNM;KO75;1
UA3LNU;KO64;2
UA3LRN;KO64;5
UA3LSX;KO65;12
UA3MFP;KO98;22
UA3MRS;KO97;6
UA3MRS;KO85;1
UA3NFI;LO07;2
UA3O;KO91;4
UA3OA;KO90;1
UA3ON;KO90;7
UA3ON;LO03;1
UA3PAB;KO84;17
UA3PCP;KO83;2
UA3PI;KO94;4
UA3PKA;KO94;5
UA3POG;KO83;4
UA3PRS;KO84;11
UA3PTK;KO93;2
UA3PY;KO84;6
UA3QJJ;KO91;6
UA3QNA;KO91;10
UA3QQG;KO91;1
UA3RAB;LO02;8
UA3RAU;LO02;2
UA3RBM;LO02;1
UA3RBM;LO32;1
UA3RLE;LO02;3
UA3RN;LO03;1
UA3RW;LO02;1
UA3SAG;KO94;1
UA3SAO;KO94;4
UA3SAQ;KO94;1
UA3SCE;KO94;3
UA3SCF;LO03;2
UA3SNB;LO14;5
UA3TEK;LO24;1
UA3TFF;LO14;2
UA3UBT;LO06;3
UA3UCD;LO06;6
UA3UKD;LO07;3
UA3VVA;LO06;8
UA3WDO;KO71;2
UA3WG;KO71;2
UA3XFO;KO84;1
UA3XO;KO85;4
UA3YCN;KO62;1
UA3YCX;KO73;31
UA3YFL;KO73;7
UA3YGF;KO62;2
UA3YMC;KO92;1
UA3YMC;LO44;1
UA3YMM;KO73;1
UA3YPL;KO73;3
UA3YPS;KO73;1
UA3YSS;KO73;1
UA3ZAB;KO80;3
UA3ZCQ;KO90;4
UA3ZMQ;KO90;1
UA3ZPB;KO81;2
UA3ZSI;KO90;2
UA3ZUX;KO90;10
UA4A;LN28;2
UA4AEU;LN28;3
UA4AGU;LO20;4
UA4AGU;KO85;1
UA4AGU;LN28;1
UA4AGU;OF78;1
UA4AHP;LN28;1
UA4AIC;LO20;1
UA4AJD;LN28;1
UA4AOC;LO10;2
UA4APN;LO20;1
UA4AQL;LO20;2
UA4ASE;KN93;14
UA4AVG;LN28;1
UA4AVN;LN28;1
UA4CAJ;LO32;3
UA4CBM;LO31;2
UA4CC;LO31;1740
UA4CC;KN77;1
UA4CCH;LO21;8
UA4CDM;LO31;4
UA4CDM;LO03;1
UA4CGR;LO31;3
UA4CMK;LO21;1
UA4COA;LO42;1
UA4CPM;LO32;3
UA4CQS;KO85;1
UA4CQS;LO42;1
UA4CR;LO31;4
UA4CR;LO41;1
UA4FBG;LO23;13
UA4FDP;LO12;2
UA4FEN;LO23;40
UA4FET;LO13;3
UA4FKT;LO23;15
UA4FMJ;LO13;1
UA4FND;LO23;2
UA4FOV;LO33;1
UA4FTA;LO23;7
UA4HAD;LO53;59
UA4HBJ;LO53;7
UA4HBR;LO53;1
UA4HBW;LO53;16
UA4HDB;LO53;105
UA4HII;LO43;1
UA4HJ;LO43;10
UA4HNU;LO43;1
UA4HTZ;LO53;2
UA4HY;LO43;2
UA4IU;LO53;1
UA4LCC;LO44;2
UA4LGP;LO44;2
UA4LGX;LO44;1
UA4NM;LO48;6
UA4NX;LO48;2
UA4PAY;LO45;1
UA4PCM;LO45;1
UA4PDJ;LO45;2
UA4POO;LO65;9
UA4PPQ;LO54;1
UA4SAI;LO45;1
UA4SBZ;LO36;3
UA4SJB;LO36;1
UA4SJO;LO45;1108
UA4SN;LO36;1
UA4UU;LO24;2
UA4WGS;LO66;4
UA4WIY;LO66;1
UA4WJ;LO66;2
UA4WW;LO67;1
UA56YW;LN04;1
UA5D;KO85;1
UA6A;KN95;2
UA6AAX;KN95;3
UA6ADC;KN95;9
UA6ADU;KN95;5
UA6AFS;LN05;4
UA6AGN;KN96;2
UA6AGW;KN94;1
UA6AH;KN94;1
UA6AKW;LN05;1
UA6ANQ;KN96;9
UA6ANQ;KO85;1
UA6AOP;KN95;7
UA6ARR;KN93;2
UA6AUA;KN94;7
UA6B;KN96;4
UA6BBB;KN95;2
UA6BCB;KN95;2
UA6BCB;KO85;1
UA6BDJ;KN95;1
UA6BEW;KN85;4
UA6BGM;KN95;7
UA6BQR;KO85;1
UA6CE;LN05;5170
UA6CER;KN94;10
UA6CET;LO03;1
UA6CG;KN93;1
UA6CGW;KN94;1
UA6CP;KN95;1
UA6DV;LN05;3
UA6EC;LN14;865
UA6EED;LN14;4
UA6EU;KO85;1
UA6EU;LN14;1
UA6F;LN05;1
UA6F;LN14;1
UA6FZ;LN14;2860
UA6FZ;LK61;1
UA6FZ;LL14;1
UA6GO/MM;KN40;1
UA6HBJ;LN04;9
UA6HFG;LN14;1
UA6HGM;LN14;15
UA6HI;LN05;5
UA6HJT;LN14;6
UA6JQ;LN22;611
UA6LAD;LN08;1
UA6LET;LN17;3
UA6LET;KO44;1
UA6LIC;KN97;2
UA6LIK;LN08;4
UA6LJX;KN97;33
UA6LND;LN08;3
UA6MF;KN97;1
UA6NT;LN06;24
UA6SEC;LN14;1
UA6XES;LN13;647
UA6XES;LN23;1
UA6XT;LN13;1
UA6XY;LN13;2
UA6XY;KO85;1
UA6YGN;LN04;1
UA6YW;LN04;11
UA7FV;LN15;2
UA7N;LN17;1
UA7T;LN05;6
UA8EVK;EK68;1
UA8J;MP80;1
UA8Q;MO25;7
UA9AAE;LO93;3
UA9AAE;OO62;1
UA9AJK;LO93;70
UA9AX;MO04;12
UA9C;MO07;2
UA9C;LN04;1
UA9C;MO87;1
UA9CAN;MO06;1
UA9CCL;NO25;1
UA9CEM;LO98;1
UA9CGL;MO06;1
UA9CJM;MO09;3
UA9CK;MO09;16
UA9CK;MO06;3
UA9CK;OO62;1
UA9CMN;MO28;2
UA9CMN;OO62;1
UA9CR;MO06;2
UA9CRU;MO06;1
UA9D;MO06;1
UA9DL;MO06;1
UA9FAR;LO87;294
UA9FGJ;LO88;3
UA9FGR;LO87;14
UA9FIT;LO88;2
UA9FKM;LO88;3
UA9FLI;LO89;4
UA9FLJ;LO88;3
UA9FLK;LO88;1386
UA9FLK;LP88;1
UA9HO;NO26;2
UA9J;MP80;1
UA9JDH;MP80;1
UA9JFX;MP61;1
UA9JGS;MP80;12
UA9JLL;MP23;1
UA9JNG;MP80;11
UA9JTJ;MP61;6
UA9KAD;MQ60;1
UA9KBC;MP75;4
UA9KDF;MP84;1
UA9LAO;MO27;2
UA9LCY;MO48;285
UA9LL;MO27;3
UA9LLB;MO27;1
UA9LLE;MO27;1
UA9LT;MO27;9
UA9MA;MO64;1792
UA9MA;JO30;1
UA9MA;KN41;1
UA9MBZ;MO54;1
UA9MKA;MO64;3
UA9MMZ;MO65;1
UA9MUA;MO64;1
UA9MUA;MO65;1
UA9OBN;NO15;1
UA9ODU;NO15;1
UA9OES;MO93;2
UA9OJO;NO25;1
UA9OR;NO14;1
UA9QFF;MO25;2
UA9QGS;MO16;1
UA9SHH;LO63;2
UA9SY;LO63;15
UA9SY;OO62;4
UA9TI;LO91;3
UA9TI;NO01;1
UA9TK;LO91;6
UA9TL;LO91;531
UA9TO;LO71;259
UA9UCT;NO33;2
UA9UFG;NO43;1
UA9ULT;NO36;5
UA9UMF;NO33;2
UA9UR;NO33;2
UA9UT;OO62;1
UA9UX;NO35;1
UA9WM;LO73;1
UA9WOU;LO72;1
UA9WV;LO74;6
UA9WVR;LO94;1
UA9XL;LP51;9
UA9Y;MO92;4
UA9YDR;NO13;4
UA9YE;NO13;1
UA9YFL;OO62;1
UA9YJE;NO00;1
UA9YJM;NO13;3
UA9YK;NO13;1
UA9YKV;NO13;1
UA9YPS;NO01;1
UA9YTP;NO00;2
UA9ZBK;NO21;2
UA9ZO;NO21;2
UB0ABG;NO66;1
UB0ADO;NO56;1
UB0AMB;NO66;14
UB0AZR;NO66;106
UB0AZR;ON66;1
UB0IBA;QO59;9
UB0IBC;QP50;7
UB0SMC;OO06;1
UB0UAP/M;OO62;1
UB1ADI;KO59;1
UB1AOM;KO59;1
UB1API;KP50;3
UB1ASQ;KP50;3
UB1ATZ;KO59;3
UB1CCL;KO48;9
UB1NDM;KP71;1
UB1OAE;LP04;1
UB1WCL;KO48;6
UB2FBF;KO04;3
UB2FCL;KO04;9
UB3ALY;KO85;1
UB3ANV;KO88;3
UB3AQZ;KO85;3
UB3AUT;KO74;1
UB3AXR;KO85;1
UB3AYH;KO85;1
UB3AYY;LO31;3
UB3BBI;KO85;30
UB3DFZ;KO84;1
UB3DLM;KO84;7
UB3DQR;KO85;254
UB3DQY;KO85;1
UB3DRL;KO84;3
UB3DSR;KO94;5
UB3DUI;KO85;1
UB3DVS;KO85;1
UB3GEL;KO92;33
UB3IBG;KO76;6
UB3IBG;MO45;1
UB3KCE;LO01;2
UB3LBU;KO63;4
UB3LCE;KO64;10
UB3LCQ;KO64;2
UB3PAQ;KO84;19
UB3PBP;KO84;3
UB3TKY/P;LO26;2
UB3TKY/P;KO49;1
UB3YCK;KO81;1
UB4CGR;LO21;1
UB4FFB;LO23;1
UB4FGK;KO45;1
UB4FGK;LO33;1
UB4HOO;KO85;1
UB4HOO;LO43;1
UB4HPQ;LO53;2
UB4HSB;LO43;2
UB4PIR;LO64;1
UB4REC;LO45;1
UB4VJH/R;KA63;1
UB4Y;LO36;5
UB5K;KN85;1
UB5MBA;KO97;6
UB6B;KN95;2
UB6D;KN95;11
UB6D;KN85;1
UB6HJZ;LN04;1
UB6HQQ;LN15;2
UB6LDB;KN97;1
UB6LOT;KN97;2
UB6LSA;LN08;2
UB6LTL;LN07;4
UB6LWX;KN97;1
UB7K;KN85;1244
UB7M;KN97;33
UB8A;MO05;3
UB8A;CB02;1
UB8CCG;MO06;524
UB8CDU;LO96;6
UB8CIV;MO08;3
UB8CLU;MO06;1
UB8FAS;LO88;4
UB8FBI;LO87;1
UB8FBI;LO88;1
UB8FDH;LO88;3
UB8FDH;LO87;1
UB8LAD;MO27;3
UB8LAR;MO27;2
UB8M;MO74;5
UB8Y;NO22;325
UB8ZAG;NO21;1
UB9HEA;NO26;6
UB9HEC;NO26;2
UB9LAP/P;MO36;8
UB9MBS/P;MO64;1
UB9MEU;MO64;2
UB9OEC;NO15;1
UB9UAW;NO34;6
UB9USV;NO33;1
UB9UZA;NO36;1
UB9WNT;LO74;3
UB9YWB;NO13;2
UC0A;NO25;1
UC4I;LO43;715
UC4I;JO81;1
UC4TKI;PO43;1
UC5A;KO85;1
UC5C;KO85;970
UC6N;KN97;1
UC6Y;LN04;43
UC7M;KN97;7
UC7N;KN97;1
UC7O;KN98;1
UC8U;NO35;114
UD3VAI;KO96;1
UD4F;LO23;6
UD6AMI;KN84;5
UD6AOY;KN93;5
UD6AWH;KN84;2
UD6F;LN04;1
UD7A;KN85;2
UD7G;LN14;6
UD7M;KN97;1
UD8D;MO07;3
UD8S;LO71;255
UE80PQ;OO62;1
UF0W;NO53;7
UF1A;KO49;15
UF1A;KO85;1
UF2LJK/P;QG10;1
UF4A;LN28;7
UF5F;KO98;30
UF5F;KO85;1
UF6MHW/R;GH88;1
UF6VO;LN03;1
UF8C;MO09;3
UF8F;LO88;1
UF8T;LO91;1
UG0B;NO45;4
UG0B/P;NO45;13
UG3B;KO85;1
UG4L;LO33;6
UG4P;LO55;3
UG4Y;LO36;2
UG5F;KO85;1
UI0A;NO56;3
UI4F;LO21;252
UI4H;LO53;3
UI4I;LO43;4
UI5A;KO85;1
UI6A;KN95;4
UI6L;KN97;6
UI7MAR/P;FE43;1
UI8F;LO88;234
UK7AA;MN41;2
UK7AL;MN41;1
UK7XJK;OO20;1
UK8AEA;MN41;2
UK8AF;MN41;1
UK8FF;MN60;34
UK8GG;MN50;2
UK8IF;MM39;3
UK8LC;MM29;1
UK8OM;MN51;2
UL7BU;RH29;1
UN0LK;MO13;1
UN1EAU;MO43;574
UN1EAU;IN89;1
UN1L;MO12;71
UN1L;MN28;1
UN1O;LN57;1
UN2E;MO52;6
UN2G;MN83;198
UN2NC;MN43;1
UN2PL;MO60;4
UN2QQU;HE16;1
UN3G;MN83;880
UN3G;KN41;1
UN3GX;MN83;10
UN3P;MN69;25
UN4PD;MN69;9
UN4PD;MO60;2
UN4PG;MO60;271
UN5GV;MN83;388
UN5GV;KN34;1
UN6G;MN83;6
UN6GN;MN83;3
UN6GOO;MN83;121
UN6GVA;MN83;1
UN6GWG;MN83;201
UN6QUN;MN95;1
UN6TA;MN52;313
UN6TA;JO32;1
UN6XD;MN69;9
UN7AB;LN53;1
UN7AB;MN47;1
UN7AM;LN53;1
UN7BCF;MO43;1243
UN7BCF/P;MO61;1
UN7BDZ;MO43;1
UN7BEW;MN28;1
UN7BI;MO43;2
UN7BJH;MO51;1
UN7BK;MO51;3
UN7CBY;MO32;8
UN7DA;NO00;1
UN7DAT;NO00;4
UN7DF;NO00;6
UN7DT;NO00;5
UN7EAX;MO52;14
UN7EAX;MM47;1
UN7EC;MO52;1
UN7ED;MO52;2
UN7EG;MO52;1179
UN7EGZ;MO82;1
UN7EW;MO43;20
UN7FBW;MO71;5
UN7FGZ;MO82;641
UN7FU;MO71;2
UN7FW;MO71;511
UN7GBX;MN83;3
UN7GBX;MN82;2
UN7GDB;MN83;1
UN7GFK;MN83;1
UN7GN;MN83;1
UN7GRK;MN83;2
UN7ID;LO80;247
UN7IL;LO80;2
UN7IN;LO80;7
UN7IO;LO80;2
UN7IT;LO80;526
UN7IT;MN47;4
UN7IT;JO90;1
UN7IT;KN97;1
UN7IT;OJ05;1
UN7JID;NN19;92
UN7JID;MM19;1
UN7JK;NN19;1
UN7JO;NN19;21
UN7JOV;NO00;4
UN7JX;NN19;1136
UN7JX;JC94;1
UN7JX;NO13;1
UN7JZ;MN28;1
UN7LAP;MO13;1
UN7LAX;MO12;6
UN7LAY;MO13;2
UN7LDM;MO13;3
UN7LEW;MO13;7
UN7MAU;LO51;7
UN7NTV;MN42;1
UN7P;MN69;1
UN7PG;MO60;1
UN7PGA;MO60;3
UN7PGA;MN47;1
UN7PHV;MN69;3
UN7PNF;MO60;3
UN7QAT;MN83;6
UN7TW;MN28;1
UN7X;NN19;1
UN7XJ;NN19;1
UN7ZAF;MO51;193
UN7ZAG;MO51;4
UN7ZAI;MO51;4
UN7ZAO;MO51;1
UN7ZAR;MO51;5
UN7ZO;MO51;1
UN7ZV;MO51;3
UN8CC;MO32;1
UN8DG;NO00;1
UN8DSW;NO00;3
UN8FL;MO82;1
UN8FR;MO82;4
UN8FR;MQ40;2
UN8GEQ;MN83;14
UN8PAS;MO60;1
UN8PC;MN69;30
UN8PY;MN69;2
UN8ZAA;MO51;1
UN9FF;MO71;6
UN9GA;MN83;8
UN9GDE;MN83;1
UN9L;MO13;9
UN9LBZ;MO13;5
UN9LCW;MO13;4
UP44WFF;MN47;1
UP4L;MO13;4422
UP4L;KO13;1
UP4L;MQ13;1
UP4L;OF78;1
UR0IG;KN98;162
UR0IM;KN88;678
UR0IM;KP32;1
UR0QK;KN77;2
UR1CCO;KN58;2
UR1CCT;KN69;22
UR1HR;KO60;879
UR1MI;KN98;1
UR1UU;KO50;1
UR3ABM;KO70;405
UR3ABM/P;KO70;2
UR3AHB;KO50;1
UR3AHB;KO70;1
UR3AHF;KO70;330
UR3AHJ;KO61;5
UR3CFC;KN58;5
UR3CFC;KN29;1
UR3CFC;KO50;1
UR3EE;KN88;2
UR3EO;KN78;2
UR3HC;KN69;10
UR3HC;KN59;1
UR3ITA;KN88;2
UR3LC;KO80;7
UR3LM;KN89;4
UR3MA;KN98;3
UR3QCW;KN77;50
UR3QFL;KN77;11
UR3QGJ;KN77;21
UR3QKC;KN77;1
UR3QL;KN76;2
UR3QM;KN77;231
UR3QQV;KN77;1
UR3QTN;KN77;504
UR3QTN;JN89;1
UR3RAM;KO51;2
UR3UW;KO50;2
UR3VDZ;KN68;5
UR3VKB;KN68;9
UR3VKB;KN59;2
UR4CTA;KO50;1
UR4CW;KN58;3
UR4EWA;KN67;309
UR4EWZ;KN87;1
UR4IAF;KN88;2
UR4IJZ;KN88;1
UR4IOR;KN88;2
UR4IPW;KN97;4
UR4IQU;KN98;631
UR4IQU;EN98;1
UR4IQU;LO66;1
UR4LBG;KN89;11
UR4LG;KN89;8
UR4LL;KN78;9
UR4LL;KO80;3
UR4MH;KN98;1
UR4MLS;KN98;12
UR4MLS;KO50;1
UR4MSF;KN98;13
UR4MVD;KN98;4
UR4NWW/P;KN38;3
UR4QBV;KN77;2
UR4QFP;KN77;10
UR4QGZ;KN77;7
UR4QRH;KN77;3
UR4QV;KN77;567
UR4QWW;KN77;21
UR4QX;KN86;3626
UR4QX;KN77;2
UR4UJT;KN59;3
UR4UM;KO50;11
UR4UM;JO74;1
UR4UNI;KN49;352
UR4UNI;KN99;2
UR4UNI;KN59;1
UR4UNI;KN77;1
UR4UNR;KO50;3
UR4URU;KO50;1
UR4UT;KO40;8
UR4UT;EM35;2
UR4UT;KN59;1
UR4UT;KN95;1
UR4UY;KN59;91
UR4WN;KN19;1
UR4YLV;KN28;9
UR5AB;KO70;1
UR5AU;KO70;1
UR5BS;KN29;1
UR5CM;KN69;1
UR5DU;KN18;1
UR5ECW;KN78;1
UR5EDX;KN78;12
UR5EEW;KN68;2
UR5EH;KN78;1
UR5EPM;JN00;1
UR5EPM;KN67;1
UR5EPV;KN78;395
UR5EPZ;KN78;1
UR5ESC;KN88;3
UR5EUY;KN78;287
UR5EUY;KO70;1
UR5FA;KN56;4
UR5FAH;KN48;2
UR5FBD;KN56;1
UR5FLN;KN56;21
UR5FQB;KN56;1
UR5FS;KN56;11
UR5FS;KO50;1
UR5FYG;KN56;1
UR5GKD;KN66;3
UR5GPN;KN66;1
UR5HUX;KN69;3
UR5HVR;KN69;19
UR5HVR;LO07;1
UR5ICG;KN87;5
UR5IKN;KN87;6
UR5ITZ;KN97;1
UR5IUY;KN88;478
UR5IY;KN88;1
UR5KAA;KO30;1
UR5KHZ;KO30;2
UR5LAK;KN89;491
UR5LCV;KO80;3
UR5LCZ;KN89;8
UR5LP;KN89;4
UR5LP;KO50;1
UR5LVC;KN68;1
UR5LY;KN89;1039
UR5MC;KN99;1
UR5MED;KN98;2
UR5MRF;KN98;2
UR5NMK;KN48;3
UR5NMZ;KN49;1062
UR5NN;KN49;3
UR5QBB;KN76;3
UR5QU;KN77;356
UR5QW;KN77;283
UR5R;KO51;96
UR5RGG;KO60;2
UR5RGS;KO51;2
UR5SCK;KN28;3
UR5SCP;KN29;1
UR5SD;KN28;4
UR5SFW;KN28;1
UR5SG;KN28;8
UR5SG;KN59;1
UR5SG;KO50;1
UR5TFT;KN39;3
UR5TMT;KO30;1
UR5UAF;KO50;1
UR5UU;KO40;1
UR5VBY;KN69;2
UR5VKX;KN68;2
UR5VLC;KN68;952
UR5VLC;KN59;1
UR5VPR;KN68;10
UR5WCA;KN29;382
UR5WCA;KO50;1
UR5WCG;KN29;1
UR5WCT;KN19;1
UR5WCW;KN19;293
UR5WDI;KN19;3
UR5WIF;KN29;5
UR5WQ;KN29;3
UR5XFC;KO40;2
UR5XGJ;KN49;1
UR5ZD;KN58;5
UR5ZEK;KN67;2
UR5ZEP;KN56;1
UR5ZGY;KN57;783
UR5ZHJ;KN57;2
UR5ZHJ;KO50;1
UR5ZR;KN66;2
UR5ZVY;KN58;11
UR5ZW;KN58;1
UR6CV;KN58;12
UR6EA;KN68;8
UR6EF;KN78;1
UR6II;KN88;1
UR6IM;KN88;1
UR6IOG;KN87;12
UR6ISV;KN98;5
UR6LMF;KO70;1
UR6MA;KN98;4
UR6MU;KN98;4
UR6QA;KN77;7
UR6QS;KN77;1501
UR6QS;KN29;258
UR6QV;KN77;11
UR6QX;KN77;5
UR7EC;KN78;2
UR7ED;KN78;5
UR7FM;KN56;95
UR7HDP;KN79;4
UR7HN;KN79;3
UR7HN;FK21;1
UR7ID;KN88;4
UR7IGJ;KO50;1
UR7IZ;KN88;2
UR7MB;KN98;2
UR7MX;KN98;1
UR7QM;KN76;1305
UR7QM;KN41;1
UR7QM;KN44;1
UR7QM;KN67;1
UR7UT;KO50;5
UR7UZ;KN59;1
UR8EQ;KN67;2
UR8GL;KN66;1
UR8GM;KN66;6
UR8GM;KO50;1
UR8IB;KN87;1
UR8IDX;KN87;177
UR8MB;KN98;3
UR8MH;KN98;2
UR8UQ;KO50;1
UR9QQ;KN77;630
UR9QQ;KO59;1
US0HB;KN69;1
US0HZ;KN79;97
US0KW;KO30;93
US0LW;KO80;3
US0MS;KN99;3
US0QV;KN77;9
US0SY;KN28;111
US0UB;KO50;6
US0YA;KN28;984
US0ZK;KN57;1
US1EA;KN78;14
US1EL;KN78;1
US1IB;KN98;12
US1IK;KN88;1
US1IL;KN87;2
US1IL;KN59;1
US1MI;KN98;5
US1MM;KN98;3
US1MM;KO30;1
US1QA;KN76;3
US1VS;KN58;48
US1VV;KN69;1
US2IC;KN88;4
US2IW;KN88;132
US2MA;KN98;5
US2UM;KO50;5
US2YW;KN28;201
US2YW;KN59;1
US2YW;KO50;1
US3EW;KN78;662
US3EX;KN88;1
US3IMP;KN98;6
US3IOE;KN98;2
US3ITU;KN88;1
US3IVW;KN88;2
US3IY;KN88;1
US3LX;KN89;19
US4IBD;KN98;2
US4IQ;KN88;542
US4IRC;KN87;1
US4IRC;KN88;1
US4IRT;KN88;459
US4IUO;KN88;1
US4LPX;KN88;1
US5CCO;KN59;1
US5EAA;KN78;1
US5EAA;KO50;1
US5EDZ;KN78;1
US5EEA;KN78;1
US5EFU;KN67;590
US5EJ;KN78;2
US5ENZ;KN78;1
US5ENZ;OA22;1
US5EOI;KN67;133
US5LD;KN88;3
US5LNL;KN88;1
US5LO;KN79;296
US5LO;KL79;1
US5LO;KN89;1
US5LOC;KO80;223
US5LRL;KN89;1
US5MPO;KN98;310
US5MTK;KN98;2
US5NFC;KN48;9
US5NFS;KN49;1
US5QEQ;KN77;1
US5QGL;KO50;1
US5QUB;KN77;1
US5QVO;KN77;1
US5RCW;KO51;1
US5TA;KN39;4
US5WBJ;KN19;1
US5WE;KN29;2
US5ZAL;KN57;1
US5ZAT;KN66;1
US5ZAY;KN57;5
US5ZBY;KN66;4
US5ZFT;KN57;5
US5ZFT;KN59;1
US6CQ;KN69;1529
US6CQ;IF83;1
US6EC;KN78;2
US6EX;KN78;2
US6IKF;KN88;289
US6IKF;KN99;1
US6ISV;KN98;1
US6US;KO50;1
US7IO;KN88;1
US7IS;KN98;2
US7KC;KO21;1030
US7KC;KO50;1
US7LM;KN89;5
US7QQ;KN76;1
US7UK;KO50;2
US7VF;KN58;507
US8IAT;KN87;1
US8IC;KN87;2
US8KA;KO30;15
US8KA;KO44;1
US8UA;KN59;16
US8UW;KN59;1
US8UX;KN59;2
UT0CK;KN69;1
UT0EH;KN67;1
UT0EK;KN67;2
UT0IW;KN59;1
UT0IW;KN84;1
UT0IW;KN87;1
UT0UN;KO40;1
UT0UY;KO50;2
UT1AN;KO70;7
UT1EF;KN67;7
UT1ET;KN68;3
UT1FG;KN56;6
UT1FT;KN45;1
UT1HV;KN69;1
UT1IC;KN87;668
UT1KWA;KO30;23
UT1PA;KO50;1
UT1U;KO50;158
UT1US;KN59;3
UT1US;KO50;1
UT1XX;KO40;1
UT1ZA;KN57;1
UT1ZZ;KN56;42
UT2AU;KO61;2641
UT2AU;KN87;1
UT2EF;KN68;1
UT2FC;KN56;1
UT2GA;KN66;1
UT2II;KN56;223
UT2II;KN88;1
UT2IP;KN88;6
UT2IV;KN88;400
UT2MA;KN98;5
UT2QL;KN77;5
UT2QQ;KN77;757
UT2SQ;KN29;517
UT2UAU;KO50;1
UT2UB;KO50;2066
UT2UCC;KO50;2
UT2UQ;KO50;3
UT2XQ;KO40;3
UT3GP;KN66;254
UT3GX;KN66;5
UT3HD;KN79;760
UT3HG;KN79;3
UT3HP;KO50;1
UT3IJ;KN88;4
UT3IL;KN88;1
UT3IT;KN98;7
UT3IW;KN89;1
UT3KW;KO30;10
UT3KW;KN59;3
UT3MS;KN98;1
UT3N;KN49;1574
UT3NK;KN49;527
UT3NK;RN49;1
UT3QW;KN86;4
UT3RS;KO60;3
UT3UA;KO50;455
UT3UA;KM20;1
UT3UA;KN59;1
UT3UCR;KO50;3
UT3UIG;KO50;1
UT3UNE;KO50;9
UT3URF;KO50;2
UT3UW;KO50;10
UT3UZ;KO50;12
UT3VL;KN68;1
UT4CB;KN69;1
UT4EO;KN78;1
UT4FM;KN56;3
UT4LU;KN88;2
UT4NL;KN49;2
UT4NV;KN49;3
UT4NY;KN49;6
UT4NY;KN59;1
UT4PA;KO20;5
UT4QM;KN77;409
UT4QV;KN77;307
UT4RZ;KO50;461
UT4TA;KN38;149
UT4UFU;KO50;1
UT4ULP;KO40;47
UT4UQ;KO50;442
UT4USA;KO50;317
UT4UTI/P;KN59;1
UT4VL;KN58;6
UT4WT;KO20;9
UT4XU;KO40;146
UT4XU;KO50;1
UT5CO;KN58;7
UT5ECZ;KN68;1093
UT5ECZ;KM71;1
UT5ECZW;KN68;1
UT5ED;KN78;9
UT5EFQ;KN78;1
UT5EL;KO31;29
UT5EPP;KN67;1159
UT5EPP;KN98;1
UT5ERP;KN77;3
UT5EUO;KN78;2
UT5EX;KN78;5
UT5EY;KN67;1
UT5FMA;KN56;4
UT5FMA;KO50;1
UT5GD/MM;KO50;1
UT5IS;KN98;1
UT5MB;KN28;4
UT5MB;KN99;4
UT5MB;KN48;1
UT5MB;KN78;1
UT5MB;LM08;1
UT5NM;KN49;289
UT5UGR;KO50;26
UT5UHX;KO50;409
UT5UN;KO50;1542
UT5UN;KO90;1
UT5UOD;KO50;1
UT5UT;KO50;1
UT5VZ;KN58;4
UT5XR;KN49;4
UT5YY;KN28;512
UT5ZC;KN57;29
UT5ZC;KN59;1
UT5ZC;KO50;1
UT5ZT;KN56;2
UT5ZZ;KN56;2
UT6CW;KN58;180
UT6HN;KN69;1
UT6IO;KN97;1
UT6MAH;KN98;3
UT6QX;KN59;1
UT6UA;KO50;9
UT6UA;KN59;1
UT6UA;KO00;1
UT7A;KO70;21
UT7AA;KO70;52
UT7AXA;KO70;1213
UT7EM;KN78;10
UT7HX;KN69;1
UT7IA;KN88;7
UT7IF;KN88;5
UT7IP;KN87;1
UT7IS;KN98;2634
UT7IS;KN41;1
UT7KF;KO21;2
UT7LC;KN89;1
UT7MR;KN98;177
UT7NI;KN38;800
UT7NI/QRP;KN38;2
UT7NS;KN49;6
UT7UB;KO50;1
UT7UJ;KO50;9
UT7US;KO50;2
UT7UU;KO50;2
UT7UV;KO40;8
UT7UX;KO50;71
UT7WO;KN19;1
UT7ZA;KN57;1
UT8ES;KN68;1
UT8EU;KN78;1920
UT8EU;KN59;1
UT8EU;KN77;1
UT8EU;KO50;1
UT8IAF;KN88;2
UT8IFE;KN94;4
UT8IK;KN87;1
UT8IM;KN87;999
UT8IT;KN87;765
UT8IV;KN87;87
UT8MT;KN98;5
UT8NR;KN48;4
UT8NR;KO50;1
UT8NR;MO65;1
UT8NT;KN49;1503
UT8UB;KO50;1
UT8UU;KO50;144
UT8VV;KN68;1
UT8W;KN29;454
UT9LB;KN89;9
UT9LC;KN89;3
UT9LI;KO80;1
UU8WVL/R;HQ80;1
UV2IP;KN88;1
UV3IK;KN98;3
UV3QF;KN77;141
UV5EEO;KN78;4
UV5EEO;KN59;1
UV5ENO;KN78;2
UV5ETX;KN68;14
UV5IO;KN87;1
UV5IQ;KN87;1
UV5QA;KN76;1
UV5QQ;KN76;280
UV7IB;KN98;3
UV7II;KN87;5
UV8IZ;KN87;2
UW1U;KO50;57
UW2S;KN28;14
UW2ZO;KN67;7
UW2ZO;KN66;1
UW2ZO;KO50;1
UW3QU;KN86;1
UW4SU;KN28;3
UW5EHR;KN67;1
UW5EJX;IN54;509
UW5EJX;KN59;1
UW5EJX/MM;IN54;1
UW5EKD;KN78;524
UW5EMC;KN67;187
UW5EMC;KN79;1
UW5EQM;KN68;312
UW5IM;KN68;3
UW5KW;KO30;13
UW5KW;KN59;1
UW5U;KN49;60
UW5U;KO50;1
UW5Y;KN38;2120
UW5Y;FN20;1
UW5Y;KN59;1
UW5ZM;KN57;241
UW5ZO;KO30;3
UW7CN;KN59;230
UW7LL;KN79;414
UW7LL;KN66;1
UW8SM;KN28;1889
UW8SM;KO50;3
UW8SM;JO90;1
UX0CZ;KN59;3
UX0DL;KN18;2
UX0FF;KN45;649
UX0KR;KO30;1570
UX0QT;KN28;34
UX0RR;KO51;1
UX0ZAB;KN66;75
UX1AA;KO70;1
UX1BZ;KN29;4
UX1CN;KN59;387
UX1CN;KN58;3
UX1CN;KN34;1
UX1CN;KN95;1
UX1HP;KN69;2
UX1HP;KN68;1
UX1IW;KN87;5
UX1QQ;KN77;1
UX1UA;KO50;1
UX1UX;KO50;2
UX1VT;KN68;1217
UX1VX;KN68;276
UX1VX;KM42;1
UX2IO;KN88;2
UX2IQ;KN98;9
UX2KA;KO30;2
UX2LM;KN89;7
UX2MD;KN98;7
UX2QX;KN77;3
UX2SB;KN28;15
UX2VZ;KN68;3
UX3HX;KN79;16
UX3UN;KO50;3
UX3UU;KO50;1
UX4IT;KN87;9
UX4LX;KN89;5
UX4UA;KO50;12
UX5DH;KN19;1
UX5DH;KN29;1
UX5HH;KN79;1
UX5IO;KN87;3
UX5UO;KO50;9
UX5UO;JJ00;1
UX5UW;KO50;2
UX5XK;KO40;2
UX6VA;KN68;4
UX7LL;KO80;2
UX7QV;KN87;3004
UX7QV;KN29;980
UX7QV;KN77;1
UX7UN;KO50;89
UX7UU;KO50;8
UX7UW;KO50;3
UX7VA;KN69;1
UX8IW;KN87;660
UX8IX;KN87;328
UX8SF;KO50;2
UX9ZA;KN66;1
UY0HY;KO60;8
UY0IO;KN88;1
UY0IW;KN87;1
UY0LS/A;KN69;1
UY1HY;KO60;173
UY1YP;KN28;2
UY1YP;KO50;1
UY2IF;KN98;1
UY2IS;KN88;8
UY2LA;KN89;6
UY2LT;KN89;2
UY2RA;KO51;5
UY2UA;KN49;12
UY2UZ;KO50;6
UY3IC;KN98;1
UY5AO;KO50;2
UY5AX;KO70;145
UY5AX;KN41;1
UY5BC;KN29;1
UY5BF;KN29;2
UY5BF;JN09;1
UY5BF;KN66;1
UY5CQ;KN86;1
UY5HEU;AL92;1
UY5MB;KN98;1
UY5QJ;KN77;1
UY5QQ;KN77;121
UY5QQ;KM77;1
UY5QZ;KN77;65
UY5TE;KN56;896
UY5TE;JN56;1
UY5TE;KN65;1
UY5VA;KN87;1252
UY5YA;KN77;1
UY5ZZ;KO50;624
UY6U;KO50;316
UY6U;KJ66;1
UY7IV;KN97;7
UY7LA;KO80;4
UY7LU;KN89;1
UY7QN;KN77;4
UY7VV;KN58;2
UY8IM;KN87;7
UY8IM;KN59;1
UY8VO;KN68;1
UY9IF;KN88;2
UZ0A;KO70;1293
UZ0A;RO70;1
UZ1WW;KN19;1516
UZ1WW;JN76;1
UZ2I;KN88;4384
UZ2I;KN98;5
UZ4U;KO50;459
UZ7F;KN56;2
V01IV;GN37;1
V26K;FK97;259
V26K;FK96;1
V26OC;FK97;56
V31AE;EK58;4
V31DL;EK57;118
V31DL;FK57;1
V31DL;FN32;1
V31MA;EK57;1203
V31MA;EK58;516
V31MA;FN20;1
V31ZA;EK57;3
V51B;JG81;3
V51CO;JG87;5
V51CO;JG88;1
V51LZ;JG81;12
V51LZ;JG88;1
V51MA;JG87;1691
V51MA;JG57;1
V51MA;KP41;1
V55AF;JG87;156
V60RYK;KF47;1
V73JW;RJ39;1
V73KW;RJ38;1
V73ML;RJ38;313
V84SAA;OJ74;1
V85/F5NPV;OJ74;4
V85AHV;OJ74;320
V85AHV;QJ74;1
V85T;OJ74;5
V88CRG/R;EO61;1
VA1RJR;FN84;5
VA2AM;FN35;3
VA2ASP;FN35;1
VA2BAE;FN46;3
VA2BBV;FN04;1
VA2BBW;FN25;2
VA2CKA;FN36;1
VA2CNE;FN35;1
VA2CV;FN36;6
VA2CW;FN46;1
VA2CZ;FN35;89
VA2DC;FN35;5
VA2DFK;FN36;1
VA2EBK;FN46;1
VA2EMR;FN48;4
VA2EU;FN26;10
VA2HMD;FN35;2
VA2HOM;FN36;2
VA2ISB;FN25;3
VA2JWZ;FN25;6
VA2KBR;FN46;6
VA2KS;FN35;2
VA2KZ;FN46;3
VA2LGQ;FN15;90
VA2LLZ;FN35;6
VA2LM;FN46;1
VA2MM;FN06;529
VA2PM;FN46;7
VA2PZ;FN36;1
VA2QA;FN35;2
VA2QA;FN57;1
VA2QR;FN35;1
VA2SVP;FN46;2
VA2TOW;FN46;1
VA2UAS;FN46;1
VA2VT;FN35;210
VA2WMA;FO60;2
VA2WU;FN46;4
VA2YVP;FN46;19
VA2YY;FN35;1
VA2YZX;FN35;2
VA2ZO;FN46;1
VA3ADI;EO40;86
VA3AGP;EN93;1
VA3AQB;FN04;1
VA3ATW;EN93;156
VA3BOO;FN14;12
VA3BOO;FN20;1
VA3CQG;FN03;366
VA3CQG;FN04;2
VA3CQG;GG88;1
VA3CTX;EN93;5
VA3CWT;FN03;2
VA3DEF;FN25;64
VA3DF;EN92;1037
VA3DHJ;FN03;2
VA3DIF;FN04;3
VA3DX;FN03;17
VA3DYD;FN03;121
VA3EBM;FN03;3
VA3ECO;EN29;6
VA3EON;FN03;53
VA3EP;FN14;8
VA3ERW;EN92;2
VA3ERW;ER44;1
VA3EWV;FN25;20
VA3FF;FN03;3
VA3FGF;FN03;1
VA3FGF;FN04;1
VA3FHQ;FN25;34
VA3FMB;FN03;5
VA3FYB;EN95;2
VA3GPL;FN03;1
VA3GYV;FN03;1
VA3IK;FN15;171
VA3IQ;FN25;4
VA3ITA;FN03;4
VA3JFF;FN02;5
VA3KBI;EN92;133
VA3KD;FN25;2
VA3KDZ;FN15;1
VA3KGB;FN14;7
VA3KJP;FN04;2
VA3KTJ;EN82;2
VA3KVI;FN04;1
VA3LDE;FN03;2
VA3LG;FN24;2
VA3LKI;FN04;6
VA3LX;FN14;18
VA3MBT;FN14;3
VA3MET;FN03;1
VA3MJR;FN03;782
VA3MW;FN04;6
VA3MYZ;FN25;1
VA3NFL;FN03;90
VA3NH;FN04;1
VA3NL;FN03;1
VA3NSC;FN04;1
VA3ODW;FN25;1
VA3OJ;EN58;3
VA3OV;FN03;2
VA3OYL;FN03;1
VA3PC;FN06;476
VA3PHP;FN04;2
VA3PWO;FN04;2
VA3PY;FN25;2
VA3QAC;FN03;1
VA3QBR;FN03;4
VA3QF/QRP;FN03;1
VA3QK;FN04;5
VA3RJS;EN93;1
VA3RJS;FN05;1
VA3RKM;FN25;2
VA3ROC;EN82;12
VA3RRH;FN07;1
VA3RSA;FN03;560
VA3RT;FN14;1
VA3RTG;FN03;535
VA3RYV;EN93;5
VA3SB;FN05;283
VA3SB;FN03;1
VA3SF;FN03;3
VA3SHV;EN95;2
VA3SHV;FN03;1
VA3SIP;FN04;1
VA3SNM;FN03;1
VA3SWS;FN03;1
VA3SXP;FN03;268
VA3TA;EN93;1011
VA3TA;FN03;4
VA3TIC;FN14;8
VA3TMA;FN03;1
VA3TSS;EN96;1
VA3TTB;FN04;1
VA3TX;EN94;3
VA3UAP;FN14;494
VA3UG;EN82;3
VA3VD;FN04;5
VA3VF;FN25;9
VA3VTE;FN03;3
VA3WB;FN03;4
VA3WEB;FN04;1
VA3WHU;FN03;1
VA3WLD;FN03;4
VA3WLD;FN05;1
VA3WNO;FN03;2
VA3WP;FN04;11
VA3WP;FN84;2
VA3WU;FN03;1
VA3WW;FN14;370
VA3XFC;FN03;1
VA3YVE;FN03;7
VA3YYX;EN82;7
VA3ZC;FN03;2
VA3ZLA;FN05;2
VA3ZNQ;FN14;17
VA3ZTF;FN25;1
VA3ZW;FN05;5
VA3ZYW;EO31;19
VA4BEN;EO26;18
VA4JP;EN19;7
VA5KEN;DO70;22
VA5KG;DO70;26
VA6BED;DO20;3
VA6BGE;DO20;1
VA6BRM;DO20;6
VA6CNC;DO33;1
VA6DRU;DO31;7
VA6DVJ;DN39;2
VA6EIS;DO33;1
VA6QAS;DO20;12
VA6RCN;DO33;633
VA6TT;DO16;2
VA6YB;DO33;3
VA7AD;CN79;47
VA7AMV;CN88;2
VA7AV;CO90;2
VA7BIJ;CN79;1
VA7BZA;CN88;1
VA7CD/DU7;PK20;4
VA7CLW;CN89;6
VA7CRZ;CN89;1
VA7DGT;CN89;52
VA7DLC;DN09;9
VA7DP;DN09;4
VA7DXC;CN89;137
VA7FBS;CN79;1
VA7FC;CN79;6
VA7FC;CN88;2
VA7GEM;CN89;32
VA7GEM;FN04;1
VA7HU;CN88;1
VA7JC;CN89;3
VA7JH;CO70;4
VA7JPM;CN89;8
VA7KBM;CN89;3
VA7KO;DO01;2
VA7LNT;CN89;1
VA7LWK;CN99;1
VA7MM;CN89;452
VA7MMW;CN89;2
VA7MPG;CN89;3
VA7NRC;CN89;1
VA7OMM;CN79;3
VA7PK;CN89;1
VA7QI;CO70;5
VA7RBP;DN19;2
VA7RY;DN09;842
VA7SKO;CN89;1
VA7ST;DO00;1740
VA7TF;CO54;1
VA7TJH;DN09;11
VA7TQB;CN89;6
VA7UY;CN89;4
VA7VV;CN89;4
VA7WWE;CN89;6
VA7WWX;CN88;1
VA7XHB;CN89;7
VA7XU;CO82;159
VA7XX;CN79;1
VA7ZDX;CN89;4
VA7ZT;DN19;1
VA9RKB;AD81;1
VB7BC;CN89;2
VB8SQX/R;CL17;1
VD2DED;ML88;1
VE1AJF;FN75;1
VE1AMU;FN75;10
VE1ANU;FN84;284
VE1BZI;FN74;440
VE1BZI;IO63;1
VE1CRC;FN84;1
VE1CYO;GN06;2
VE1DBM;FN85;3
VE1DN;FN73;3
VE1DXW;FN74;1
VE1ER;FN85;2
VE1FSM;FN75;1
VE1GG;FN75;140
VE1GN;FN65;416
VE1HUL;FN85;2
VE1JS;FN64;169
VE1KCO;FN64;5
VE1LEB;FN84;4
VE1MC;FN04;1
VE1NR;FN84;5
VE1PJS;FN85;1
VE1RMR;FN74;1
VE1RS;FN96;1
VE1RSM;FN75;1242
VE1RSM;JN58;1
VE1RY;FN74;9
VE1SJP;FN84;1
VE1SK;FN84;2
VE1VAS;GN06;2
VE1VDM;FN85;1
VE1WAN;FN84;3
VE1WW;FN85;1
VE1ZA/9;FN76;21
VE1ZA/9;FN84;1
VE2AH;FN36;1
VE2ATS;FN35;7
VE2BJG;FN46;2
VE2BR;FN35;5
VE2BVV;FN36;313
VE2CH;FN25;157
VE2CKW;FN35;7
VE2CSI;FO60;18
VE2CSM;FN46;139
VE2CSQ;FN46;4
VE2CXA;FN45;1
VE2CY;FN35;1
VE2DA;FN35;16
VE2DM;FN45;435
VE2DPY;FN35;1
VE2DSB;FN35;13
VE2DVG;FN35;3
VE2DZN;FN35;1
VE2EBK;FN46;3151
VE2EBK;FM29;1
VE2EJK;FN46;9
VE2ERB;FN35;2
VE2ESF;FN35;3
VE2FCR;FN25;23
VE2FON;FN35;1
VE2FVV;FN59;3
VE2FYZ;FN35;1
VE2FZP;FN58;8
VE2FZP;FO44;1
VE2GCE;FN35;20
VE2GEP;FN46;4
VE2GPP;FN47;1
VE2GSO;FN58;6
VE2GT;FN36;50
VE2GVB;FN35;3
VE2HLS;FN35;2
VE2HVA;FN36;14
VE2HWD;FN36;1
VE2IEA;FN35;1
VE2IMS;FN35;5
VE2JAU;FN35;3
VE2JD;FN46;4
VE2JKE;FN35;4
VE2KBS;FN04;1
VE2KTF;FN35;23
VE2KTF;FN58;2
VE2KZW;FN25;2
VE2LAR;FN56;1
VE2LBI;FN35;4
VE2LEZ;FN35;1
VE2LTX;FN37;3
VE2MPZ;FN35;1
VE2NAO;FN35;1
VE2NC;FN48;7
VE2NCG;FN35;138
VE2NDZ;FN35;1
VE2NMB;FN36;1532
VE2NOM;FN35;2
VE2NRG;OP20;1
VE2OCH;FN35;15
VE2OCH;FN04;1
VE2OJM;FN04;1
VE2OPC;FN45;1
VE2OPL;FN36;1
VE2OWL;FN35;1597
VE2PI;FN46;605
VE2PLE;FN46;3
VE2PTB;FN46;1
VE2PWM;FN46;5
VE2PWM;FN20;1
VE2QCI;FN46;1
VE2QH;FN46;107
VE2QH;EN46;1
VE2QWX;FN46;3
VE2RE;FN46;5
VE2SCA;FN35;286
VE2SG;FN46;4
VE2SYQ;FN35;24
VE2TBQ;FN46;2
VE2TDT;FN46;2
VE2TFZ;FN35;1
VE2TK;FN25;15
VE2TLX;FN35;1
VE2TRL;FN35;1
VE2TSM;FN35;2
VE2TSM;FN36;1
VE2UEX;FN25;1
VE2VAG;FN46;2
VE2VIX;FN35;1
VE2WNF;FN35;5
VE2WPL;FN46;1
VE2WX;FN47;6
VE2XPM;FN35;1
VE2YFI;FN46;10
VE2YNI;FN35;2
VE2YZX;FN35;17
VE2ZQ;FN48;1
VE2ZT;FN36;5
VE2ZWA;FN46;19
VE2ZZI;FN35;1
VE3AAT;FN03;4
VE3AGV;EN93;1
VE3APT;FN03;5
VE3ARF;FF25;22
VE3ARF;FN25;8
VE3AT;FN03;7
VE3BFU;FN03;30
VE3BLR;FN14;2
VE3BMO;FN03;2
VE3BOK;EN82;1
VE3BQ;FN25;1
VE3BR;FN03;2494
VE3BUT;FN03;2
VE3BZ;FN04;14
VE3CCD;FN04;8
VE3CFK;EN82;2
VE3CGD;FN03;4
VE3CIQ;FN15;13
VE3CKO;FN02;8
VE3CMK;FN05;1
VE3CSM;FN46;1
VE3CT;FN04;1
VE3CUS;FN14;2
VE3CV;EN93;324
VE3CVL;EN92;2
VE3CW;FN02;1
VE3CWP;EN82;10
VE3CWU;FN03;49
VE3CX;EN58;386
VE3CXD;FN25;5
VE3DBN;FN03;1
VE3DCG;FN03;1
VE3DJH;FN06;1
VE3DKR;EN94;3
VE3DPT;EN76;1
VE3DUN;FN03;1
VE3DV;EN93;4
VE3DZG;EN96;4
VE3EAC;FN14;1
VE3EB;FN04;12
VE3EDE;FN25;5
VE3EDX;EN58;5
VE3EIB;EN93;8
VE3EJ;FN03;268
VE3EK;FN03;14
VE3ELL;FN04;19
VE3ENU;FN25;3
VE3EP;FN13;1
VE3EQM;FN03;16
VE3ETE;EN86;108
VE3EUR;FN25;6
VE3EUR;FN05;4
VE3EUS;FN25;2
VE3EWW;FN03;6
VE3FAC;FN03;9
VE3FBZ;EN93;2
VE3FDZ;FN04;7
VE3FGU;FN04;4
VE3FGU;EN92;1
VE3FLV;FN04;1
VE3FMT;EN58;4
VE3FNT;FN03;1
VE3FTG;FN04;8
VE3FYA;FN15;23
VE3FZ;FN14;96
VE3GCZ;FN02;2
VE3GDN/P;FN25;1
VE3GE;EN93;4
VE3GGR;FN03;1
VE3GJP;FN03;70
VE3GLN;FN25;14
VE3GMZ;FN04;6
VE3GMZ;FN03;4
VE3GOG;FN25;4
VE3GYL;EN92;1
VE3HED;FN14;17
VE3HEU;FN03;95
VE3HLM;FN25;8
VE3HLM;EO70;1
VE3HLS;FN03;1
VE3IBW;FN04;6
VE3IDT;EN93;563
VE3IGG;FN03;1
VE3IGX;FN04;3
VE3IHR;EN94;6
VE3IJD;FN04;3
VE3INB;FN03;6
VE3IOU;EN93;3
VE3ISO;FN03;1
VE3IXA;EN93;3
VE3IZZ;FN03;1
VE3JAR;FN03;1
VE3JI;FN03;1106
VE3JM;FN25;111
VE3JZT;EN93;14
VE3KCN;EN93;3
VE3KI;FN25;771
VE3KRP;EN58;2
VE3KSI;EN91;2
VE3KTB;EN93;591
VE3LBU;FN25;1
VE3LC;FN25;4
VE3LFN;EN82;3
VE3LKS;FN03;2
VE3LL;FN03;8
VE3LMN;EN58;68
VE3LOE;FN25;5
VE3LPY;EN82;3
VE3LRL;EN93;698
VE3LWY;FN03;5
VE3MF;FN06;2
VE3MGY;EN92;5882
VE3MGY;FN04;2
VE3MGY;EN91;1
VE3MGY;FM19;1
VE3MHL;EN76;2
VE3MJD;FN14;8
VE3MNO;FN25;3
VE3MOU;EN77;1
VE3MSC;FN03;6
VE3MYW/P;QP74;1
VE3MZD;EN82;11
VE3NCZ;EN93;1
VE3NDW;FN03;1
VE3NE;FN03;143
VE3NE;JJ00;1
VE3NFN;FN03;92
VE3NH;EN93;14
VE3NI;FN03;2
VE3NKS;FN03;1
VE3NLW;FN25;2
VE3NOO;FN14;27
VE3NOO;FN03;1
VE3NPI;FN25;6
VE3NPK;FN25;10
VE3NRT;FN03;1
VE3NWV;FN14;1
VE3NXP;EN93;2
VE3NYF;EN93;3
VE3NYZ;FN03;4
VE3ODR;FN04;1
VE3OEN;EN82;13
VE3OIJ;FN04;1
VE3OIL;EN93;167
VE3OK;EN96;678
VE3ON;FN04;5
VE3ORY;FN14;5
VE3OTL;EN76;2
VE3OTW/QRP;FN03;1
VE3OTW/QRP;FN04;1
VE3OU;FN25;3
VE3OUI;EN86;2
VE3OUO;FN25;1
VE3PAB;FN04;1
VE3PCP;EN94;1
VE3PJ;FN14;1620
VE3PK;FN03;2
VE3PMI;FN14;1
VE3PP;EN92;1
VE3PP;FN20;1
VE3PQ;EN94;101
VE3PV;EN82;3
VE3QK;FN14;10
VE3QK;FN04;1
VE3QMB;FN25;13
VE3QN;FN25;1
VE3QO;FN25;1
VE3QVL;FN03;1
VE3RCC;FN04;3
VE3RFA;FN03;2
VE3RFA;EN94;1
VE3RGW;FN03;3
VE3RH;EN58;1
VE3RSP;FN14;1
VE3RUV;EN82;4
VE3RVW;FN03;1
VE3RXH;FN25;142
VE3RYI;FN03;5
VE3RZ;EN93;60
VE3SCP;EN94;1
VE3SHO;FN03;2
VE3SJJ;EN82;3
VE3SKX;EN93;4
VE3SMA;FN03;107
VE3SNZ;FN25;1
VE3SSV;FN03;36
VE3SSV;FN36;1
VE3TCS;EN82;2
VE3TG;FN25;1
VE3THI;FN14;3
VE3THR;FN04;1
VE3TIN;FN03;130
VE3TKB;EN92;2
VE3TMT;FN14;7
VE3UAI;FN03;2
VE3UB;FN04;2
VE3UIN;FN14;2
VE3UTT;FN04;565
VE3UWA;FN14;3
VE3UZX;FN25;4
VE3VQS;EN93;1
VE3VS;FN04;3
VE3WA;FN03;448
VE3WA;FM03;4
VE3WEJ;EN82;262
VE3WGD;FN24;1
VE3WGH;EN92;1
VE3WLE;EN82;2
VE3WNO;FN03;6
VE3WWN;EN83;4
VE3WWR;FN03;3
VE3WZ;FN03;4
VE3XBI;FN04;1
VE3XDB;EN83;1
VE3XET;EN58;11
VE3XIU;FN25;1
VE3XJX;FN25;2
VE3XKZ;EN93;1
VE3XN;EN93;31
VE3XO;FN03;1
VE3XTD;FN04;1
VE3XYY;EN93;50
VE3YEL;EN92;1
VE3YHA;EN29;28
VE3YHA;FN03;1
VE3YRG;EN92;14
VE3YSN;FN03;1
VE3YUL;FN25;2
VE3YUV;FN03;1
VE3YXO;FN03;22
VE3ZI;EN96;1
VE3ZIZ;FN03;3
VE3ZKA;EN96;1
VE3ZLG;FN03;1
VE3ZZT;EN92;1
VE3ZZY;EN92;1
VE4AAZ;EN19;2
VE4AHW;EN19;4
VE4AMP;EN19;3
VE4AMU;EN19;1
VE4ANE;EN19;1
VE4BWG;EN19;1
VE4CEL;EN19;4
VE4DXR;EN19;2
VE4EA;EN19;1
VE4FX;EN19;1
VE4GH;EN19;11
VE4GV;EO10;11
VE4GV;EN19;1
VE4HQ;EN19;1
VE4JBB;EO10;2
VE4KL;DO91;1
VE4MAR;EN19;4
VE4OK;EN19;5
VE4RA;EN20;1
VE4REM;DO93;5
VE4RK;EO10;1
VE4TLA;EN19;17
VE4TV;EN19;5
VE4VT;EN19;554
VE4XTZ;EO01;108
VE4YE;EO10;6
VE4YH;EN19;182
VE4ZIM;EN29;2
VE5CAF;DO62;1
VE5DMC;DO71;42
VE5DTM;DO80;3
VE5KIS;DO70;5
VE5LWF;DO81;5
VE5MX;DN89;3055
VE5MX;DM89;1
VE5RR;DO80;4
VE5SPR;DO53;10
VE5UO;DO62;6
VE5VG;DN79;18
VE5WD;DO62;7
VE6AO;DO31;1
VE6AX;DO20;32
VE6AX;DO30;4
VE6BIR;FN13;41
VE6BMX;DO33;9
VE6BQX;DO23;1
VE6BR;DO30;3
VE6BVE;DN39;5
VE6CAH;DO42;2
VE6CBZ;DO21;1
VE6CLG;DO33;3
VE6CQ;DO21;11
VE6CSX;DO21;4
VE6CV;DN39;16
VE6CZT;DO21;4
VE6DJT;DO13;10
VE6DRM;DO32;1
VE6DRR;DO44;2
VE6EK;DO30;3
VE6EK;DO21;1
VE6HQ;DO32;2
VE6JMB;DN39;2
VE6JV;DO33;1
VE6KDX;DO34;3
VE6KZ;DO21;3
VE6LB;DO20;274
VE6LB;DO21;49
VE6LB;DM58;1
VE6MX;DN89;1
VE6NAR;DO15;10
VE6NS;DO40;1
VE6PKT;DO21;1
VE6PLC;DO31;66
VE6RLZ;DO05;1
VE6RND;DO32;3
VE6RWP;DO33;3
VE6SAR;DO16;1
VE6SH;DO21;6
VE6SLP;DO33;3
VE6SYD;DO20;6
VE6TL;DO21;4
VE6TOM;DN49;8
VE6VC;DO30;1
VE6WQ;DO33;1222
VE6YXE;DO33;2
VE7AB;CN88;3
VE7ACU;DO00;3
VE7ADO;CN89;3
VE7AHT;CN89;1
VE7AJK;CN88;2
VE7AP;CN88;1
VE7ARN;CO90;1
VE7AS;CN89;3
VE7AT;CN99;9
VE7AV;CO83;1
VE7BC;CN89;282
VE7BC;CO91;215
VE7BEF;CN89;4
VE7BGD;CN89;1
VE7BGP;CN79;88
VE7BSM;CN89;1
VE7BV;CO90;1
VE7CAT;DO00;1
VE7CIT;CN88;1
VE7CKU;CN99;3
VE7CTE;CN89;1
VE7DFJ;CN88;151
VE7DH;CN89;1
VE7DVQ;CN89;2
VE7DX;CN79;8
VE7EOL;CO83;1
VE7FSB;CN79;1
VE7FXP;DO00;1
VE7GEL;CN88;7
VE7HHI;CN89;1
VE7HHL;CN89;1
VE7II;CN89;3
VE7IRR;CN88;2
VE7IRU;CN79;2
VE7JAI;CN89;9
VE7JH;CN88;20
VE7KAJ;CN88;828
VE7KDU;CO54;4
VE7KI;CN89;2
VE7KPM;CN88;1
VE7KPO;CN89;6
VE7KW;CN89;7
VE7KZ;CN89;1
VE7LGP;CN89;11
VE7LKE;CN78;3
VE7LLW;CN89;7
VE7MHI;CN88;3
VE7NBQ;CN89;9
VE7NCD;CN89;1
VE7OG;CN89;3
VE7ON;CN89;23
VE7PEY;CN79;1
VE7PJG;CN89;1
VE7QP;CN88;1
VE7RBE;CN89;1
VE7RC;CN89;21
VE7RK;DN19;1
VE7RU;CN88;6
VE7SA;CN79;22
VE7SNC;CO84;2
VE7SV;CN99;5
VE7SY;DN09;12
VE7SZ;CN89;2
VE7TCP;CN89;5
VE7TK;CN88;30
VE7TOM;CN79;4
VE7TVE;DN19;202
VE7TVE;DM19;1
VE7UBA;CN88;52
VE7UBA;DN31;1
VE7UDI;CN89;1
VE7UHS;DN09;1
VE7UM;CN89;1
VE7WCC;CN89;1
VE7WGW;CN89;3
VE7WXT;CN79;16
VE7XBP;CN79;27
VE7XOJ;CN89;1
VE7YCQ;CO70;1
VE7ZCZ;CN88;2
VE7ZD;CN89;2
VE7ZDL;DO00;3
VE7ZFE;CN89;2
VE8DAV;CP65;181
VE8MN;DP22;2
VE8PR;DP22;1
VE9BX;FN76;1
VE9CHK;FN76;7
VE9DX;FN65;250
VE9DX;EN65;1
VE9DXC;FN65;394
VE9FLM;FN65;8
VE9HF;FN65;7
VE9KK;FN76;5
VE9LAL;FN65;10
VE9LEG;FN76;3
VE9ML;FN76;1
VE9NC;FN75;29
VE9OM;FN65;2
VE9PAX;FN76;1
VE9PO;FN65;7
VE9RA;FN76;2
VE9RK;FN65;7
VE9RSH;FN76;3
VE9TG;FN66;3
VE9UN;FN65;8
VE9WH;FN65;57
VE9ZY;FN77;2
VG0PVO/P;PF08;1
VI2WEM;EG34;1
VJ3L;QF21;116
VJ3M;QF22;5
VJ6X;OF78;110
VJ6X;OF66;1
VJ7A;QE38;4
VK0DS;MC81;6
VK100AF;PG66;8
VK100AF;EM80;1
VK100AF;PH57;1
VK100AF;QF24;1
VK1ANK;QF44;6
VK1AX;QF43;3
VK1CQ;QF44;1
VK1DDG;QF44;1
VK1DI;QF44;2
VK1DI;PG66;1
VK1DW;QF44;4
VK1HMS;QF44;6
VK1HW;QF44;3
VK1HX;QF44;21
VK1MA;QF44;27
VK1MDJ;QF44;2
VK1MES;QF44;1
VK1MF;QF44;1
VK1MIK;QF44;1
VK1NC;QF25;3
VK1OO;QF44;29
VK1OO;PM36;1
VK1POR;QE36;6
VK1POR;QF30;3
VK1PP;QF44;117
VK1RD;QF44;6
VK1TTY;QF31;46
VK1TTY;QF22;5
VK1TTY;PG66;1
VK1WX;QF44;4
VK2/SP9FIH;QF98;5
VK2AAH;QF56;124
VK2AAH;QF52;1
VK2AAI;QF56;2
VK2ACX;PG99;3
VK2AD;QF56;1
VK2AGB;QF56;3
VK2AHE;QF57;24
VK2AHE;PF95;1
VK2AHE;PG64;1
VK2AHE;PG66;1
VK2AJB;QF69;6
VK2ALS;QF57;11
VK2ALS;PG66;1
VK2AMA;QF54;4
VK2AMT;QG61;6
VK2AR;QF55;3
VK2ASG;QF69;1
VK2AUA;QF56;11
VK2BC;QF67;38
VK2BC;PF94;1
VK2BFC;PG66;1
VK2BG;QF68;5
VK2BGL;QF55;15
VK2BNG;QF56;4
VK2BX;QF55;5
VK2BY;QF56;14
VK2BYF;QF55;7
VK2CVR;QF68;2
VK2DLR;QG61;1
VK2DO;QF54;1
VK2DX;QF56;32
VK2EG;QF57;4
VK2EHQ;QF56;567
VK2EHQ;QF22;1
VK2EJW;QF58;3
VK2EMI;QF44;2
VK2EY;QF56;88
VK2FAB;QF22;10
VK2FAD;QF56;1
VK2FI;QF55;1
VK2FJJM;QF56;1
VK2FJJM;QF69;1
VK2FJMW;QF57;4
VK2FLAT;QF67;1
VK2FRBQ;QF59;4
VK2FZR;QG61;21
VK2GCF;QF68;1
VK2GD;QF67;4
VK2GHO;QF55;1
VK2GIB;QF57;11
VK2GP;QF56;2
VK2GRT;QF12;3
VK2HAK;QF53;4
VK2HCC;QG61;5
VK2HDZ;QF57;7
VK2HFF;QF55;1
VK2HHS;QF56;2
VK2HJ;QF45;2
VK2HRT;QF55;1
VK2HTV;QF56;11
VK2HV;QF57;1
VK2IE;QF55;364
VK2IS;QF68;13
VK2IZ;QG60;2
VK2IZI;QF56;2
VK2JAS;QF56;1
VK2JDC;QF56;3
VK2JEH;QF57;9
VK2JEH;GF57;1
VK2JIN;QF55;13
VK2JIW;QF56;4
VK2JJC;QF55;1
VK2JJM;QF69;11
VK2JJM;PG66;1
VK2JNT;QF56;4
VK2JXA;QF56;1
VK2KAW;QF34;3
VK2KDP;QF55;126
VK2KEL;QG61;2
VK2KEL;OG61;1
VK2KRN;QF56;8
VK2KWM;QF59;1
VK2LAW;QF56;69
VK2LAW;PG66;1
VK2LDC;QG61;2
VK2LP;QF55;2
VK2LX;QF44;3
VK2LX;PG66;1
VK2M;QF55;83
VK2MBK;QF57;7
VK2MBK;PG66;2
VK2MDP;QF56;1
VK2MDS;QF55;3
VK2MET;QF67;1
VK2MIG;QF57;3
VK2MIX;QF56;12
VK2MOX;QF56;3
VK2MWP;QF54;2
VK2NFL;QF57;1
VK2NIK;QF56;2
VK2NIT;QF47;3
VK2NIT;QF56;1
VK2NJR;QF56;159
VK2NN;QF56;8
VK2NP;QF56;5
VK2NSS;QF45;13
VK2ON;QF57;3
VK2OV;PG66;1
VK2PAA;QF55;198
VK2PAA;IQ55;93
VK2PAG;QF56;1
VK2PKT;QF46;10
VK2PMG;QG61;3
VK2POP;QF57;22
VK2PV;QF57;4
VK2PV;QF56;1
VK2PW;QF56;49
VK2PWS;QF56;43
VK2PX;QF56;3
VK2QN;QF56;3
VK2QQ;QF55;1
VK2QR;PG66;1
VK2QV;QF56;18
VK2RS;QF56;1
VK2RT;PG66;1
VK2RZ;QF56;4
VK2SDX;QF57;19
VK2SG;QF55;14
VK2SG;QF56;1
VK2SI;QF57;5
VK2SIM;QG50;1
VK2SLI;QF56;33
VK2SOL;QF56;8
VK2SPB;QF56;7
VK2TDS;QF55;1
VK2TEV;QF69;5
VK2TRD;PG99;7
VK2TRD;QG09;2
VK2USA;QF56;13
VK2UWP;QF57;7
VK2UWP;OF57;1
VK2UWP;PG66;1
VK2VAR;QF55;66
VK2VAR;PG66;1
VK2VIC;QF44;1
VK2VIN;QF55;9
VK2VJ;QF57;2
VK2VRJ;QF57;1
VK2VSR;QF56;6
VK2VSS;QF56;4
VK2VSS;PG66;1
VK2VT;QF55;5
VK2WAJ;QF56;6
VK2WJ;QF56;4
VK2WN;QG61;20
VK2WN;PG66;3
VK2WTF;QF08;10
VK2WW;QF55;2013
VK2X;QF68;60
VK2XFW;QF55;1
VK2XLY;QF56;1
VK2XTC;QF56;104
VK2XZ;QF55;9
VK2YD;QF56;1
VK2YI;PG66;1
VK2YI;QF56;1
VK2YPZ;QF55;1
VK2YT;QF55;1
VK2ZDB;QF56;19
VK2ZEN;QF57;1
VK2ZG;QF57;9
VK2ZKE;PG66;1
VK2ZLX;QF59;3
VK2ZQ;QF55;2
VK2ZQ;QP55;1
VK2ZZY;QF56;1
VK3AAK;QF21;3
VK3ABD;QF56;3
VK3ABK;QF22;14
VK3ACA;QF22;13
VK3ACT;QF22;1
VK3AE;QF12;1
VK3AFW;QF22;1
VK3AG;QF31;3
VK3AGW;QG31;1
VK3ALB;QF21;7
VK3ALF;QF22;3
VK3AMA;PG66;1
VK3AMW;QF22;1
VK3ANL;QF22;9
VK3APW;QF22;3
VK3ARD;QF22;141
VK3ARD;QF21;3
VK3ARF;QF22;2
VK3ARM;QF12;3
VK3ART;QF21;3
VK3ASC;QF33;2
VK3AUQ;QF22;2
VK3AUX;QF22;526
VK3AWA;QF31;4
VK3AXF;QF24;1
VK3AXI;QF24;17
VK3AXM;QG62;1
VK3BAC;QF21;40
VK3BAC;QF32;1
VK3BD;QF33;3
VK3BDL;QF22;6
VK3BDX;QF21;4718
VK3BE;QF31;3
VK3BIX;QF23;1
VK3BOB;QF22;77
VK3BOY;FN15;1
VK3BQ;QF22;5
VK3BRT;QF22;8
VK3BVP;QF31;7
VK3BVW;QF22;13
VK3BWM;QF21;7
VK3BY;QF22;4
VK3C;QF21;412
VK3CAL;QF24;2
VK3CHI;QF22;2
VK3CVF;PG66;1
VK3DA;QF21;11
VK3DBL;QF22;1
VK3DEK;QF12;5
VK3DEN;QF21;5
VK3DEN;PG66;1
VK3DGO;QF22;287
VK3DGO;OF22;2
VK3DRH;QF22;61
VK3DUT;QF32;2
VK3DV;QF22;1
VK3DWS;QF22;1
VK3EI;QF22;1
VK3EJS;QF22;5
VK3EQI;QF22;4
VK3EVE;QF31;6
VK3EW;QF21;12
VK3EW;QN00;1
VK3FAAS;QF21;1
VK3FAC;QF22;5
VK3FCBR;QF21;7
VK3FCBR;QF24;1
VK3FCBR;QF31;1
VK3FCBR;QF60;1
VK3FN;QF22;1
VK3FONZ;QF22;3
VK3FPSR;QF24;4
VK3FS;QF21;16
VK3FTIM;QF31;5
VK3FTIM;FN10;1
VK3FZ;QF22;9
VK3GA;QF22;1
VK3GCD;QF31;7
VK3GF;QF22;32
VK3GL;QF21;4
VK3GOD;QF23;20
VK3GQ;KH59;1
VK3GQ;QF22;1
VK3GYH;QF31;2
VK3GZY;QF22;4
VK3HAG;QF22;8
VK3HGQ;QF33;4
VK3HJ;QF22;5
VK3HU;QF22;1
VK3IRM;QF22;3
VK3JIH;OF21;30
VK3JL;QF21;15
VK3JL;PG66;1
VK3JLM;QF21;25
VK3KE;QF22;84
VK3KE;PO26;1
VK3KEI;QF22;2
VK3KJ;QF22;80
VK3KJ;QF21;1
VK3KR;QF22;2
VK3KR;OF22;1
VK3KRL;QF22;1
VK3KTT;QF22;2
VK3LAW;QF56;1
VK3LEO;QF22;13
VK3MAP;QF21;1
VK3MF;QF12;4
VK3MG;QF21;2
VK3MH;QF22;43
VK3MKE;QF22;2
VK3MR;QF22;1
VK3MRT;QF21;1
VK3MW;QF22;6
VK3MW;KN04;1
VK3NFS;QF33;6
VK3NX;QF21;1
VK3OD;QF22;1
VK3OI;QF22;8
VK3OM;QF21;25
VK3OP;QF22;1
VK3OT;QF12;1
VK3OTR;QF02;3
VK3PCM;QF23;1
VK3PIA;QF22;13
VK3PRA;QF21;2
VK3PSH;QF22;13
VK3PUB;QF22;15
VK3QD;QF22;1
VK3QX;QF21;1
VK3RF;QF22;3
VK3SIM;QF22;144
VK3SIM;OF78;1
VK3SN;QF22;23
VK3SPG;QF33;5
VK3SQ;QF33;1
VK3SRC;QF22;95
VK3ST;QF22;1
VK3SU;QF22;2
VK3TCT;QF15;4
VK3THL;QF22;3
VK3TJ;QF15;4
VK3TLF;QF22;1
VK3TNL;QF31;144
VK3TOO;QF22;9
VK3TWO;QF22;118
VK3TX;QF22;2
VK3TXB;QF22;4
VK3TZT;QF22;7
VK3TZU;QF22;1
VK3UQ;QF22;5
VK3UY;QF22;7
VK3VB;QF21;1
VK3VD;QF22;3
VK3VDX;QF21;44
VK3VEL;QF22;2
VK3VM;QF22;35
VK3VM;QF11;23
VK3VM;QF56;1
VK3VT;QF22;1
VK3VZX;PG66;1
VK3WSG;QF23;1
VK3XCI;QF15;491
VK3XCI/P;QF15;7
VK3XJW;QF21;2
VK3XL;QF21;1
VK3XN;QF22;4
VK3XV;QF12;250
VK3XZ;QG62;15
VK3YD;QF21;1
VK3YE;QF21;1
VK3YP;QF22;2
VK3YV;QF31;61
VK3YW;QF34;2
VK3YZ;QF22;4
VK3ZH;QF22;210
VK3ZL;QF22;2
VK3ZLT;QF22;10
VK3ZVE;QF22;2
VK3ZZC;QF21;2
VK4AAX;QG62;19
VK4AAX;QG64;1
VK4ACN;QG62;1
VK4ADC;QG62;4
VK4AFU;QG61;3626
VK4AFU;QG51;1
VK4AJR;QG56;10
VK4AK;QG62;1
VK4AM;QH30;1
VK4APF;QG62;3
VK4AQZ;QG62;1
VK4AWB;QG62;1
VK4BAP;QG49;2
VK4BFQ;QG56;3
VK4BLE;QG62;2
VK4BM;QG62;3
VK4BX;QG64;1
VK4BXX;QG63;9
VK4CAG;QG62;5
VK4CC;QG62;1
VK4CH;QG64;10
VK4CHW;QG62;4
VK4CJM;QG62;1
VK4CLG;QG63;54
VK4CUZ;QG48;8
VK4CWL;QG46;5
VK4CZ;QG62;3
VK4DAD;QG62;27
VK4DAD;QF55;1
VK4DLP;QG62;6
VK4DPP;QG62;2
VK4DX;QG62;11
VK4EM;QG52;3
VK4EMS;QG62;1
VK4EZZ;PG66;1
VK4FB;QG62;7
VK4FDAD;QG62;2
VK4FDAD;QF64;1
VK4FH;QG64;651
VK4FJ;QG52;657
VK4FN;QH07;1
VK4FNQ;QG27;1
VK4FUEL;QG62;5
VK4GMI;QG62;3
VK4GNG;QG62;4
VK4GNG;PG66;1
VK4GNT;QG62;3
VK4GP;QG62;11
VK4GRM;QG62;8
VK4GUE;QG62;1
VK4HG;QG62;1
VK4HID;QG63;9
VK4HX;QG62;4
VK4IDK;QG62;2
VK4IKZ;QG63;1
VK4JHA;QG62;1
VK4KEE;QH30;2
VK4KL;QG45;2
VK4KL;QG53;1
VK4KM;QG62;3
VK4KR;QH11;2
VK4LC;QG62;1
VK4LW;QG62;9
VK4MA;QG64;1
VK4MOT;QG62;7
VK4MOT;QG65;1
VK4MST;QG62;1
VK4MUD;QH31;3
VK4MZ;QG62;1
VK4NBP;QG62;1
VK4NBX;QG63;8
VK4NHX;QG56;1
VK4NQL;QH30;5
VK4OCD;QG62;9
VK4PHD;QG62;1
VK4PN;QG62;2
VK4PN;QG63;1
VK4PQ;QH30;2
VK4PR;QG41;1
VK4PSM;QG62;13
VK4PWG;QH23;3
VK4PWG;PM83;1
VK4PY;QG62;1
VK4QG;QG63;32
VK4QV;QG65;1
VK4RE;QG62;7
VK4SAM;QG52;1
VK4SE;QG62;6
VK4SHG;QG64;11
VK4SKI;QG62;1
VK4STC;QG62;2
VK4TDW;QG64;12
VK4TMZ;QG62;1
VK4TUX;QG62;6
VK4TW;QG56;14
VK4UE;QG56;3
VK4UV;QG62;7
VK4UWV;QG61;5
VK4VCC;QG62;656
VK4VCO;QG46;1
VK4VGW;QG46;1
VK4VO;QG61;1
VK4WDM;QH30;1
VK4WIS;QG63;357
VK4WRX;QG64;43
VK4WTN;QG64;19
VK4WYA;QG62;4
VK4XA;QH32;6
VK4XK;QG56;1
VK4XU;QG62;106
VK4XU;OG62;1
VK4XU;QG63;1
VK4YH;QG53;10
VK4YP;QG61;2
VK4ZB;QG62;1
VK4ZD;QG62;6
VK4ZP;QG62;1
VK4ZPU;QG62;9
VK5ADE;PF94;1
VK5ADE;PG70;1
VK5ADL;PF95;1
VK5AKH;PF95;1
VK5ALG;PF95;8
VK5ATH;PF94;8
VK5AW;QF05;1
VK5BC;PF95;9
VK5BC;PF85;1
VK5CF;PF96;1
VK5CIA;PF95;4
VK5CJC;PF95;4
VK5CJC;PE96;1
VK5CN;QF02;2
VK5COL;PF84;221
VK5COL;QF22;1
VK5CSW;PF95;5
VK5DC;PF94;1
VK5DG;QF02;3
VK5DG;PG66;1
VK5DOC;PF95;50
VK5DOC;PG95;1
VK5DR;PF95;1
VK5DU;PF94;1
VK5EL;PF95;4
VK5FD;PF95;1
VK5FO;PF95;3
VK5GF;PF94;10
VK5GR;PF95;22
VK5HTZ;PF94;141
VK5IR;PF95;1
VK5J;PF95;558
VK5J;PG66;1
VK5JAK;PF94;26
VK5JK;PF94;2
VK5JR;QF02;1
VK5KDS;PF94;3
VK5KDS/P;PF94;1
VK5KGP;PF94;2
VK5KH;PF94;1
VK5LA;QF05;3
VK5LO;PF95;6
VK5MA;PF94;2
VK5MAB;PF95;51
VK5MN;PF95;3
VK5MRD;PF95;16
VK5MRD;PF85;1
VK5NE;PF95;2
VK5NEC;PF95;22
VK5NEX;PF86;1
VK5NG;PF94;3
VK5NIG;PF95;5
VK5NIG;PF59;1
VK5NTF;PF95;1
VK5OM;QF56;3
VK5PAS;PF94;5
VK5PCY;PF94;2
VK5PJ;PF95;5
VK5PO;PF95;92
VK5PO;PG66;1
VK5PTT;PF95;5
VK5QI;PF95;5
VK5RA;PF94;1
VK5RD;QF44;4
VK5RJ;PF95;14
VK5RK;PF92;1
VK5RM;PF95;11
VK5RS;PF95;3
VK5RS;PG66;1
VK5SA;PF95;4
VK5SFA;PF95;6
VK5ST;PF95;6
VK5TCP;PF95;2
VK5UW;PF94;5
VK5VAR;PG66;1
VK5WU;PF95;128
VK5XB;PF95;1
VK5ZBI;PF95;1
VK5ZIK/QRP;PF95;1
VK5ZRN;PF95;4
VK5ZX;PF95;5
VK6AAX;OF76;2
VK6ABC;OF86;3
VK6ABN;OF88;2
VK6AL;OF78;160
VK6AL;PG66;1
VK6APK;OF76;2
VK6AS;OF77;43
VK6BAS;OF78;4
VK6BG;OF78;3
VK6BMA;OF78;10
VK6BMA;OF77;1
VK6CL;OF78;3
VK6CO;OF78;1
VK6CQ;OF78;7
VK6DEV;OF76;3
VK6DU;OF77;1
VK6DW;OF88;5
VK6EH;OF78;1
VK6EI;OF78;9
VK6EI;OF88;8
VK6EI;PG66;1
VK6EK;OF86;1
VK6FAB;OF76;9
VK6FABJ;OF78;29
VK6FVIA;OF86;5
VK6GC;OF77;6
VK6HDY;OF87;4
VK6HH;OF77;7
VK6HH;OF87;1
VK6HH;QD62;1
VK6IFY;OF77;2
VK6II;OF86;1
VK6IQ;OF88;8
VK6IR;OF77;3
VK6IS;OF88;2
VK6IT;OF78;1
VK6JK;OF78;3
VK6KC;OF78;358
VK6KFK;OF87;7
VK6KN;OF77;1
VK6KR;OF78;1
VK6LMK;OF87;6
VK6MIT;OF78;1768
VK6MIT;OI32;1
VK6MK;OF76;98
VK6MW;OF77;1
VK6NH;OG65;3
VK6OP;OF88;3
VK6OZ;OF77;2
VK6QM;OF87;12
VK6QM;OF84;7
VK6RK;OF77;12
VK6RO;OF77;1
VK6SJ;OF78;2
VK6SP;OF78;2
VK6STU;OF85;5
VK6TDF;OF87;6
VK6TEK;OF78;3
VK6TTM;OF76;1
VK6TX;QG64;7
VK6WR;OF77;92
VK6WX;OF85;25
VK6XN;OF77;1
VK6ZE;OF76;1
VK6ZG;OF78;2
VK6ZM;OF77;3
VK7AC;QE38;42
VK7AC;PG66;1
VK7ACE;QE38;4
VK7AJP;QE38;1
VK7AM;QE36;1
VK7AP;QE36;11
VK7BO;QE38;3
VK7CMV;QE29;171
VK7DAN;QE38;1
VK7DBX;QE37;2
VK7DD;QE38;1
VK7DG;QE37;1
VK7DW;QE38;5
VK7EA;QE37;1
VK7EK;IO92;1
VK7FTAS;QE37;1
VK7GM;QE38;2
VK7GOP;QE37;2
VK7GRC;QE37;2
VK7GS;QE38;1214
VK7ID;QE37;2
VK7IT;QE38;1
VK7KO;QE38;5
VK7LW;QE37;1
VK7MAG;QE37;1
VK7MC;QE37;5
VK7MF;QE36;1
VK7MHZ;QE37;9
VK7MR;QE37;5
VK7NET;QE38;1183
VK7SM;QE37;2
VK7WX;QE38;4
VK7XX;QE38;10
VK7YUM;QE38;1
VK7ZBX;QE37;2
VK7ZGK;QE37;4
VK7ZTA;OF78;1
VK8AW;PH57;9
VK8DR;PH57;3
VK8FOES;PH57;1
VK8NAH;PH57;6
VK8NSB;PH57;44
VK8ZJZ;PH57;1
VK8ZR;PH57;1
VK9DX;RG30;4
VL2I;QF56;2
VL2Y;QF56;1134
VL2Y;OF78;1
VL2Y;QR56;1
VL3M;QF22;112
VL5F;PF95;64
VL6K;OF85;104
VL7NDC/R;PO71;1
VO1AA;GN37;1
VO1AE;GN18;1
VO1ANJ;GN37;3
VO1AW;GN28;70
VO1AX;GN37;529
VO1AZ;GN37;1
VO1BBN;GN37;5
VO1BE;GN37;6
VO1BYD;GN37;421
VO1CH;GN37;17
VO1CRP;GN37;189
VO1DZ;GN37;3
VO1DZA;GN37;1
VO1GRC;GN37;229
VO1HH;GN37;5
VO1HP;GN37;5
VO1III;GN37;1
VO1IRA;GN37;2
VO1IV;GN37;28
VO1KON;GN37;53
VO1MAX;GN37;1
VO1NC;GN38;6
VO1OK;GN37;2
VO1OP;GN37;207
VO1OV;GN37;1
VO2NS;FO62;19
VO3OUM;MK68;1
VP2EIH;FK88;18
VP2ETE;FK88;1
VP6MW;CG44;2
VP8A;GD08;3
VP8ADR;GD08;1437
VP8AIB;GD18;1
VP8AWU;GD08;2
VP8BTR;GD08;1879
VP8BTR;JF97;1
VP8DKP;GD08;188
VP8EME;GD18;1
VP8LP;GD18;440
VP8NO;GD18;7
VP8TAA;GD08;6
VP8VK;FD98;253
VP8WA;GD08;1050
VP8YLJ;GD08;522
VP9GE;FM72;3
VR2BA;OL72;2
VR2CC;OL72;2750
VR2CO;OL72;1685
VR2CO;OL52;1
VR2KW;OL72;18
VR2LO;OL72;3
VR2UNG;OL72;5
VR2UPU;OL72;3
VR2UXX;OL72;1
VR2VAZ;OL72;26
VR2VDX;OL72;3
VR2VHI;OL72;9
VR2VHR;OL72;1
VR2VI;OL72;1
VR2VIY;OL72;740
VR2VLG;OL72;1
VR2VLY;OL72;5
VR2VOG;OL72;5
VR2VRC;OL72;10
VR2VRT;OL72;1
VR2WAA;OL62;223
VR2WKL;OL72;1
VR2WTM;OL72;331
VR2XDB;OL62;3
VR2XMT;OL72;6
VR2XRW;OL72;439
VR2XSC;OL72;259
VR2XYL;OL72;3
VR2YKM;OL72;3
VR2ZDA;OL72;1
VR2ZRE;OL72;1
VR2ZUZ;OL72;3
VR2ZVY;OL72;3
VR2ZXP;OL72;20
VS4OWK;LH68;1
VT5FLT;LR37;1
VT7OUU/R;RB80;1
VU22DX;MK65;1480
VU22DX;JO30;1
VU2ADV;MK80;509
VU2AE;MK82;2
VU2AOU;ML82;1
VU2ATN;ML88;9
VU2BGG;MK75;298
VU2DAS;MK83;1
VU2DCC;MK80;165
VU2DED;ML88;1886
VU2DED;MK68;4
VU2DED;KO91;1
VU2DED;PL47;1
VU2DTD;NK03;1
VU2DTD;OI33;1
VU2EFN;NK17;1
VU2EII;NL67;533
VU2EOJ;MK69;293
VU2FGQ;NL42;6
VU2FI;MK82;5
VU2FI;ML82;1
VU2FR;ML88;2
VU2GRM;MK82;167
VU2IBI;MK82;2231
VU2IBI;OI32;1
VU2IIA;MK69;7
VU2IT;MJ88;6
VU2IT;ML82;1
VU2JAA;MK80;1
VU2JAW;MJ88;1
VU2JRO;MK75;1
VU2JXL;MK97;22
VU2JXM;MK83;1
VU2KJB;MK80;1
VU2KPH;NL25;441
VU2KPH;NL26;213
VU2KS;NK06;10
VU2KS;ML88;1
VU2KTW;MK68;1
VU2LMO;NL42;2
VU2LWM;NK17;1
VU2MB;ML88;83
VU2MGS;MK83;74
VU2MSA;MJ89;2
VU2MSA;ML80;1
VU2NIL;NL32;5
VU2ORO;ML88;4
VU2ORQ;MK80;2
VU2RC;MK82;2
VU2RCY;MK82;14
VU2RCY;MN08;1
VU2SMS;MK75;472
VU2SW;MK83;7
VU2TE;MK80;2
VU2TRX;MJ89;3
VU2UAT;MK71;1
VU2UR;ML82;1
VU2WDE;MK69;1
VU2YAP;MK80;2
VU2YAP;ML88;2
VU2YAP;ML82;1
VU2YYF;MK82;4
VU2ZMK;MK75;2
VU3BOJ;MK82;2
VU3CAU;MK71;3
VU3DJQ;ML88;3
VU3DJQ;ML82;1
VU3EOY;MK83;1
VU3ESV;MK82;23
VU3GWN;MK82;2
VU3IBL;NL42;635
VU3IHK;MK97;6
VU3INI;NL56;1
VU3IZV;NL42;288
VU3IZV;OF78;1
VU3KNB;MK80;3
VU3NZZ;NL42;84
VU3OAA;NL42;106
VU3OAC;NL42;428
VU3OBO;MK82;1
VU3OSA;MK69;3
VU3OUM;MK68;55
VU3OVK;ML82;1
VU3RGB;MK72;3
VU3UZD;MK82;2
VU3UZJ;MK82;1
VU3WEW;MK71;1
VU3YBH;ML83;7
VU3YDA;NL42;1229
VU4ATN;ML88;1
VY1FC;CP20;215
VY1IRM;CP20;1
VY1XY;CP20;1
VY2DS;FN86;332
VY2EK;FN86;1
VY2EKF;FN86;2
VY2JGC;FN76;2
VY2PP;FN86;3
VY2XT;FN86;1
VY2ZM;FN86;3
W0/VK3BDL;EM28;1
W0/VK3BDL;EN35;1
W0/VK3BDL;QF22;1
W0/WH2Z;EN13;1
W0AAE;EN35;970
W0ACT;EM48;5
W0ADL;EN35;478
W0AE;DN70;1
W0AEL;EM17;2
W0AMR;DM57;2
W0AMT;DM65;106
W0AQ;FN65;49
W0ATI;DM78;1
W0BDT;DM79;23
W0BLE;EN31;3
W0BV;DM68;2
W0CBF;EM29;4
W0CGM;EN34;2
W0CLC;EM29;1
W0CON;EN34;3
W0D;EM17;85
W0D;EM39;5
W0D;DM97;1
W0DAS;DN70;1
W0DDD;EN41;9
W0DHT;DM37;1
W0DHZ;EN34;1
W0DRZ;DN70;1
W0DS;DM78;5
W0DTM;EM48;1
W0DYD;EN34;2
W0E;EM28;16
W0EAY;DM79;7
W0EET;DN60;79
W0EGR;EN11;1
W0EGT;EM37;1
W0ERB;EM19;606
W0ERB;RR73;1
W0EWN;DM79;1
W0FH;EM28;1
W0FK;EM48;1
W0FLT;EN17;2
W0FY;EM48;1
W0GAH;EN41;1
W0GG;CN82;2
W0GLB;DM78;7
W0GN;EN42;3
W0GTX;EN34;2
W0HRO;EM48;7
W0HU;DN40;12
W0I;EM28;1
W0IAW;EN11;1
W0IAW;EN21;1
W0ICH;DN70;1
W0IDX;DM88;1
W0IZ;DM68;432
W0IZ;JN55;1
W0JAY;FN31;1
W0JD;EM28;1
W0JM;EN26;1
W0JMP;EM88;3
W0JMP;EN34;1
W0JRJ;FM18;17
W0JTM;EM29;2
W0JW;EN31;1
W0JWT;EM28;7
W0KAL;EN12;3
W0KBS;EN10;4
W0KNG;EM48;1
W0KNG;EM49;1
W0L;EM18;11
W0LAD;DM79;122
W0LAD;DM70;1
W0LEN;EN51;57
W0LGQ;EN21;2
W0LPF;EM48;1
W0LSD;DM68;3
W0LT;EN34;1
W0LV;CM87;2
W0LV;DM16;1
W0MAJ;EM48;4
W0MB;EM29;7
W0NAC;DM74;1
W0NBC;EM48;1
W0NFS;EM48;247
W0NFS;EN48;1
W0NU;EN11;4
W0NY;EN26;1
W0O;EM29;5
W0ODE;EN35;2
W0ODL;DN70;3
W0OGH;DM52;30
W0OS;EN26;8
W0OVX;DN98;464
W0PAS;EN91;8
W0PB;EN31;1
W0PC;EM48;5
W0PD;DM61;1
W0PE;DM13;28
W0PE;DM14;2
W0PE/QRP;DM13;2
W0PM;EM36;2
W0PPA;EN35;10
W0PSY;DN70;3
W0PU;DM79;1
W0PYA;EN21;7
W0PZD;DM42;10
W0QI;EM79;1
W0QL;DM79;399
W0QL;EM97;1
W0QO;DM79;2
W0QU;EM48;16
W0RDR;DM79;1
W0REW;EN35;2
W0RHH;EN35;5
W0RIC;DM33;860
W0RIC;NJ93;1
W0RLD;EM79;19
W0RMT;DM79;2
W0RPR;EN34;1
W0RY;EM34;3
W0S;DM99;92
W0S;DM33;1
W0SEI;EN35;275
W0SGC;DN70;1
W0SHL;EN34;15
W0SJ;EN32;9
W0SK;EM55;2
W0SSJ;EM17;12
W0SZH;EM28;1
W0TDF;DM79;1
W0TDT;DM78;1
W0TF;EN08;1
W0TLE;EN35;55
W0TLR;EM37;4
W0TRM;DM79;2
W0TTY;CN87;1
W0TUP;DN98;1
W0TX;DM79;10
W0U;EM17;9
W0USY;EN08;7
W0UV;DM79;2
W0VB;DN74;1
W0VC;EN34;149
W0VQ;CN85;313
W0WAL;DN70;17
W0WJ;DN43;2
W0WLV;DM75;1
W0WND;DM97;5
W0WT;EN06;15
W0YGH;EM28;2
W0YJT;EM29;1
W0YK;CM97;2335
W0YK;DN40;1
W0YPM;DM79;1
W0YVA;FM19;5
W0ZA;EN00;2794
W0ZA;DM79;4
W0ZA;EM11;1
W0ZA;EN20;1
W0ZC;EM18;3
W0ZH;EM38;8
W0ZI;DM78;1
W0ZXR;DM79;3
W1AAE;FN32;1
W1AJT;EM95;68
W1AKI;FN42;129
W1AM;EM84;6
W1AMJ;FN31;11
W1ARY;FN31;385
W1ATB;CM98;1
W1ATV;FN31;13
W1ATV;EM47;1
W1AUV;FN32;1
W1AVK;FN31;7
W1AW/0;DN98;1
W1AW/0;FN31;1
W1AW/7;CM97;1
W1AW/7;CN85;1
W1AW/7;CN87;1
W1AW/7;DN13;1
W1AW/7;DN35;1
W1AW/7;DN42;1
W1BCC;FN32;1
W1BCL;FN42;3
W1BFA;FN44;3
W1BQ;EL98;546
W1BR;FN31;5
W1BS;FN32;1
W1BUB;DM93;3
W1BUS;CN85;199
W1BW;FN42;1
W1BYH;FN42;9
W1BZJ;FN41;5
W1CEW;FN31;12
W1COL;CN87;2
W1CRB;FN41;7
W1CU;FN31;4
W1DAR;EL96;5
W1DGL;DM34;252
W1DIG;FN31;2
W1DNP;EM90;4
W1DNS;FN31;24
W1DOH;EL89;8
W1DQ;FN31;1
W1DRT;FN32;1
W1DYN;FN31;99
W1EEB;FN41;1
W1EL;FN64;1
W1EQ;FN41;224
W1ES;FM06;1
W1FA;FN42;2
W1FBV;FN41;3
W1FET;FN54;4
W1FIT;DM26;2
W1FM;FN42;1242
W1FM;FM42;1
W1FNB;FN33;44
W1GD;FN42;200
W1GET;FN41;7
W1GHB;EL29;3
W1GQ;FN42;1
W1GRD;FN41;5
W1GRL;FN54;1190
W1HBR;FN31;3
W1HBR;FM31;1
W1HHO;FN54;2
W1HNZ;FN42;9
W1HRM;FN34;1
W1HS;FN33;862
W1HS;EN71;1
W1HY;FN41;2
W1HZ;DM33;3
W1IBN;FN42;1
W1IE;FM07;899
W1IE;FM03;1
W1IE;FN42;1
W1IG;FN31;117
W1IXQ;DM42;5
W1IZZ;FN41;286
W1IZZ;JN55;1
W1JAC;FN44;1
W1JBD;EL87;1
W1JD;FM18;1
W1JFF;FN54;6
W1JGM;FN31;1
W1JJC;EL89;1
W1JJC;FN32;1
W1JJR;EL87;2
W1JMA;FN31;13
W1JN;FN31;2
W1JV;FN42;170
W1KDA;FN41;2
W1KEB;EM48;1
W1KFR;EM90;4
W1KJL;FN42;1
W1KOK;FN33;19
W1KP;FN42;2
W1KRB;FN41;3
W1KRI;FN31;1
W1LAG;FN31;1
W1LBM;FN41;6
W1LBW;FN31;1
W1LDN;DM78;3
W1LE;FN41;1
W1LEM;FN41;65
W1LH;FN65;16
W1LJ;DM34;4
W1MAW;FN42;2
W1MBG;FN42;2
W1MDK;FN42;1
W1MI;FN32;8
W1MJC;EN72;3
W1MK;FN42;1
W1MLT;EL98;2
W1MSN;FN42;1
W1MUY;EM79;1
W1N;FN31;5
W1NE;FN43;1
W1NRB;EM85;266
W1NRG;FN31;2
W1NU;FN32;123
W1ONE;FN54;1
W1OP;FN41;2297
W1OP;FM41;1
W1OP;FN42;1
W1ORS;FN31;1
W1OWL;FN54;4
W1PFZ;FN42;1
W1PID;FN43;3
W1PQ;FN32;1
W1PR;DM04;13
W1QC;EN54;1
W1RCP;EM81;2
W1RCR;EL96;1894
W1RCY;FN43;66
W1REP;FM06;2
W1RH;CM98;748
W1RM;FN31;3514
W1RM;FM31;2
W1RM;KM71;1
W1RND;FN43;3
W1RPG;FN31;2
W1RPQ;FN31;37
W1RV;FN42;3
W1RV;FN31;1
W1RWW;FN31;1
W1RZ;EL98;3
W1SAM;FN31;2
W1SBW;FN33;13
W1SD;FN42;6
W1SEX;FN42;3
W1SKU;EN82;226
W1SNO;CM98;1
W1SPG;EL98;2
W1SRD;CM98;250
W1SRD;CM87;1
W1SRR;EL98;1
W1TC;FN42;10
W1TEN;FN43;1
W1TF;FN42;1
W1TMS;FN31;2
W1TNX;EM95;1
W1TO;FN32;66
W1TRN;FN42;2
W1TW;FN41;25
W1UE;FN41;5864
W1UE;FN42;17
W1UE;FN20;1
W1UEA;FN21;2
W1UJ;FN42;2
W1UU;FN41;9
W1UV;FN42;2
W1UX;FN53;5
W1UZ;FM03;1
W1V;FN43;46
W1VET;EL88;6
W1VJM;FN43;1
W1VK;FM19;1
W1VM;FN23;1
W1VP;FN42;3
W1VT;FN31;22
W1WAB;EL87;11
W1WC;FN31;1
W1WCI;FN42;8
W1WFG;FN43;2
W1WOW;EN74;4
W1WRA;FN42;1
W1WSF;EM65;2
W1WV;FN22;3
W1WWA;CM87;4
W1WWA;FN43;3
W1WWB;EM95;5
W1XD;FN42;6
W1XI;FN31;30
W1XOO;FN32;1
W1XPO/1;FN41;472
W1XPO/1;FN42;1
W1YRC;FN41;11
W1YTF;FN41;2
W1YY;CN87;284
W1YY;CN97;2
W1YZ;FN54;1
W1ZID;EL98;2
W1ZZ;EM92;2
W2/F2YS;FN31;1
W2/JR1AQN;FN31;8
W2AAT;FM05;3
W2AAT;FM03;1
W2ACY;EL09;1
W2ADC;FM29;13
W2ADW;CN87;1
W2AH;FN21;1
W2AJR;FN02;1
W2ALB;FN32;4
W2AOC;FN20;16
W2ARP;EL96;33
W2ATR;FN20;2
W2AXR;FN03;6
W2BCC;FN21;27
W2BCH;FN13;2
W2BJN;EM60;2
W2BRM;FN30;3
W2BT;FN20;5
W2CG;FN20;1017
W2CS;FN41;21
W2DAS;FN13;4
W2DB;EM12;1
W2DJX;FN30;1
W2DLL;FN02;225
W2DLL;RR73;1
W2DSX;FN30;1
W2DXD;DM43;2
W2ECK;EM91;31
W2EJG;EL91;1
W2EJG;EL99;1
W2FDJ;FM29;288
W2FGB;DM04;1
W2FTL;FN30;1
W2FV;CN95;1
W2GC;FM03;3
W2GCM;FN20;1
W2GG;FM19;272
W2GG;FN03;1
W2GGY;FN03;2
W2GHD;FN12;3
W2GLD;EN82;4
W2GLH;FM29;20
W2GM;FN20;1
W2GPK;EL88;1
W2GRK;FN20;1
W2GSB;FN30;8
W2GSP;FM18;209
W2GW;FN30;5
W2HAC;FM18;11
W2HDI;FN34;3
W2HRO;FN20;1
W2HTS;FN20;14
W2HUV;FM29;301
W2HVH;FM29;5
W2HWW;FN20;3
W2HYW;FN20;1
W2INF;FN20;1
W2IRT;FN20;1
W2JAN;FN31;6
W2JC;FN20;591
W2JCN;FN21;1
W2JCT;FN12;4
W2JDB;FN30;1
W2JIT;FN23;3
W2JTM;FN31;1
W2JV;FN30;638
W2KDR;EM66;1
W2KNG;FN21;1
W2KOT;FN20;1
W2KU;FM29;1
W2LJR;FM18;1
W2LO;EM76;1
W2MDP;EM73;53
W2MDP;FM18;1
W2MGF;FN30;4
W2MHL;FN20;2
W2MJT;EM60;3
W2MKM;FN20;81
W2MKW;FN02;2
W2MMD;FM29;429
W2MRD;FN32;3
W2MV;FN31;1
W2MW;FN31;4
W2NDA;DN70;23
W2NEC;FN12;4
W2NFG;FN20;9
W2NNG;FN20;9
W2NO;FN20;2
W2NRS;FM29;36
W2NRS;FN21;1
W2NTV;FN31;1
W2ODH;EM13;1
W2OK;FM19;1
W2OL;FM03;2
W2OR;EL99;5
W2OSR;FN30;5
W2PE;EN91;2
W2PJ;FN23;3
W2PRB;FM09;2
W2PSK;FN20;147
W2PTP;FN20;57
W2PU;FN20;26
W2QA;EN53;1
W2QCY;FN32;15
W2RAL;FN32;1
W2RBC;FN02;3
W2REA;FN02;1
W2RES;FM29;1
W2RP;FN30;2
W2RPC;EM28;4
W2RUN;DN45;2
W2RWC;FN03;15
W2RWM;FN30;6
W2SAH;EL96;3
W2SAL;FN02;2
W2SAP;FN22;1
W2SEF;FM29;1
W2SGT;EM85;2
W2SJW;FN20;32
W2SKI;FM17;21
W2SKI;DM92;4
W2TAD;EL99;27
W2TLC;FN30;67
W2TP;FN21;2
W2TT;FN31;635
W2TT;FM29;11
W2TT/150;FM29;1
W2TTT;EM80;1
W2TXB;FN12;1
W2UH;FN20;2
W2UIS;FN21;1
W2VTV;FN20;1
W2VW;FM29;1
W2WAW;FN34;4
W2WCM;FM18;5
W2WH;FN30;1
W2WHC;EM10;2
W2WI;FN20;9
W2WTC;FN21;4
W2XI;FN20;8
W2YR;FN20;1
W2ZBT;FN02;15
W2ZDP;FM04;4
W2ZF;FN30;9
W2ZI;EL99;1
W2ZMZ;FN20;5
W3AAB;FM19;4
W3ACO;EN41;2
W3AJL;EM85;6
W3AND;FN10;4
W3AND;FN20;1
W3AZT;FN20;45
W3B;EN91;12
W3BAL;FM19;4
W3BBE;FM19;7
W3BES;DN41;303
W3BG;EN90;3
W3BHC;EL87;1
W3BI;FN20;8
W3BJ;FM27;2
W3BL;FN20;16
W3BLT;EM73;6
W3BTX;FN00;8
W3BUI;FM19;48
W3BUZ;FN10;1
W3CDE;EM73;3
W3CFE;FN33;2
W3CHB;FM19;7
W3CHH;EL87;12
W3CHH;EM79;1
W3CI;FN10;1
W3CRZ;EN80;1
W3CVD;FM19;10
W3DEN;FN10;3
W3DJ;FM18;1
W3DJB;EN90;3
W3DJS;EM83;3
W3DKA;EM67;1
W3DKT;FM29;1
W3DLB;FN10;2
W3DLD;FN00;3
W3DNQ;FM29;1
W3DNR;FM19;1
W3DQS;EM95;2836
W3DVY;CM97;164
W3EWL;FM19;71
W3FAW;EM90;1
W3FAY;FM18;8
W3FIZ;FN20;338
W3FIZ;FN00;1
W3FOX;FM19;91
W3FR;FM19;8
W3FRG;FM29;2
W3G;EM31;10
W3G;EM17;1
W3GAC;FM18;1
W3GLH;EN91;3
W3GMT;EM92;2
W3GQ;EM95;658
W3GUI;FM03;4
W3HAC;FM18;1
W3HDH;EN50;6
W3HG;FM19;2
W3HGT;FM09;1
W3HH;EL89;3
W3HP;FN10;1
W3HRS;FN00;4
W3HVG;FM29;5
W3ICM;FM18;373
W3IDT;FM19;142
W3IH;DM63;11
W3IHP;FN12;6
W3IHY;FN10;3
W3IK;EL87;1257
W3IK;FM19;1
W3IK;FN22;1
W3IP;FM19;2
W3IQ;EN90;3
W3IRL;EN64;1
W3IUU;FM19;70
W3JKB;EM64;1
W3JM;FN10;1
W3JMD;DM26;2
W3JOR;FN02;7
W3JSH;FM18;1
W3JWE;FM28;2
W3JX;FM19;9
W3KB;FN10;2394
W3KB;EM93;1
W3KBG;FN10;2
W3KDB;FN20;1
W3KKO;FM19;5
W3KM;FN20;251
W3KN;FN22;348
W3KN;FM19;288
W3KWH;EN90;1
W3LES;FN20;13
W3LL;FM19;3160
W3LMC;FN20;2
W3LOU;FM19;5
W3LPL;FM19;1
W3LR;EL88;2
W3MAM;FM18;94
W3MFD;FN20;123
W3ML;EN61;1
W3MLJ;EN90;102
W3MMR;FM29;2
W3MMR;EL09;1
W3MTN;EM94;6
W3OA;EM95;510
W3OFD;FN10;2
W3OFT;FN20;1
W3OU;FM18;489
W3PAX;FN10;567
W3PAX;FM09;1
W3PH;FM09;1
W3PLS;FM29;84
W3POT;EL96;130
W3POT;EL88;19
W3PV;EL99;1
W3QJ;FM28;2
W3QKA;FM19;2
W3RAN;CN84;1
W3RAR;FM19;1
W3RDL;EL98;125
W3RFC;FM19;5
W3RFK;FN20;7
W3RFX;FN20;1
W3RGA;FN10;917
W3RI;DM42;1
W3RJW;FN20;3
W3RW;FN20;2
W3RZ;EL29;11
W3SCB;FM19;5
W3SH;EM75;3
W3SOX;FN10;1
W3SPA;FM29;1
W3SR;FM18;1
W3SSB;FM03;15
W3SW;FN22;9
W3SWL;FN10;3
W3SWM;FM19;4
W3SWM;FM18;2
W3TCP;FM29;1
W3TI;OG21;1
W3TMS;FM19;1
W3TRM;FN21;4
W3TW;FN30;12
W3UAS;FM19;4
W3UCA;FN20;24
W3UEC;FM29;3
W3UL;FM29;257
W3UL;FM18;26
W3UM;FN10;2
W3UNX;FM29;2
W3UWU;EM75;3
W3VAC;EM62;15
W3VD;EL99;2
W3VHF;CN87;5
W3VR;FN30;3
W3VR;FN35;1
W3VVV;FM19;1
W3WAS;EM07;1
W3WCT;EM69;1
W3WIV;FN00;16
W3WJZ;FM19;3
W3WTD;FM18;146
W3WTE;FM28;8
W3XE;FM17;2
W3XOX;FN00;52
W3YA;FN10;287
W3YJ;EN91;27
W3YNE;EL98;1
W3YNI;FN00;53
W3YNI;FM19;1
W3ZGD;FM19;1
W3ZJ;FM18;9
W3ZOE;EN72;1
W3ZQI;FM19;76
W3ZRW;FM19;5
W3ZYF;FN00;3
W4/G7EIX;FM05;2
W4/LW6EGE;EL96;13
W4/PY1UNU;EL98;2
W4/YV7AXM;EL98;1
W4/ZS2GK;FM07;1
W4ABF;FM05;14
W4ACM;FM27;1
W4ADA;FM09;4
W4ADS;EM73;4
W4AFB;EL98;8
W4ALH;EM86;6
W4ALX;EM10;2
W4ANT;EM93;80
W4ARK;EM50;12
W4ATG;EM74;14
W4ATX;EM75;3
W4AW;EM56;29
W4AWJ;EM76;5
W4AWJ;EM50;4
W4BAB;EM74;3
W4BAN;FM06;1
W4BB;FM04;70
W4BBC;EM75;1
W4BBT;FM06;927
W4BCG;EM65;1
W4BDA;EM76;2
W4BH;DM45;1
W4BHJ;EM95;1
W4BJB;EM65;1
W4BLD;EL98;2
W4BNT;EM55;4
W4BRY;FM15;23
W4BSS;EM84;40
W4BTA;FM14;1
W4BTJ;EN81;1
W4BXA;EM74;19
W4BXR;EM66;1
W4BYG;EM75;1
W4BZM;EM60;16
W4CAN;EM93;1
W4CBL;EM74;3
W4CE;FN42;1
W4CES;EM73;2
W4CG;FM08;2
W4CGX;EL88;3
W4CGX;EL98;1
W4CHA;EL88;41
W4CHF;EM83;4
W4CHF;EM91;2
W4CHI;FM05;37
W4CJG;EL98;3
W4CJR;EM83;3
W4CJR;EM73;1
W4CLJ;EM60;66
W4CLW;EM71;4
W4CN;EM78;1
W4CNA;EM85;17
W4CPO;FM17;1
W4CSK;EM64;1
W4CU;EL87;844
W4CUWWW;EL87;1
W4CWF;EM85;2
W4D;EM73;27
W4DAN/150;EM75;1
W4DAT;EM73;2
W4DCL;EM95;6
W4DEE;EM94;8
W4DEE;EL87;1
W4DFR;EM77;2
W4DGE;EM64;1
W4DJF;EM86;4
W4DKS;FM18;10
W4DLH;FM05;1
W4DOE;FM18;9
W4DOW;EM96;4
W4DQ;EM90;9
W4DSM;EM61;6
W4DWS;EM74;23
W4DXX;EM70;1
W4EAO;EM66;1
W4EBB;EL88;13
W4ECN;EM64;2
W4EE;EL98;1589
W4EEY;EM84;11
W4EFT;EM60;7
W4EIS;EM13;4
W4EJY;EM55;10
W4ELP;FN17;2
W4EMI;EL98;1
W4EMJ;FM17;5
W4EMT;EL97;2
W4ENN;EM64;1
W4EPM;EM86;1
W4ER;EM50;28
W4EVV;EM64;39
W4EVV;EL89;1
W4EWB;EM78;2
W4EXT;EM95;7
W4FGA;EM83;1
W4FID;EL89;1
W4FID/P;FN32;2
W4FLL;DM09;5
W4FLX;FM06;1
W4FO;EM71;1
W4FR;EL96;2
W4FTH;EL87;1
W4FTZ;FM07;1
W4FXD;EM75;4
W4G;EN91;7
W4GAF;EM54;5
W4GAL;EL98;1
W4GBB;FM17;2
W4GDG;FM07;41
W4GHG;EM70;3
W4GHV;EM95;146
W4GIT;EM73;3
W4GJT;EM81;2
W4GKA;EL98;14
W4GKM;EM75;29
W4GMF;FM18;155
W4GMU;EM78;1
W4GNE;FM17;2
W4GPL;EL98;2
W4GSS;EM74;7
W4GSS;EM84;1
W4GWN;EM95;1
W4GY;EM95;2
W4HD;EM55;2
W4HDR;EL98;11
W4HDR;EL97;1
W4HG;EM95;8
W4HHN;FM05;8
W4HIH;FM19;41
W4HKJ;EM64;5
W4HMD;EM90;1
W4HVW;EM65;2
W4HWD;EM85;279
W4HWD;EM95;1
W4IEE;EL87;9
W4IHQ;FM08;3
W4IJ;EM93;2
W4IL;EM75;2
W4IM;FM18;220
W4IMD;EM84;10
W4INK;EL87;42
W4IO;EM75;3
W4IOE;EM85;17
W4IOP;FM02;5
W4IPC;FN22;1025
W4IPC;FM16;2
W4IQ;EM97;1
W4ISB;EM76;2
W4IT;EL89;1
W4IX;EM84;552
W4IX;DM84;1
W4JBH;EM96;1
W4JEH;EL95;4
W4JGO;EM56;4
W4JHU;EM85;25
W4JM;FM04;7
W4JNG;EM95;1
W4JNM;EM74;120
W4JOV;EM60;2
W4JPG;EM46;1
W4JTB;EM62;1
W4JUU;EM74;1
W4JWS;EL98;2
W4KDK;EM55;2
W4KGM;EM75;1
W4KLF;EM78;1
W4KLY;EM73;3
W4KOB;FM26;4
W4KPR;EL87;7
W4KRC;EM64;2
W4KWB;EM75;2
W4KWS;EL94;6
W4LB;EM45;26
W4LDS;EL96;1
W4LES;EM84;3
W4LID;EM77;2
W4LJT;EM73;6
W4LLS;EM91;3
W4LN;EM95;3
W4LQL;CN90;1
W4LR;EL98;44
W4LRB;FN32;1
W4LT;EL88;3
W4LUF;EL95;1
W4LXM;EL29;9
W4MAA;EM84;28
W4MAA;EM74;2
W4MAL;EM64;1
W4MAV;EM96;1
W4MAY;EL97;1
W4MG;EM56;1
W4MHI;CN87;3
W4MIG;EL87;7
W4MJH;EM63;1
W4MK;EM82;10
W4MLB;EL98;2766
W4MLB;EL97;3
W4MLB;CM87;1
W4MLB;EL23;1
W4MMP;FM19;11
W4MOS;EM96;138
W4MPS;FM05;2
W4MRJ;EL98;67
W4MTM;EM62;190
W4NEG;EM84;10
W4NFK;EM64;1
W4NGZ;EM56;2
W4NNF;EM50;2
W4NRG;FM18;28
W4NSJ;EM95;1
W4NT;EM91;1
W4NYY;FM17;5
W4OEQ;EM74;1
W4OGP;EL98;1
W4OKW;FM02;1
W4OLE;EL98;6
W4OM;EM72;5
W4OX;EL95;253
W4OXB;EM78;11
W4PBU;EL88;1
W4PCM;EM90;1
W4PF;EM78;66
W4PFM;EL87;111
W4PGM;EM75;1
W4PGM;EM84;1
W4PHC;EM84;6
W4PID;EM95;27
W4PJW;FM08;13
W4PK;FM07;94
W4PKU;FM18;1
W4PNY;EM95;124
W4PPC;EM64;334
W4PSK;EL98;25
W4QA;EM95;7
W4QBA;EL99;1
W4QBA;EM74;1
W4QCU;EM76;1
W4QK;EM83;15
W4QYV;EM92;4
W4RFA;EL88;5
W4RIG;EM47;1
W4RJF;FM05;3
W4RKU;FM08;169
W4RLS;EL87;2
W4RQ;EL96;1
W4RXK;EM74;33
W4SCP;EM73;248
W4SDI;EM63;1
W4SDX;EM55;792
W4SFX;EM94;1
W4SJZ;EL88;1
W4SK;EM66;19
W4SMF;FM04;248
W4SO;EL98;3
W4SOE;EM84;6
W4SOE;EM95;1
W4SPF;EL96;164
W4SSF;EM75;229
W4STV;EL88;1
W4SYB;EM73;4
W4SYK;EM55;14
W4TKW;EM97;3
W4TLA;EL87;1
W4TM;EM73;489
W4TMO;FM05;360
W4TNA;FM08;2
W4TNW;EM74;1
W4TRA;FM06;2
W4TTM;EM86;142
W4TTY;EM97;2
W4TTZ;EL98;2
W4TV;EL98;18
W4UAT;CM97;3
W4UB;EL88;226
W4UCK;EM74;8
W4UDH;EM75;4
W4UEF;FM15;132
W4UII;EM78;1
W4UT;EM75;5
W4UTZ;EM95;5
W4UWC;EM77;2821
W4UWC;EM85;921
W4UWC;EN77;1
W4UWC;NJ52;1
W4UYE;EM73;1
W4VBK;EL98;2
W4VCF;FM05;2
W4VFA;EL99;1
W4VG;FM07;72
W4VG;FM18;1
W4VIC;FM16;1098
W4VST;EM94;2
W4WAG;FM29;3
W4WDB;EM60;6
W4WDK;FM06;10
W4WDK;FM07;9
W4WIN;FM17;1
W4WN;FM05;7
W4WNG;EL98;5
W4WNT;EM94;104
W4WRA;EM90;1
W4WTH;EM62;2
W4WV;FM16;1
W4WWB;EL88;1
W4WWQ;FM07;1
W4WWS;EM57;9
W4WWV;EM75;14
W4WWZ;EL95;3
W4WXA;EM82;2
W4WYD;EM56;10
W4XAX;EM60;1
W4XPP;FM17;1
W4YAF;EM73;1
W4YBO;EM86;9
W4YJC;EM80;8
W4YK;EM85;3
W4YO;EL99;1
W4YR;EM92;4
W4YSN;FM17;15
W4YTB;EL98;2
W4YVA;FM17;7
W4YX;EM95;2
W4YZZ;EM74;3
W4ZGR;EL97;1
W4ZOR;FM18;13
W4ZTH;EL88;1
W4ZUG;EM75;14
W4ZUS;FM15;1
W5AAJ;EM26;1
W5ABQ;DM14;1
W5ACB;EL09;22
W5ACB;EL99;1
W5ACY;EM13;1
W5ADA;EM14;3
W5ADD;EM40;23
W5AFV;EL09;2
W5AJ;DM82;1
W5AOD;EN61;1
W5AP;DM78;664
W5AP;EM12;2
W5APO;EL89;4
W5ART;EL17;84
W5AT;EL09;1
W5ATM;EM12;4
W5AUG;EM20;8
W5BAM;EM53;1
W5BCA;EL29;41
W5BDB;EM51;63
W5BLF;EL29;2
W5BM;EM26;1
W5BN;FN33;1
W5BR;FM03;4
W5BT;EM03;278
W5BV;EL29;4
W5CCP;EM15;1
W5CHA;EM40;3
W5CIA;EM40;341
W5CJ;EM55;3
W5CJM;EM10;2
W5COV;EM26;9
W5CPO;EL18;1
W5CRN;EM20;3
W5CSM;EM10;653
W5CSR;EM51;3
W5CTL;DM63;5
W5CWT;EM22;12
W5DAG;FM18;1
W5DBH;EL98;4
W5DD;EL09;2
W5DDS;EL09;224
W5DFD;EM46;1
W5DJV;FM18;20
W5DJW;EM55;2
W5DMS;DM78;1
W5DMT;EM65;2
W5DNT;EM01;1
W5DP;EL29;6
W5DPH;EM04;1
W5DTX;EM12;2
W5DUI;EM50;1
W5DXP;EM22;1
W5DXQ;EM13;91
W5DXR;DM06;4
W5EDC;CN87;1
W5EDW;EL09;6
W5EIT;EM26;7
W5EJD;EM12;3
W5ETJ;DM91;4
W5EZY;EM32;1
W5FHW;EM02;8
W5FIX;EM20;3
W5FK;EM50;6
W5FKO;EM20;12
W5FKW;EM10;1
W5FLY;EL49;2
W5FO;EM12;4
W5FPT;EM20;1
W5FQP;EM13;1
W5FYR;EM33;16
W5FZ;EL29;11
W5GA;EM36;3
W5GDI;EL18;1
W5GFI;EM26;31
W5GFM;EN45;3
W5GIE;DM14;1
W5GJ;EL87;5
W5GLN;EM10;1
W5GOL;EM25;19
W5GP;EM13;114
W5GW;EM10;3
W5GWM;EM20;1
W5GYN;EM54;1
W5GZ;DM52;2
W5HP;EM12;4
W5HRC;EM12;5
W5HRH;EL29;2
W5HVS;EM10;38
W5HVV;EM73;5
W5HWZ;DM89;5
W5IF;EM14;7
W5IFP;EL09;1
W5IPA;FN41;7
W5JAC;EM40;5
W5JAK;DN70;5
W5JBF;EL29;1
W5JCC;EM31;631
W5JDF;EM03;6
W5JDO;DM82;1
W5JE;EM25;2
W5JHC;EM26;1
W5JJR;EM12;3
W5JJT;DM76;156
W5JMW;EM23;32
W5JUG;EM34;5
W5JWM;EM94;2
W5JWP;EM10;2
W5JWS;EM13;3
W5JXN;EM35;1
W5JZ;EM12;1
W5KAO;DM65;1
W5KDI;DM81;1
W5KDJ;EM20;6
W5KHZ;EM13;2
W5KJW;EM12;3
W5KY;EL29;91
W5LA;EM32;104
W5LB;EM40;1
W5LE;EM15;3
W5LIC;EL29;1
W5LL;EM23;2
W5LOR;EM21;1
W5LST;EM33;33
W5MEU;DM81;2
W5MF;EM20;139
W5MH;DM43;1
W5MHG;DM65;1
W5MIG;EL09;1
W5MND;EM13;5
W5MND;EM76;2
W5MO;EL09;29
W5MPY;EM04;1
W5MRE;EM54;1
W5MT;EM13;535
W5MVD;EM10;24
W5MZX;EM50;23
W5NPO;EL29;3
W5NRF;EM21;4
W5NZ;EM62;14
W5ORC;EM53;11
W5OY;EM26;8
W5PGR;EM20;2
W5PKK;EM13;745
W5PR;EL29;1120
W5PUF;DL99;8
W5PUI;EM21;3
W5PW/P;EL17;2
W5PWH;EM36;2
W5PWH;EM40;1
W5RAW;DM95;66
W5RCM;EM36;6
W5RCM;EM24;1
W5RCX;EM00;468
W5RDJ;EM36;3
W5RDJ;EM35;1
W5RIF;EM20;1
W5RIR;EM10;273
W5RIR;DM37;1
W5RIR;DM40;1
W5RL;EM12;12
W5RM;EM64;2
W5ROS;EL09;1
W5RSC;EM70;2
W5RTM;FM09;3
W5RY;EL49;1
W5RYA;EM23;100
W5SLS;EL09;1
W5SMN;EM50;32
W5SUM;EM32;7
W5SWG;EM13;118
W5SWR;DM79;2
W5TDY;EM74;179
W5TMR;EM20;2
W5TOY;EM10;1
W5TRL;EM10;3
W5TSU;EM15;1
W5TTE;DM65;100
W5TTW;EM20;15
W5TUF;EM40;1
W5TWO;EM00;1
W5TXK;EM23;2
W5TZX;EM40;2
W5UAA;EM22;1
W5UHQ;EN80;80
W5UM;EM15;1
W5UOT;EM12;1
W5UQ;EM20;1
W5UW;EM26;2
W5UWV;EM85;1
W5VAX;EM14;2
W5VC;EM26;1
W5VE;EM85;28
W5VS;FM18;3
W5VYH;EM44;8
W5WCA;DN70;35
W5WCA;DM79;1
W5WDY;EM12;92
W5WEB;EL09;2
W5WGF;EM54;128
W5WGR;EM47;1
W5WHK;EM11;1
W5WI;EM02;1
W5WLG;EM12;1
W5WTX;EN53;2
W5WZ;EM32;2
W5XB;EM84;1
W5XD;EM10;44
W5XO;EM10;234
W5XO;EM47;1
W5XX;EM42;3
W5XZ;EM22;2
W5YF;EM12;88
W5ZG;EM20;9
W5ZJ;EM45;2
W5ZP;EM15;7
W5ZPA;EM40;2
W5ZZ;EM31;1
W5ZZO;EM20;318
W5ZZT;EM12;3
W69ELW;DN78;1
W6AAJ;DM12;1
W6ABL;CM96;10
W6ABM;CN85;1
W6ACU;DM12;2
W6AER;CM87;392
W6AGZ;CN85;105
W6AJR;CM96;238
W6ATZ;CM97;1
W6AYC;OF78;1
W6AZT;CM97;5
W6BP;CM97;1
W6BSD;CM87;4
W6CAT;DM13;17
W6CKC;DM69;2
W6CPL;DM15;2
W6CYX;CM97;20
W6DAD;DM33;6
W6DCC;DM13;33
W6DGC;CM99;1
W6DHQ;DM12;1
W6DLK;CM88;1
W6DMN;CM97;1
W6DMW;CM97;112
W6DN;DM04;1
W6DOQ;DM04;1
W6DOZ;CM96;1
W6DPD;DM06;14
W6DPM;DM04;7
W6DR;CM87;14
W6DSG;DM09;329
W6DSL;DM13;1
W6DT;CM99;2
W6DUO;DM03;1
W6EEN;CM98;8
W6EEN/P;CM97;13
W6EFI;CM87;1
W6EGG;DM06;1
W6EHY;EM45;171
W6ELI;DM04;4
W6EMR;CM98;4
W6EO;CM87;1
W6ESL;CM97;1
W6EU;CM99;413
W6FAS;CM97;1
W6FD;DM13;16
W6FT;DM13;2
W6FTC;CM99;1
W6GA;DM14;15
W6GBM;FN30;15
W6GEE;CM88;1
W6GJB;CM87;1
W6GLS;DM12;2
W6GMT;EN37;80
W6GOK;EL89;3
W6GRH;DM14;1
W6GSQ;CN80;3
W6HBU;CM99;1
W6IA;CM97;1482
W6IA;CM88;75
W6IBU;CM97;1
W6IHV;DM14;1
W6ING;FM07;2
W6INO;CM97;192
W6IVY;EL89;1
W6IWW;CN85;14
W6IZK;DM33;1
W6IZT;EM74;1
W6JCH;DM13;9
W6JFC;DM13;1
W6JGR;CM87;1
W6JH;DM14;3
W6JII;DM03;1
W6JLV;CN71;22
W6JPG;DM04;190
W6JWK;DM06;10
W6JXH;CM87;5
W6JZ;DM12;38
W6KAP;CM98;2
W6KCO;DM04;2
W6KCV;DM03;2
W6KK;DM14;211
W6KSJ;DM12;10
W6KSR;DM13;2
W6LD;CM87;27
W6LED/7;DM25;1
W6LEO;DN17;2
W6LND;CM89;2
W6MEW;CM98;1
W6MOB;CM97;78
W6MOB;CN97;1
W6MRR;CM87;541
W6MSN;DM04;5
W6MYN;DM03;19
W6NCB;EM76;846
W6NCB;CM96;166
W6NEV;CM87;283
W6NIF;DM06;17
W6NUC;DN13;16
W6NWF;DM13;48
W6NWS;FM05;16
W6NWS;EL98;1
W6OA;CN86;2
W6OAT;CN87;1873
W6OAT;CN97;1
W6OAT;IM99;1
W6OBB;CM95;1
W6OHV;DM14;1006
W6OZI;CM98;8
W6PJD;DM16;2
W6PNH;CM99;2
W6PPV;DM12;5
W6QO;DM43;3
W6QT;DM12;1
W6QY;CM88;3
W6RC;CM98;508
W6RC;DN23;1
W6RHB;DM13;4
W6RIG;CM97;13
W6RKC;CM98;53
W6RKC;CM97;1
W6RKK;EM10;2
W6RMC;CM88;2
W6RN;CM96;154
W6RQ;CM87;357
W6RYI;CM97;15
W6SA;DM26;9
W6SDM;DM32;14
W6SEB;CM88;8
W6SFK;CM88;1
W6SJ;FM19;1
W6SKD;CM97;7
W6SL;CM95;7
W6SMK;DM12;1
W6SQ;DN18;8
W6SR;CM98;103
W6ST;DM34;2
W6SX;DM07;4360
W6SX;FM07;1
W6TC;DM12;2
W6TCP;CM97;6
W6TIR;EL09;53
W6TIR;EN63;1
W6TIR;JN11;1
W6TJK;CM87;2
W6TK;CM95;122
W6TMD;DM13;4
W6TQS;DM13;1
W6TST;CM96;4
W6TZI;CM96;2
W6UA;CM95;2
W6UHQ;CM98;1
W6US;DM09;447
W6UZ;CM87;231
W6VJT;DM62;7
W6VZV;DM03;1
W6WDS;DM13;4
W6WDY;DM04;1
W6WG;DM15;2
W6WGT;EL96;1
W6WML;DM04;6
W6XB;CM99;70
W6XK;CM97;1
W6YK;EM12;1
W6YLZ;DM04;2
W6YM;DM06;4
W6YTG;FM19;5
W6YW;DM03;33
W6YXY;DM13;3
W6ZAR;DM13;4
W6ZD;EL96;13
W6ZKC;CM97;2
W6ZKH;DM06;3
W6ZO;CM98;28
W6ZQ;DM42;272
W6ZQ;EJ79;1
W6ZZY;CM87;5
W73JNX/R;CM47;1
W7ACP;DN13;1
W7AH;DM42;1
W7AH;DM68;1
W7AII;DM26;1
W7AMC;DM26;22
W7AMC/P;DM36;1
W7APM;CN88;130
W7AWE;DM42;1
W7AXT;CN87;2
W7BA;CN87;7
W7BBX;CN86;2
W7BDB;CN85;7
W7BIK;CN87;1
W7BKS;DN17;362
W7BOB;DN14;996
W7BRS;CN97;1
W7BVN;DN17;1
W7C;DN14;4
W7CD;CN87;902
W7CEJ;DM37;5
W7CFR;CN87;141
W7CK;DM33;3
W7CM;CN84;2
W7CP;EM97;2
W7CSD;CM98;1
W7CT;DN41;1862
W7CT;GJ85;1
W7CXX;GM37;1
W7DBE;DM09;1
W7DCM;DM42;3
W7DDE;CN84;59
W7DGP;CN87;1
W7DHH;DM48;11
W7DIT;CN87;1
W7DK;CN87;153
W7DK;CN78;1
W7DLR;CN85;2
W7DLZ;DM09;1
W7DO;EM94;24
W7DOA;DN35;1
W7DRK;CN85;3
W7DRM;CN87;358
W7DRW;DM44;110
W7DXL;DM09;3
W7DZD;CN87;4
W7EBA;DN13;1
W7EBT;FM05;4
W7EDP;DN40;3
W7EEC;CN95;1
W7EIR;CN87;2
W7ESR;CN94;4
W7ETS;CN95;1
W7ETZ;CN87;132
W7EUPF;CN84;1
W7EW;CN84;6584
W7EZE;CN87;2
W7FI;CN87;91
W7FIX;DM26;4
W7FKI;EM85;1
W7FM;CN88;1
W7FN;CN88;614
W7FRM;CN84;1
W7FS;CN82;2
W7FYV;DN18;1
W7GEM;DN40;10
W7GEM;EM95;1
W7GGA;CN74;4
W7GMO;DM42;1
W7GPS;DM25;1
W7GT;DN40;2
W7GTF;CN98;123
W7GTH;CN91;1
W7GTM;CM97;2
W7HAD;DN71;1
W7HBL;DN40;4
W7HD;DM42;4
W7HMV;CN94;3
W7HRF;DN43;2
W7HRF;EM27;1
W7IDM;DN13;10
W7IDU;DM33;1
W7II;EN42;336
W7IMC;DN13;2
W7ISP;DN18;4
W7IU;CN87;120
W7JHR;CN94;10
W7JLC;DM34;68
W7JMK;DN06;12
W7JOI;CN85;3
W7JSJ;FM07;4
W7JWT;DN08;1
W7JZI;DN41;1
W7KFT;DM45;84
W7KK;DN45;47
W7LAS;DM26;3
W7LCB;DM43;2
W7LG;FN10;19
W7LOR;DM33;4
W7MD;DM41;14
W7MEM;DN17;1
W7MG;DN28;2
W7MHM;EL86;1
W7MKE;CN87;24
W7ML;DM04;1
W7MN;DN17;1
W7MOE;DN18;1
W7MTH;CN97;1
W7MTL;CN85;7
W7MVG;CN85;1
W7MWR;CN88;14
W7MY;DN06;624
W7MY;DM41;1
W7NBD;DM42;1
W7NFR;CN85;2
W7NX;EM10;6
W7O;CN84;48
W7O;CN82;3
W7OD;DM03;5
W7OIL;CN85;3
W7OJT;DM24;2
W7OK;CN86;15
W7OM;CN87;602
W7ONE;DM44;1
W7ONY;CN85;2
W7ORD;DM28;3
W7ORD;DN40;1
W7OSG;DN13;149
W7OTL;CN85;16
W7OXB;CN87;302
W7PAQ;EM47;1
W7PC;CM97;20
W7PCT;CN85;1
W7PEZ;CN87;3
W7PHG;CN87;1
W7PIG;CN88;12
W7PML;DM33;1
W7POE;CN87;285
W7PPC;DM37;1
W7PSK;CN87;16
W7PXL;CN84;18
W7QF;CN84;52
W7QL;DN40;142
W7RBB;CN76;1
W7RH;DM35;5
W7RIK;DN31;1
W7RIT;CN76;26
W7RJR;DN17;1
W7RLS;DN13;1
W7RMH;CN87;1
W7RN;DM09;1634
W7RN;IN89;1
W7RPS;CN85;3
W7RR;CN85;1
W7RSO;DM13;1
W7RTA;CN85;1
W7RTM;CN84;247
W7RV;DM43;1
W7SCD;DN17;4
W7SDC;DN40;1
W7SE;DM33;18
W7SEX;DM42;3
W7SHA;EM17;204
W7SHA;DN18;76
W7SMW;DM09;17
W7SO;CN85;6
W7SOT;CN72;16
W7SS;DM44;62
W7STR;FM03;1
W7STS;DM44;3
W7STS;DM43;2
W7TAN;EN51;1
W7TBD;CN84;1
W7TCT;DN06;2
W7TGR;DM43;1
W7TMD;DN18;4
W7TYE;CN84;1
W7TZ;CN83;47
W7UDH;CN87;1
W7UIT;DM33;1
W7USA;DM33;11
W7USM;DM43;1
W7UT;EN04;7
W7UUU;CN87;1
W7UVH;DN17;1
W7VA;CN84;5
W7VA;CN87;1
W7VAC;DM42;2
W7VAS;CN87;2
W7VD;DM09;271
W7VHM;CN94;321
W7VOA;FM18;1
W7VP;CN87;6
W7VSX;DM34;1
W7VXS;CN87;1564
W7VY;DM09;4
W7WES;DN30;7
W7WHO;CN94;21
W7WHW;DN06;13
W7WIA;DM42;43
W7WKR;CN97;15
W7WKR;CN98;4
W7WM;DM79;5
W7WMB;EN72;2
W7WRJ;DM41;1
W7WRO;DN71;4
W7WSB;DM26;3
W7WXR;EN16;3
W7XB;EM64;5
W7XE;CN85;127
W7XQ;CN94;4
W7XZ;CM99;69
W7YA;DM34;5
W7YAQ;CN94;1
W7YED;CN87;2896
W7YSB;DM44;3
W7YTF;DN43;4
W7ZFG;DM33;143
W7ZI;CN85;1
W7ZR;DM26;59
W7ZR;DM24;4
W7ZV;CN94;1
W7ZYQ;DN31;1
W85LNM;JA06;1
W8AGS;EM89;1
W8AHC;EN91;2
W8AIT;EN82;29
W8AKS;EM97;80
W8AND;EN72;1
W8AOR;EN63;1
W8ARE;EN80;8
W8ASH;EN70;8
W8ATE;EN81;185
W8BBX;EM99;2
W8BEN;EM66;1
W8BI;EM79;5
W8BJF;EN82;9
W8BLA;EM84;3
W8BO;EM79;1
W8BZZ;EN90;11
W8CAR;EN81;109
W8CBC;EM70;10
W8CKF;EL29;3
W8CO;EN82;10
W8CTO;EN91;3
W8DC;EN72;927
W8DIC;EN80;4
W8DM;EM50;4
W8DMT;EN63;1
W8DN;EN70;1
W8DOZ;EN81;1
W8DPK;EM89;1
W8DRU;EN72;9
W8DWS;EN81;2
W8DXD;EM99;1
W8EMD;FM06;6
W8ENO;EM88;9
W8ENO/QRP;EM88;3
W8EO;EN72;1
W8EOG;EN80;13
W8EVJ;EN24;2
W8EWH;EN82;272
W8EWO;EN82;1
W8FCD;EN82;5
W8FDV;DM43;2
W8FHF;EN90;9
W8FIB;EM79;1
W8FIB;EN61;1
W8FR;EM98;4
W8FSM;EN75;3
W8GAC;EM79;9
W8GC;EN91;3
W8GEX;EM79;17
W8GJ;EN91;3
W8GJK;CM95;1319
W8GJK;JO57;1
W8GU;EN90;8
W8HF;EN81;2
W8HFJ;EL29;23
W8HFZ;EN90;1
W8HO;EL87;3
W8HW;EL97;1
W8HYT;EN91;13
W8IE;EN91;2
W8IJN;EM79;11
W8ISH;EM69;2
W8ISZ;EM79;1
W8IW;EM98;6
W8JAX;EN91;3
W8JB;FM05;2
W8JGU;EN91;24
W8JH;EN81;1
W8JJV;EN72;3
W8JRH;EN72;7
W8JRK;EN72;4
W8JWN;EN55;28
W8JY;EN84;85
W8KDZ;EN91;183
W8KEN;EN91;999
W8KF;EN81;15
W8KFW;EN91;8
W8KHB;EM79;1
W8KHP;EM79;119
W8KIX;EN81;1
W8KRZ;FM18;149
W8KVK;EM89;225
W8LIL;EM89;1
W8LKG;EM79;1
W8LLL;EN82;17
W8LMG;EM98;10
W8LRA;EM99;3
W8LRJ;EM79;1
W8LRL;FM19;4
W8LVN;EN62;7
W8LYJ;DN70;517
W8LYJ;FM19;291
W8LYJ;FM07;1
W8MAF;EN82;6
W8MDE;EN80;2
W8MEJ;CM87;3
W8MJL;EN80;2
W8MLJ;EN91;1
W8MQT;EN72;3
W8MRG;EM79;1
W8MRL;EM79;715
W8MRR;EN62;8
W8MSC;EN82;25
W8MSP;EN72;5
W8MSS;EN91;1
W8MTB;EN72;2
W8NET;EN91;1
W8NFR;EN70;1
W8NGA;EM89;5
W8NJR;EN70;7
W8NU;EM79;6
W8NU;EN85;2
W8OCC;EN83;17
W8OTJ;EM88;1
W8PB;EM98;1
W8PCP;EN80;1
W8PHB;EM79;1
W8PJP;EN82;1
W8PJW;EN91;1
W8PLZ;EM79;3
W8PP;EM89;13
W8PP;EM47;1
W8PTB;EN80;1
W8PTM;EL96;4
W8PU;EM89;1
W8QXO;EN81;3
W8QXR;EN52;87
W8QZA;DM12;103
W8RAY;EM89;2
W8RES;EM79;5
W8RGB;FM19;1
W8RID;EN91;2
W8RIH;EN80;1
W8RJC;EN72;6
W8RJC;EN63;2
W8RJD;EN82;1
W8RTJ;EN81;1
W8RZN;EN81;1
W8SDC;EN72;5
W8SDD;EN90;1
W8SEE;EN80;1
W8SEG;EN91;1
W8SKF;EN91;1
W8SKJ;EM89;2
W8SRD;EN71;5
W8STB;EN70;1
W8TA;EN83;3
W8TAM;EN82;2
W8TAU;EN73;1
W8TB;EN91;637
W8TMB;EN74;4
W8TN;EM98;97
W8TOC;EN63;9
W8TOM;EN74;1157
W8TV;EM98;2
W8TVR;EN82;2
W8UC;EM79;296
W8UPI;EM85;4
W8UTC;EN81;2
W8UV;FM28;7
W8UZ;EN71;2
W8VK;EN70;1
W8VS;EN82;11
W8VVE;EM98;4
W8WCL;EM79;5
W8WEJ;EM99;146
W8WKE;EL16;3
W8WMU;EN84;3
W8WTH;EM79;1
W8WTS;EN91;60
W8WY;EM79;5
W8XC;EM73;18
W8XC;EM83;1
W8XN;EN82;1
W8YRC;EN83;2
W8ZBR;EM97;3
W8ZII;CM97;1
W98KBA/R;LM77;1
W9ABA;EN35;1
W9AEB;EN61;41
W9AFB;EN52;2
W9AH;EN64;33
W9AI;EM69;1
W9AKS;EN52;296
W9ALK;EN53;2
W9ARO;EM85;1
W9AS;EN62;1
W9AV;EN43;3751
W9AV;EN53;9
W9AV;EM43;2
W9AV;EN42;1
W9AVE;EM69;1
W9AWX;EN53;1
W9BBB;EN51;1
W9BDX;EM49;1
W9BGL;EN55;1
W9BJA;EN62;1
W9BOQ;EM66;8
W9BRT;EM79;12
W9BS;EL96;419
W9BTM;EN63;2
W9BWR;EM78;59
W9CC;EM79;25
W9CIB;EL87;41
W9CIB;EM19;1
W9COD;EM69;7
W9COS;EM59;3
W9CSO;DM26;9
W9CSX;EM69;419
W9CY;EN51;58
W9CYQ;EN61;2
W9DBF;EN54;1
W9DCT;EM26;16
W9DDK;EN61;12
W9DEY;EN52;1
W9DEZ;EN51;1
W9DF;EN60;1
W9DHI;EN63;6
W9DNE;EN53;1
W9DP;EN40;1
W9DSP;EN53;151
W9DUB;EN62;2
W9DX;EN41;4
W9DXM;EM13;2
W9DXP;EM76;2
W9EAC;EN51;7
W9ECO;EM12;1
W9EKK;EN61;1
W9EMY;EN65;2
W9ERE;DM79;3
W9ET;EN43;3115
W9ET;EN34;1
W9EWG;EN52;1
W9EZZ;EN70;3
W9FAA;EN42;12
W9FAA;EN43;7
W9FAA;EM69;1
W9FFA;EM69;1403
W9FFF;EN52;2
W9FG;EM69;9
W9FI;DM42;147
W9FJC;DM43;1
W9FL;EN52;1
W9FMC;EN53;1
W9FTR;EM60;1
W9FY;EN52;409
W9FZ;EN43;2
W9GD;EN52;1
W9GIL;EN62;1
W9GNW;FM18;5
W9GQA;EN70;2
W9GS;EM79;2
W9GT;EN71;7
W9GU;EN62;1
W9GVW;EL09;1
W9GWP;EN52;7
W9HBH;EM79;1
W9HDG;EN45;1
W9HJ;FM19;57
W9HT;EN71;8
W9ICK;EL98;6
W9II;EN52;3
W9IIX;EN61;160
W9IKE;EM68;2
W9IKU;EN53;1
W9ILY;EN51;422
W9ILY;CN97;1
W9ILY;EM51;1
W9IZ;EM69;496
W9JA;EN43;33
W9JA;EN34;1
W9JJB;EN52;110
W9JLF;EN54;2
W9JOM;EN61;7
W9JUG;EN60;4
W9JWF;EN51;1
W9JXT;DM13;1
W9KB;EL96;4
W9KCJ;EN51;1
W9KEY;EN63;13
W9KIM;EM59;11
W9KM;EN51;1
W9KQD;EN60;1
W9KXI;FN12;6
W9KY;EM69;7
W9LBX;EN60;1
W9LCQ;EL29;284
W9LG;EN10;6
W9LL;EM13;1
W9LN;EM73;12
W9LRM;EM58;5
W9LTN;EN71;6
W9LU;EN60;5
W9MAV;EN61;3
W9MDB;EM49;3
W9MJ;EN63;36
W9MJ;EN52;1
W9MRF;EN53;1
W9MXQ;EN53;1
W9MZ;EN51;1
W9NC;DM26;1
W9NCC;EM12;3
W9NEM;EN51;43
W9NG;EM42;1
W9NG;EM52;1
W9NKW;EN53;1
W9NT;EN51;2
W9NVU;EN71;1
W9OAA;EM69;7
W9OD;EN54;1
W9OQI;EN44;3
W9OY;EL98;1
W9PA;EN60;359
W9PB;EL87;1
W9PDC;DM42;3
W9QL;EN62;33
W9RAT;EN70;1
W9RBB;EN70;2
W9RF;EM57;11
W9RJA;EN54;2
W9RJC;EN71;1
W9RLL;EN44;12
W9RMW;EL86;12
W9RNR;EM58;3
W9ROG;EN62;6
W9RSM;EN60;1
W9RWB;EN61;1
W9RWG;EN61;1
W9SA;EL88;14
W9SE;EN50;5
W9SPZ;DM04;1
W9SRV;EN61;2
W9SV;EN52;113
W9SX;EL88;2
W9TD;EN52;12
W9TDP;EN53;1
W9TLH;DN41;3
W9TLW;EM79;1
W9TNG;EN42;1
W9TO;EM89;10
W9TOC;EN63;8
W9TTG;EM69;1
W9TVX;CN94;289
W9US;EM49;2
W9VA;EN62;3
W9VCI;EN51;3
W9VFO;EM29;4
W9VN;EM69;2
W9VOB;EL98;11
W9VQ;EN61;72
W9VUP;EN90;4
W9VW;EM79;32
W9WAS;EN50;2
W9WE;EM49;9
W9WI;EM66;18
W9WJM;EN45;1
W9WX;EN60;1
W9XB;EN52;4
W9XB;EN61;1
W9XC;EN52;1
W9XS;EN51;1
W9XT;EN53;1014
W9YCR;EN41;1
W9YK;EN61;4
W9YRC;EN52;1
W9YSX;EM79;210
W9YUM;EN52;3
W9YV;EN43;3
W9YW;EM69;3
W9ZAW;EM68;4
W9ZCL;EN62;4
W9ZCL;EN64;1
W9ZV;EN51;231
WA0A;DM34;2
WA0AFD;EM48;9
WA0BZA;EM48;1
WA0CQG;EN34;4
WA0CSL;EN17;3
WA0EIR;EN41;1
WA0EXO;EM48;3
WA0I;EM39;266
WA0JZK;EM37;268
WA0KDS;DM33;2
WA0KKE;EN35;6
WA0LIF;EN35;2
WA0LJM;EM73;611
WA0LYK;EM29;1
WA0MN;EN33;1
WA0OFM;EM28;2
WA0OII;QK23;3
WA0PMO;EN42;1
WA0QHL;EN16;6
WA0QXF;EN42;1
WA0RIM;EN10;2
WA0RKE;EN34;3
WA0RLC;EM36;1
WA0RLY;EN33;1
WA0ROI;EN31;1
WA0RUF;EN34;5
WA0SXB;DM44;139
WA0TEY;EM34;1
WA0TJT;EM29;22
WA0VPJ;EN35;1
WA0VRC;EN34;8
WA0VTU;DM78;1
WA0VUS;EN41;2
WA0YPC;EL89;2
WA1AAA;FM19;1
WA1AS;FN42;1
WA1BXY;EL88;392
WA1BXY;FN41;7
WA1DD;FN31;16
WA1ECA;FN31;1
WA1ED;FN44;1
WA1EMG;FN42;5
WA1EXA;FN41;1
WA1FCN;EM63;1894
WA1FCN;EM76;1
WA1FCNN;EM63;1
WA1HCO;FN42;20
WA1HCO;FN41;2
WA1HFF;FN32;1
WA1HXH;FN43;353
WA1ITU;FN41;2
WA1JAY;FM05;2
WA1JBO;FN31;379
WA1JQC;FM17;2
WA1JQC;FM09;1
WA1KLD;FN31;1
WA1KLI;FN44;5
WA1KXV;CM99;2
WA1LY;EM10;4
WA1NGH;FN31;15
WA1NGH;EL97;1
WA1NHZ;DM42;1
WA1NLG;FN41;95
WA1ORT;FN33;1
WA1PGB;FN54;1
WA1PW;FN31;3
WA1QDP;EL96;2
WA1QFV;FN41;1
WA1RIW;FN41;9
WA1S;EL88;1
WA1TYB;DN46;1
WA1UMU;FN42;1
WA1UZO;FN31;264
WA1VIL;FN42;11
WA1VIN;FN41;6
WA1W;FN31;4
WA1WCC;FN51;8
WA1WJJ;FN42;12
WA1WJJ;FN43;1
WA1WLV;FN43;23
WA1YXV;EM90;1
WA1ZKN;EL87;97
WA2ALY;FN20;2
WA2BCK;FN13;439
WA2BCK;EM92;2
WA2BEV;FN00;1
WA2BOT;FN64;2
WA2CLX;FN13;3
WA2CP;FN20;1177
WA2CP;EN20;1
WA2CP;FN40;1
WA2CRQ;CM87;2
WA2DE;FN30;4
WA2DNI;FN20;332
WA2DX;FN42;4
WA2DX;EL87;2
WA2EIO;FN30;1
WA2EPI;FN20;11
WA2EXZ;EM74;1
WA2GOT;FN31;315
WA2HIP;FN54;144
WA2HIP;EL09;1
WA2HMM;FN30;4
WA2HQL;EM95;4
WA2HYO;FN20;77
WA2IBZ;FM29;20
WA2ISE;FN20;6
WA2IUS;FN20;1
WA2JQZ;DM78;2
WA2LAN;FN20;3
WA2MCR;FN31;207
WA2NAF;EM92;4
WA2ONG;FM08;6
WA2OTC;FM19;7
WA2QAU;FN03;2
WA2QJQ;FN30;1
WA2RNA;EM29;3
WA2S;FN13;2
WA2SDD;FN12;1
WA2SEA;CN87;1
WA2SWX;FM18;2
WA2TMB;FN13;5
WA2TOP;EL29;21
WA2VAM;FN22;131
WA2VAM;FN12;2
WA2VAM;RH16;1
WA2VCQ;EL87;5
WA2VJL;EL16;47
WA2VKG;FM29;2
WA2VNV;FN30;3
WA2VNV;EL96;1
WA2WAP;FN32;4
WA2WL;FN20;3
WA2YCI;FN20;2
WA2YLY;FN21;1
WA2YYL;FN30;457
WA2ZPX;FN21;2
WA2ZSA;FN02;1
WA3AAN;FN20;1288
WA3AAN;BD94;1
WA3AAT;FM19;1
WA3AFS;FN32;660
WA3BMX;FM29;1
WA3C;EN90;3
WA3DB;CN87;3
WA3DNM;FM29;1
WA3DSP;FN20;2
WA3DX;FN20;2
WA3EEC;FN32;2
WA3EKL;FM19;7270
WA3EKL;EL96;1
WA3EKL;FN02;1
WA3EKL;IN89;1
WA3ERQ;FN20;9
WA3FRQ;FN20;2
WA3FWA;EN90;2
WA3GDB;EM95;381
WA3GM;FN20;12
WA3GOS;FM18;11
WA3GPP;FN00;3
WA3GSH;EN91;20
WA3HVR;FN20;8
WA3JAT;EN91;19
WA3JBO;EL98;2
WA3JKB;FN20;1
WA3JRH;EN43;1
WA3KVN;FN20;2
WA3LXD;EL99;3494
WA3LXD;FA29;1
WA3MD;FM19;1
WA3MH;FM18;7
WA3NUF;FN20;23
WA3NZA;EL29;7
WA3OGQ;FM09;37
WA3PTF;FN54;7
WA3PTF;FN65;1
WA3PXX;FM29;3
WA3RGH;FM18;378
WA3RGY;FM29;14
WA3RTC;EM96;2
WA3RWP;FM17;2
WA3SEE;FM19;10
WA3SWA;FM19;192
WA3SWJ;FN41;143
WA3SWJ;EN41;1
WA3THL;FM29;6
WA3TLT;FN00;29
WA3TOY;FM19;3
WA3TVH;FN21;4
WA3UEV;FM28;2
WA3VXJ;EM99;3
WA3WES;DM59;2
WA3WNT;EN90;3
WA3WOM;FN00;130
WA3YVT;FM19;2
WA3YZD;FN11;37
WA3Z;FM07;1
WA3ZHG;FN10;2
WA3ZIC;EL96;1
WA3ZSC;FN01;1
WA4AAV;FM05;1
WA4AFJ;EM28;6
WA4AHB;EM84;1
WA4AMY;EL89;1
WA4BAN;FM06;2
WA4BCS;FM04;10
WA4BRX;FM18;2
WA4BUO;EM94;1
WA4BUO;FM07;1
WA4CAS;EM92;18
WA4CAS;EM82;1
WA4CCS;EM83;3
WA4CEM;EM82;1
WA4CEM;EM93;1
WA4CES;EL87;2
WA4CHJ;FM16;7
WA4CNL;EM93;1
WA4CQG;EM72;5
WA4DEW;EM93;1
WA4DFE;FM07;10
WA4DIL;EM94;1
WA4DYD;EM83;337
WA4EEZ;EL87;968
WA4EEZ;EM47;1
WA4ELK;CN87;533
WA4ELK;BK29;1
WA4ELK;QF30;1
WA4FJB;FM18;1
WA4FJK;FM05;4
WA4FOU;EM73;1
WA4GBT;EM73;2
WA4GK;FM05;115
WA4GLH;EM75;3
WA4HEI;EN65;566
WA4HFN;EM55;7
WA4HMM;EM63;1
WA4HR;EM65;4
WA4HWN;EM71;94
WA4IPU;EL89;852
WA4KBM;FM19;4
WA4KJH;EM85;1
WA4LDU;EM93;16
WA4LLL;EL98;4
WA4LQS;EM95;6
WA4LR;EM71;3
WA4LXU;EM74;154
WA4M;EL87;6
WA4MAE;FM07;1
WA4MB;EL95;8
WA4MIT;EM63;223
WA4NFO;EM75;4
WA4NID;FM06;1
WA4OFW;FM17;4
WA4OSE;FM06;2
WA4PAW;EM96;2
WA4PLL;EM79;12
WA4PT;FM18;1
WA4PTZ;EM65;185
WA4PVI;EM95;3
WA4Q;EM57;27
WA4RDD;EM66;4
WA4RH;EM96;5
WA4RT;EM95;52
WA4RTE;EM91;26
WA4RXK;EM86;501
WA4TED;EM75;10
WA4TED;DM75;1
WA4TMJ;FM16;32
WA4TTK;EM66;1
WA4TUK;EM86;1
WA4USA;EM75;5
WA4VJK;EM66;3
WA4VLC;EM95;14
WA4VMC;EM95;226
WA4VMF;EM73;2
WA4VOC;EM78;1
WA4WGY;FM06;6
WA4WW;EL98;2
WA4WZR;EM76;5
WA4YHA;FM07;1
WA4YJY;EL99;8
WA4ZD;EL96;24
WA4ZXV;EM64;38
WA5AMM;EM84;1
WA5AVK;EM13;9
WA5B;EL09;4
WA5CB;EM03;3
WA5CWP;CM87;4
WA5ESR;EM10;1
WA5FDF;EM34;3
WA5GEO;EM20;31
WA5HDL;EL17;2
WA5HOD;EM40;1
WA5IGM;EM50;2
WA5IWB;EM10;1
WA5JD;EM26;3
WA5JD;EN26;1
WA5MD;EM12;6
WA5NOM;EM05;57
WA5OAR;EM10;1
WA5PFJ;DM82;3
WA5PQL;EM11;2
WA5PWP;EM34;1
WA5REB;EM40;2
WA5RHG;EM34;1
WA5RIP;EM66;12
WA5RS;EL49;1
WA5SQA;EL18;2
WA5TEF;EM54;2
WA5TLY;EL49;4
WA5TRO;EM12;1
WA5TXY;EM12;2
WA5VGI;CM95;1
WA5VXI;EM25;2
WA5VYK;DM81;1
WA5ZKO;EL09;3
WA6CGR;DM03;1
WA6ED;DM13;1
WA6EJW;CM94;2
WA6EZV;EM79;1
WA6FIZ;DM14;11
WA6GBW;CM97;2
WA6GBW;CN85;2
WA6GD;DM04;166
WA6GXQ;FM06;20
WA6HBN;EM12;1
WA6HBR;EM10;1
WA6HGA;DM12;17
WA6HXA;DM04;6
WA6JHD;DM04;6
WA6JQB;DM04;1
WA6LAU;DN28;4
WA6LBY;DM03;1
WA6LIE;CM96;226
WA6LMM;CN82;2
WA6MBL;DM13;3
WA6MNV;CM98;52
WA6MPR;FM18;6
WA6NFA;CN87;20
WA6NQK;DM04;1
WA6OVP;CM88;4
WA6OVP;DM09;3
WA6OWM;DM03;19
WA6PHR;CM94;2
WA6PIC;CM97;1
WA6PMX;CN87;4
WA6POZ;EM70;100
WA6QGH;DM13;1
WA6QGY;CM88;298
WA6RWI;CM88;6
WA6SCW;DM34;2
WA6SXU;DM03;1
WA6TMJ;EN52;4
WA6TPO;DM44;1
WA6UMA;CM98;2
WA6WGS;DM03;4
WA6YLR;DM12;3
WA6YOU;FM18;28
WA7AAA;DM33;1
WA7AG;CN84;1
WA7AMJ;DN40;1
WA7AMS;CN88;1
WA7AN;DM43;1
WA7AW;CN86;1
WA7AW;CN87;1
WA7BKD;DN40;1
WA7BNM;DM04;2558
WA7BRL;CN87;1
WA7CHF;CN88;2
WA7CPA;CN87;1
WA7CPA;CN88;1
WA7CUG;DN08;1
WA7DH;DN18;2
WA7DHQ;DM42;118
WA7DUH;DN06;388
WA7EM;DN70;2
WA7FLY;CN85;5
WA7GYQ;DN71;6
WA7HOI;CN87;1
WA7HQD;DN31;3
WA7HR;CN88;1
WA7IT;DN13;1
WA7JAY;CM99;1
WA7KQS;DM09;1
WA7KSJ;CN96;2
WA7L;CN85;1
WA7LNW;DM37;1224
WA7MLK;DM26;2
WA7PVE;CN87;231
WA7RCT;DN40;56
WA7SMO;CN85;1
WA7TPV;DN17;2
WA7TV;CN98;9
WA7WAM;DN18;1
WA7WWW;DN17;13
WA7YAZ;DN40;81
WA7YEJ;EM48;3
WA7YIG;DN13;277
WA7YZW;DN30;48
WA7ZIT;DN13;1
WA7ZXD;EM54;18
WA8AHZ;FM18;530
WA8AWK;EN82;1
WA8BZC;EL88;2
WA8CAC;FM05;1
WA8CLT;EN80;281
WA8DSP;EM63;2
WA8E;EN82;79
WA8EFK;EN81;2
WA8ERG;EN62;4
WA8ICK;EN82;6
WA8IUS;EM75;1
WA8JBT;EN81;5
WA8JR;EN91;1
WA8KHP;EN90;1
WA8KNE;EM90;23
WA8KPE;EM13;1
WA8KQF;EM79;3
WA8LE;EN65;8
WA8LLY;EM98;3
WA8LNX;EM92;1
WA8LRW;EN91;464
WA8MCD;EN72;7
WA8MCD;EM72;1
WA8MOA;EN72;1
WA8NLX;EM92;5
WA8OJR;EM94;453
WA8P;EM89;42
WA8QYJ;EL96;70
WA8RC;EN72;3
WA8RR;EN80;2
WA8S;EM89;2
WA8TJC;EN80;3
WA8UEG;FN21;1
WA8UET;EN70;9
WA8UET;EL96;3
WA8VDG;EN91;1
WA8YXY;DM26;3
WA8YZB;EN82;260
WA8YZB;DM12;2
WA8ZBT;EM12;119
WA8ZID;DM33;46
WA8ZNC;CN85;353
WA9AFM;EM15;366
WA9ALS;EM79;1
WA9ARE;EM60;8
WA9BD;EM69;50
WA9BZW;EN52;3
WA9CAT;EN62;1
WA9CEK;EN51;3
WA9CGZ;EN61;4
WA9ECJ;EN51;1
WA9EIC;EN60;1
WA9ERT;EM75;1
WA9EVF;EN62;1
WA9FVP;EN61;2
WA9GBC;EM49;1
WA9GON;EN54;69
WA9IVH;EN62;211
WA9JBA;EM10;1
WA9JBR;EM40;269
WA9JOQ;EN52;43
WA9KFO;EN45;1
WA9L;CM87;1
WA9LEY;EN61;3
WA9LHE;EN52;2
WA9LJK;EN53;5
WA9LT;EN41;6
WA9NNN;EN61;3
WA9NUT;EL09;1
WA9PIE;EM13;1
WA9PIE;FN31;1
WA9QXY;FN00;40
WA9RUE;EN63;1
WA9SGD;DM13;3
WA9SUG;EN62;16
WA9TBA;EN42;2
WA9THI;EM69;176
WA9TKE;EM13;1
WA9TT;EN54;1
WA9TTC;FM17;3
WA9V;EN43;1
WA9WTK;FN42;1
WA9WUD;EN61;2
WA9WUD;EM61;1
WA9WYI;EN53;2
WB0AOD;EL99;2
WB0ATS;EL95;3
WB0BZD;CN87;1
WB0CJB;EM65;4
WB0CWJ;FN31;1
WB0DHB;EN36;1
WB0DUG;EM28;171
WB0GAG;EN41;1
WB0HTW;EM48;2
WB0IWG;EN06;151
WB0JIV;EM48;5
WB0LJK;EN42;8
WB0M;EN21;120
WB0MCO;EN41;1
WB0MH;DN70;4
WB0MMC;EM00;2
WB0N;EN34;1413
WB0N;EN35;1
WB0OTE;EN11;223
WB0QWZ;EM37;4
WB0RLJ;EN11;31
WB0RMK;EN34;1
WB0RPF;EM19;1
WB0RUR;EM26;1
WB0RYT;EM27;21
WB0SIO;EN24;36
WB0SMF;EM48;10
WB0SQS;EM48;1
WB0TAX;EM32;62
WB0TEV;EM13;1080
WB0VHB;EN41;1
WB0WAO;EM46;533
WB0YBZ;EM89;1
WB0ZRD;DM79;6
WB0ZRD;DM33;1
WB0ZYU;EM29;3
WB1ABQ;FN44;1
WB1AEL;FN42;1
WB1ASL;FN44;8
WB1BQE;FN42;2
WB1BUZ;FN41;1
WB1BWQ;DM91;1
WB1CAK;FN54;1
WB1DKX;FN33;1
WB1DMK;FN31;10
WB1FLD;FN42;1
WB1GGU;FN42;1
WB2AA;FN30;2321
WB2ALJ;FN20;7
WB2BIN;FN23;33
WB2BWU;FN30;265
WB2CLL;FN20;1
WB2CLL;FN34;1
WB2COY;FN31;3
WB2DHY;FM17;3
WB2ESF;FN32;2
WB2FQL;FN32;1
WB2FVR;EL87;25
WB2FXO;CM94;1
WB2GDD;EN43;4
WB2HJZ;FN20;1
WB2HPI;FN30;2
WB2JEP;DM33;17
WB2JIV;FN31;2
WB2JLR;FN12;1
WB2JNA;FM19;1
WB2KEC;FN30;31
WB2KWC;FN30;1
WB2LPC;FN11;4
WB2MFU;EM12;1
WB2MKX;FN20;16
WB2NFL;FN30;10
WB2NIE;EL88;3
WB2NSO;EM75;3
WB2NVR;FN31;743
WB2PDW;FN28;2
WB2PGE;FM29;1
WB2PJH;FN20;2
WB2PYN;FN30;2
WB2QEF;FM03;1
WB2QJ;EM85;4
WB2REM;EL97;471
WB2RRF;EL96;1
WB2RVE;DN51;1
WB2RVE;DN53;1
WB2SHZ;FN32;3
WB2SNJ;FM29;1
WB2SNN;EL96;2
WB2TQE;EL96;35
WB2TRI;EL98;1
WB2U;FM19;3
WB2UBW;EM66;16
WB2UBW;EM67;12
WB2UFF;FN21;1
WB2UHF;FN20;2
WB2VLM;FN10;1
WB2VUO;FN02;3
WB2WPM;FN02;1
WB2YDS;FN30;8
WB2YJS;EM85;1
WB2YZX;FN20;1
WB2ZDD;EM71;2
WB2ZEX;FN30;1
WB3BDH;DM42;5
WB3DDJ;FN11;2
WB3EGD;FN20;1
WB3EVL;FN20;2
WB3EYB;FN10;2
WB3FBR;FN00;10
WB3FNJ;FN10;9
WB3FYR;FM14;5
WB3GXN;FN01;3
WB3IFD;EN92;1
WB3IGR;FN10;10
WB3IHY;FN20;147
WB3IZF;FN11;1
WB3JIS;FN10;9
WB3JSZ;FN20;6
WB3JUV;FM29;3
WB3KJX;CM97;2
WB3LFG;EM15;3
WB3LGC;FM29;44
WB4AHD;FM17;2
WB4BXW;EM95;4
WB4C;EL98;6
WB4CIW;DM79;15
WB4CTX;EM78;22
WB4DDA;EM60;1
WB4DFW;EM84;247
WB4DFW;FM15;1
WB4DKQ;EM76;4
WB4DOC;EM96;21
WB4EEH;EM12;1
WB4EHG;EL96;1
WB4EJR;FN42;6
WB4EM;EL97;16
WB4EPG;EM86;2
WB4EVH;EM81;87
WB4FWF;FM07;1
WB4GLI;EL87;4
WB4GLJ;EM72;12
WB4HAM;FM04;7
WB4HRL;EM84;1019
WB4HRL;EM94;422
WB4HXE;EM74;15
WB4HZA;DM79;1
WB4IHY;FM05;9
WB4ILW;EM85;2
WB4IWW;EM63;1
WB4JWM;EM83;3
WB4KDI;EM63;1
WB4KSP;EM90;2
WB4KTF;EN74;7
WB4KTF;EM10;1
WB4KZW;EM53;1
WB4LHD;EM55;1
WB4LII;EM95;1
WB4MDX;EM75;21
WB4MFF;EM64;4
WB4MM;EL99;303
WB4MNK;EL99;3
WB4MSG;EM96;419
WB4NFG;EM82;1
WB4NZS;EM87;2
WB4OAH;EM86;10
WB4OBO;EM50;3
WB4OMM;EL99;290
WB4OMM;EN82;1
WB4PWZ;FN20;2
WB4QOC;EM95;8
WB4RA;EM76;6
WB4RQD;EL89;1
WB4TDH;EL87;2
WB4TLJ;EM74;1
WB4UBK;EL99;2
WB4UMR;EM78;1
WB4VAM;DM41;1
WB4VIC;EL96;1
WB4WB;FM05;1
WB4X;FM06;1
WB4YDM;EM84;2
WB4YFK;DM43;1
WB4ZIF;EM74;3
WB5AEE;EM20;8
WB5AEE;EM02;4
WB5BHS;EM35;2113
WB5C;EM48;4
WB5DW;EM30;3
WB5EXI;EL29;9
WB5GVY;EM10;9
WB5GWH;DM64;1
WB5HJV;EM20;1
WB5JID;EM20;1
WB5JJJ;EM35;148
WB5JZP;EM31;1
WB5K;EM13;132
WB5K;EM73;1
WB5KJE;EM13;1
WB5KUO;EM12;52
WB5LJQ;EM32;1
WB5LPB;EM13;1
WB5MLA;EM26;1
WB5N;EL29;3550
WB5N;EM11;1
WB5NFT;EM45;4
WB5NHX;EM62;4
WB5NOE;DN40;264
WB5OJJ;DM81;4
WB5OTR;EM25;2
WB5OZA;EM30;1
WB5PJB;DM79;1
WB5PZH;EM14;1
WB5RNS;EM73;1
WB5SKM;EM53;324
WB5SYT;EM15;1
WB5TKI;EL29;8
WB5TOI;EM11;618
WB5TUF;EL29;2
WB5UDE;EM15;4
WB5UDI;EM20;18
WB5UDI;CN85;1
WB5UFR;EM11;1
WB5VIH;DM92;1
WB5WAJ;EM65;35
WB5WHS;FM35;1
WB5WRC;EM12;1
WB5XX;EM33;51
WB5ZGA;EL98;24
WB6BXP;CM95;2
WB6BZK;EN52;1
WB6CGH;DN32;2
WB6DIK;DM13;6
WB6DJI;DM03;2
WB6FWS;DM12;2
WB6HVW;CM97;181
WB6HYH;DM14;1
WB6I;DM04;7
WB6IPQ;EM64;1
WB6IZG;DM13;1
WB6JHI;CM97;3
WB6JJJ;CN85;472
WB6JLB;DM33;5
WB6KSU;DM12;2
WB6MLI;DM04;1
WB6MPH;DM04;162
WB6MVP;DM26;3
WB6NBU;DM12;1
WB6NGC;DM04;2
WB6ODR;DM34;3
WB6OEE;CN85;102
WB6OSK;DM13;131
WB6PVU;CM87;3
WB6RLC;DM13;19
WB6RSG;DM12;2
WB6SFW;CM97;4
WB6TIS;DN43;1
WB6UNG;DM04;36
WB6UZZ;DM13;6
WB6VIC;DM04;9
WB6WRO;DM06;3
WB6WUW;DM13;10
WB6ZZY;CM98;6
WB7AJP;CN87;32
WB7AKE;CN86;1
WB7AMP;DM81;1
WB7AUS;CN94;4
WB7AZK;DM43;1
WB7BBQ;CN87;4
WB7BNE;EN42;1
WB7CYO;DN22;34
WB7DD;CN84;10
WB7ELY;CN88;1
WB7EUJ;DM45;1
WB7NAM;CN84;5
WB7OKU;EL88;1
WB7QMR;DM42;1
WB7SRC;DM33;5
WB7SWW;FN02;1
WB7TEM;CN85;1
WB7TJI;DN41;41
WB7UBC;CN85;4
WB7ULD;DN40;1
WB7UM;DM33;1
WB7UZO;CN78;9
WB7WGB;CN87;1
WB8AM;EM79;10
WB8ART;EM79;2
WB8ASI;EN63;59
WB8ASI;EN85;1
WB8AXK;EM79;1
WB8BIK;EN52;1
WB8BIL;EN66;1
WB8BPU;FM19;7
WB8BZK;EN52;1363
WB8CBS;EM70;11
WB8CQV;EM98;2
WB8CZH;EL88;265
WB8DNY;EM79;1
WB8EJN;EM48;9
WB8ERJ;EN80;5
WB8FVB;EL28;6
WB8HRL;EM31;1
WB8JAY;EN90;1
WB8JOI;EN81;1
WB8JUI;EN81;1725
WB8LXT;EN91;4
WB8P;EM99;3
WB8PKK;FN42;170
WB8PLB;EN90;2
WB8QZM;EM13;33
WB8RGE;EM79;253
WB8SBI;EN82;8
WB8SCG;FM16;24
WB8SFY;EN82;2
WB8SIG;EN91;3
WB8TDG;EM89;8
WB8TGY;EN72;1
WB8TMP;DM13;1
WB8UBR;EM79;1
WB8UCD;EN80;13
WB8UCD;FN20;1
WB8UFC;EL88;1
WB8UJB;EN84;2
WB8VNH;EM79;2
WB8VZX;EN81;1
WB8YJF;EN80;8
WB8YYY;FM05;1
WB8ZFL;EL29;17
WB8ZHU;EN81;1
WB8ZXU;DM43;1
WB9AUG;EM68;13
WB9AYW;EN51;24
WB9CIF;EM69;1
WB9DEH;EM58;2
WB9EFP;EN53;6
WB9ENB;EN71;2
WB9FLY;EN52;7
WB9HLA;EN70;175
WB9IIV;EM69;1
WB9IWT;EN51;1
WB9JOX;EN61;15
WB9LWO;EM49;2
WB9MSM;EN53;3
WB9MXG;EM82;1
WB9NRK;EN54;2
WB9ONU;EM68;1
WB9OTX;EM79;2
WB9PIO;DM79;1
WB9PNU;EM48;5
WB9RAS;EM58;32
WB9RRT;FN32;3
WB9RRU;FN31;2
WB9RWL;EM73;4
WB9S;DM61;1
WB9TRJ;EN61;2
WB9UVJ;EN62;1
WB9UZB;EN51;4
WB9VGJ;DM34;23
WB9VGO;EN51;5
WB9VJR;EN82;1
WB9YPA;EN61;1
WB9ZNZ;EM69;12
WB9ZPY;EL87;16
WC0D;FM03;1
WC0G;EN16;1
WC0M;EN35;3
WC0N;EN41;1
WC0W;EL99;5
WC0W;EM90;1
WC2F;EM70;842
WC2S;DM04;1
WC2W;FN31;11
WC3A;EL98;3
WC3N;FM19;1
WC3W;DN70;3
WC4E;FN42;302
WC4H;EL89;161
WC4J;FM18;361
WC4R;FM17;74
WC4R/150;FM17;1
WC4T;EM77;5
WC4U;EL89;11
WC5N;EM32;3
WC6L;DM14;1
WC6SAL;CM98;7
WC7F;DN33;10
WC7L;CN85;469
WC8R;FN20;2
WC9C;EN52;1
WC9I;DM32;4
WD0A;EN11;2
WD0AJG;EM16;1
WD0ANB;EN32;9
WD0BGZ;EN00;2
WD0CUF;EM38;1
WD0DMO;EM08;1
WD0DPI;EM35;2
WD0FRY;EM39;4
WD0FYV;FM17;819
WD0FYV;FM23;1
WD0GOL;EN34;1
WD0J;EM28;85
WD0K;EN35;2
WD0OM;EN34;1
WD0T;DN94;97
WD0YFV;FM17;1
WD1CNN/P;DD70;1
WD1V;FN42;6
WD1Z;EM77;18
WD3IT;EN90;2
WD3NA;DM94;13
WD4AH;EL89;43
WD4CNO;EL87;10
WD4CTP;EM74;2
WD4CVK;EM74;24
WD4CVK;EM87;1
WD4DAN;EM80;7
WD4DDA;EM42;9
WD4EEW;EM48;2
WD4EGF;EM60;2
WD4ELG;FM06;2
WD4EUN;EL88;1
WD4EWZ;EL88;1
WD4FJF;EN74;2
WD4GBW;FM17;2064
WD4GBWY;FM17;1
WD4GTY;EM73;1
WD4GZW;EM76;1
WD4HRO;FM18;2
WD4HXG;FM19;9
WD4IPX;EL87;1
WD4IYE;EM78;1
WD4JJI;EL98;2
WD4KAQ;FM17;2
WD4KT;EL98;10
WD4LHT;EL89;2
WD4LRC;EL95;5
WD4LYV;EM81;223
WD4LYVA;EM81;1
WD4MSM;EN61;1
WD4MTK;FM14;4
WD4NC;FM05;4
WD4OBP;FM16;16
WD4OHM;EL98;1
WD4OIN;FM14;3
WD4ORM;EL98;3
WD4RCG;EM50;1
WD4SFR;EM90;1
WD4T;EM75;4
WD4T;EM74;1
WD4XE;EM65;1
WD5BFH;EM26;9
WD5BFH;EL98;1
WD5BJT;EM50;6
WD5CVN;EM40;6
WD5DHK;EM12;2
WD5EED;EM44;9
WD5ENH;EM00;1
WD5G;EM15;184
WD5GIE;DM13;4
WD5GNX;EM74;1
WD5GRW;EM13;2
WD5HJF;EM23;3
WD5HNI;EM10;3
WD5IQR;EM10;3
WD5JIU;EM12;104
WD6B;DM12;1
WD6BNY;EN52;236
WD6DKW;CM97;2
WD6FIE;DM13;3
WD6OEE;CN85;1
WD6T;CM87;828
WD7R;DM33;16
WD8AJD;EM79;3
WD8ANZ;EN80;2
WD8BWF;EN63;1
WD8CZG;EM89;6
WD8DAU;EN90;1
WD8EBS;EM95;3
WD8EOL;EM79;3
WD8JP;EN91;13
WD8KPZ;DM43;3
WD8LET;EM89;1
WD8OAJ;EN91;1
WD8OQS;EM79;12
WD8QCN;FM18;1
WD8RLJ;EM88;4
WD8S;EN82;2
WD8SCV;EM89;2
WD8TA;EM89;2
WD8VN;EN92;1
WD9AZB;DM42;1
WD9DZV;EN61;3
WD9EKA;EM69;2
WD9FTZ;EN91;126
WD9GVY;EN61;3
WD9GYM;EN52;40
WD9GYM;EN62;3
WD9HDM;EN62;2
WD9HSY;EN61;157
WD9HTI;EM76;9
WD9INA/P;EN54;1
WD9IQN;EM58;13
WD9JEN;EN62;4
WE0D;EL99;3
WE0D;EL89;1
WE1H;FN42;1
WE1S;EL99;1
WE2DX;FN20;5
WE2LEW;FN13;2
WE2M;CN97;2
WE2N;EL97;4
WE2S;EM95;180
WE3J;EM97;4
WE3U;FN11;3
WE3U;FN10;1
WE4BAD;EM95;2
WE4CB;EM78;6
WE4CB;EM87;1
WE4SEL;EM54;2
WE5D;EM20;1
WE5E;EM76;1
WE5E;EM85;1
WE5P;EL29;1
WE6EZ;EM10;216
WE6Z;CM98;684
WE7G;DM35;253
WE7G;DM25;1
WE7U;CN87;5
WE8L;EM79;1
WE8R;EM79;162
WE8R;EL99;34
WE9G;EM75;46
WE9G/KH8;AH45;6
WE9N;EM12;671
WE9N;EN44;1
WE9R;EN63;6
WE9V;EN52;3
WF0G;EM26;2
WF0GM;DM79;1
WF1H;FN31;1
WF1T;FN43;9
WF2S;FN03;32
WF3H;EL09;3
WF3J;FN10;4
WF3P;FN20;3
WF4RC;EM65;1
WF4V;FM18;1
WF4W;EM74;10
WF5K;EM40;3
WF5TWT;EM01;6
WF6F;DM13;94
WF6O;DM09;1
WF7B;FM16;2
WF7RDC;DM79;1
WF8C;EN82;132
WF8C;FM19;1
WF8D;EN82;140
WF8D;EL96;2
WF8E;EM73;1
WF8R;CM97;1
WG0Y;EL88;9
WG1C;EL09;1
WG4P;EM73;28
WG5D;EM74;1
WG5EEK;EM26;7
WG5ENE;DM65;4
WG5F;EM26;3
WG5N;DM42;2
WG5N;DM43;1
WG7Z;CN87;3
WG8X;EN90;4
WG8Y;EM95;1
WG9L;EN51;17
WH6CLZ;BL11;1
WH6CMO;BL01;10
WH6CMO;BL11;2
WH6CPU;BL11;1
WH6EBS;BK29;4
WH6EY;BL02;1475
WH6FAM;BL10;65
WH6FJR;BL11;5
WH6FXL;BL11;2
WH6FXV;BL10;2
WH6FZY;BL02;3
WH6GNK;BK29;3
WH6GPZ;BL11;4
WH6GUN;BK29;1
WH6GVN;BL10;4
WH6HI;BL01;17
WH6MAT;BL10;2
WH6S;BL01;35
WH6VL;EM20;3
WH6VL;EL29;1
WH6ZT;BL11;11
WH7HX;FM19;1
WI0M;EM48;5
WI0O;EN35;3
WI0V;DN82;6
WI2A;FN02;37
WI2X;EL96;1
WI4B;EM77;3
WI4B;EM67;1
WI4EE;FM18;6
WI4MPY;EM77;586
WI4R;EM79;45
WI4R;EM74;1
WI6K;DM14;2
WI7N;CN85;100
WI7P;DN40;42
WI8G;EM79;3
WI8L;EN74;1
WI8PQL;JL88;1
WI8V;EN70;2
WI9ANG;EN43;1
WI9HRO;EN63;2
WI9I;EM59;1
WI9SSR;EN53;2
WI9WI;EN45;520
WI9WI;EN53;4
WI9WI;EM45;1
WJ0B;EM17;2
WJ0L;EN25;4
WJ0M;EN44;1
WJ0NEH/R;AK26;1
WJ0T;FM18;11
WJ1S;FN32;2
WJ2D;EM85;178
WJ2N;EL86;1
WJ2R;FN20;4
WJ3U;FM29;30
WJ4HCP;EM75;2
WJ4T;EM67;3
WJ5X;EL29;1
WJ7F;CM97;2
WJ8L;EM99;1
WK1O;FN42;3
WK2M;FN31;18
WK3E;FN20;2
WK3N;EN91;3
WK3U;EL89;2
WK3U;FM18;2
WK4A;FM05;1
WK4VZI;CB31;1
WK5I;EM10;1
WK6I;CM98;92
WK7B;DM33;1
WK7W;DN40;1
WK9M;EM75;1
WK9U;EN65;7
WL4DX;BP51;6
WL4ES;BP41;2
WL7CG;BP61;7
WL7E;BP40;8
WL7LP;BP64;1
WL7SJ;BP40;24
WM0L;EN02;4
WM1E;FM19;282
WM1G;FN42;3
WM2V;DM42;4
WM2W;EM76;4
WM2Z;FM05;175
WM4P;EL88;14
WM4RT;EM93;1
WM5B;EM64;1
WM5H;EM32;207
WM5H;EM19;1
WM5L;DM91;2
WM6Q;DM13;12
WM6T;DM14;1
WM6Y;DM13;27
WM6Y;CM88;2
WM6Y/P;CM88;7
WM6Y/P;DM13;3
WM6Y/P;DM04;1
WM7I;DM33;5
WM7I;FM17;1
WM7KNQ/R;AF54;1
WM7P;DN43;2
WM8Q;DN61;9
WM8W;EN80;2
WM9K;EN70;1
WN0KS;EM19;6
WN1U;EL96;1
WN1Z;CN90;1
WN2T;FM29;1
WN3DX;FN10;1
WN3EFR;DM43;1
WN4AFP;EM84;7
WN4N;EM80;2
WN4VCH;EL09;2
WN5TL;EL09;2
WN6JRZ;CM95;26
WN6JRZ;CM97;1
WN6KHG;EN65;5
WN6W;CN85;3
WN7J;EN51;1
WN7Y;DN55;4
WN7Y;DM65;2
WN8J;EN82;2
WN8Q;EN75;1
WN9K;EM78;2
WN9M;EN55;1
WO0VX;DN98;1
WO0X;EN16;353
WO1FEE;FM05;1
WO1K;EM78;1
WO1K;EM79;1
WO1R;FN31;1
WO1VEN;EM73;61
WO1Z;DM60;1
WO2E;FN21;24
WO2N;FN30;1
WO2T;FN20;19
WO2X;FN20;522
WO2Y;FN20;289
WO3B;DM26;309
WO3H;EN91;8
WO3T;FN00;9
WO4D;EL98;6
WO4O;EL98;472
WO4SFA;FM05;1
WO5E;EM15;4
WO6C;DM14;1
WO7C;DM33;3
WO7I;DN10;5
WO7R;DM32;309
WO7U;EM29;63
WO7V;CN92;9
WO8J;CN87;3
WO8L;EM96;5
WO8USA;EM79;21
WO9B;EN52;13
WO9U;EN52;1
WO9USA;EM79;1
WP3C;FK68;483
WP3KW;FK67;3
WP3MM;FK68;2
WP3NW;FK78;15
WP3PZ;FK68;1
WP3R;FK68;14
WP3UX;FK68;3
WP44LFS;FK68;1
WP4BRI;FK68;72
WP4EJH;FK78;1
WP4G;FK68;22
WP4G;RR73;1
WP4IRV;FK67;4
WP4J;FK67;2
WP4JCF;FK68;2
WP4JLZ;FK78;5
WP4JMM;FK78;1
WP4JMN;FK68;2
WP4KMB;FK58;1
WP4LBK;EL89;4
WP4LFS;FK68;27
WP4LG;FK68;7
WP4LQR;EM12;9
WP4MXM;FK68;11
WP4NYR;FK68;2
WP4PRD;FK68;1
WP4PUX;FK68;1
WP4PXR;FK78;1
WP4QIB;FK68;6
WP4QIZ;FK68;3
WP4QWH;FK68;5
WP4RBS;FK78;3
WP4RF;FK68;236
WP4RRF;FK68;3
WP4RSQ;FK67;1
WP4SKI;FK68;5
WP4SZA;FK68;1
WP4V;FK68;5
WP4YR;FK68;1
WQ0A;EM29;1
WQ1C;EM11;3
WQ1E;DM43;2
WQ1I;FN32;1
WQ1X;EM66;1
WQ1X;EN63;1
WQ3EKL;FM19;1
WQ3SSR/P;JE86;1
WQ3U;CN85;2
WQ3X;FN20;18
WQ4F;EL98;1
WQ4S;EL89;5
WQ5C;EL09;138
WQ5L;EM50;1857
WQ5O;EN53;1
WQ5R;EM24;2
WQ5T;EM26;1
WQ6B;DM13;1
WQ6L;CM97;2
WQ6L;CM87;1
WQ6Q;CM87;169
WQ7A;CN86;2
WQ7F;FM19;3
WQ9F;EN61;412
WQ9F;AI58;1
WQ9T;EN40;1
WR0E;EL88;5
WR0H;EM47;617
WR2E;FN20;1
WR3A;EM99;8
WR3G;BP81;1
WR4F;EM77;19
WR4K;EM73;7
WR5AY;EM12;2
WR6N;EL88;1
WR7AY;DN74;2
WR7F;CN87;1
WR7FT;DN34;1
WR7K;DN07;1
WR7X;DN14;3
WR8RW;EM85;2
WR9K;EN61;3
WS1O;FN41;1
WS2E;FN21;24
WS3M;FN11;1
WS3V;EM84;72
WS4A;EL87;5
WS4AM;EL89;1
WS4ASE;FM08;2
WS4C;EM84;2
WS4JM;EM75;2
WS4S;EM76;15
WS4WW;FM17;294
WS5D;DM84;2
WS5E;EM12;1
WS5GPA;EM13;6
WS5L;EM13;1
WS5W;EM13;1
WS6K;EM79;1153
WS7I;DN17;14
WS7M;DN70;107
WS7R;DM25;4
WS7V;DN06;309
WS8N;EN80;5
WS8N;EN74;1
WS9V;EM59;6
WT0DX;DM79;3135
WT0DX;QM08;1
WT1A;FN44;4
WT2J;FN30;82
WT2O;EM64;5
WT2P;EN51;320
WT2P;EN55;4
WT3K;FM19;1376
WT3K;FN19;1
WT4C;EM84;11
WT4N;EM44;1
WT4R;EM85;114
WT4W;EM74;6
WT4W;EL87;1
WT4Y;EL98;3
WT5K;EM66;1
WT6K;CM97;297
WT7TT;DM79;67
WT8E;EM89;7
WT8V;EM98;1199
WT8V;EM19;1
WT9P;EN51;3
WT9Q;EN53;2
WU0O;EM48;405
WU1ITU;FN64;5
WU2B;FN20;1
WU3N;FN20;29
WU3U;FN00;181
WU4H;EM74;1
WU4I;EL95;1
WU5E;EM66;1
WU5Q;EM55;1
WU6P;CM87;441
WU6W;DM09;564
WU6W;EM09;1
WU6X;CM98;3
WU7W;DM09;21
WU7X;DN17;17
WU8C;EN82;15
WU8C;EL96;1
WU8C;EM63;1
WU8D;EM84;11
WU8T;CN85;584
WU8W;DM09;1
WU9B;DM43;456
WU9D;EN61;803
WU9D;JO31;1
WU9Q;EN41;1
WV0Q;DN70;6
WV0T;CN76;3
WV2B;CN87;1
WV2NY;FN02;4
WV3L;FN20;1
WV3V;DM26;1
WV4AS;BP41;1
WV4F;EM72;6
WV4F;FM18;1
WV4O;EM56;62
WV4P;EM55;3062
WV4P;EM65;1
WV4TN;EM85;1
WV4V;EL88;3
WV5A;FM17;10
WV5JAW;EM50;190
WV5JAW;QF21;1
WV5Y;EL29;278
WV6E;CM87;3
WV7MS;EM99;38
WV7S;CN87;1
WV7T;DM78;7
WV8A;EN82;5
WV8AE;EM98;4
WV8DL;EM98;2
WV8DOH;EM99;1
WV8DX;EM99;10
WV8ET;EM98;23
WV8PC;FM29;1
WV8Y;EM98;2
WV9L;EM59;3
WW0AL;EN00;2
WW1I;FN33;6
WW1L;FN54;1
WW1WW;FN43;1
WW1XX;FN42;6
WW2AVG;DM78;1
WW2AVG;DN70;1
WW2BSA;FN20;36
WW2E;EN91;1
WW2G;FN32;13
WW2WP;EN51;6
WW3A;EL99;32
WW3JW;FN00;2
WW3K;EM12;6
WW3TRG;FN20;2
WW4DD;EM94;3
WW4DM;EL98;46
WW4LL;FN67;743
WW4LL;EM73;567
WW4LL;EM71;1
WW4LL;FM73;1
WW4WWW;EM73;1
WW5BL;EM26;2
WW5G;EM31;2
WW5JD;EM02;1
WW5M;EM55;2
WW5RED;EM26;1
WW5XX;EL09;5
WW6G;CM97;92
WW6L;CM98;1
WW6P;DM04;2
WW6Q;EN71;4
WW6RC;CM88;5
WW6W;DN96;3
WW6W;DN86;1
WW7B;DM33;35
WW7OO;EM20;1
WW7Q;CN88;6
WW7S;DM43;1
WW8L;DN70;7
WW8O;EM88;29
WW8RT;EM88;28
WW9GS;EM69;2
WW9S;EN62;3
WW9ZZZ;EN61;1
WX0B;EM12;1
WX0E;EM37;6
WX0V;EN35;31
WX0Z;EN35;1
WX1C;FN42;1
WX1TOR;FN42;1
WX1USN;FN42;24
WX1W;FN31;4
WX2DX;FN00;2
WX2H;FN20;3
WX2U;FN32;6
WX3K;FN20;1
WX4D;FM19;6
WX4DTS;EM75;2
WX4G;EL87;101
WX4JEL;EM84;6
WX4TIM;FM06;2
WX4W;EM78;227
WX5KW;EM25;3
WX6V;CM98;1274
WX7MB;EM84;11
WX8L;EN82;1
WX8W;EN80;7
WX9C;EN60;1
WX9EM;EM59;2
WX9WX;EM57;75
WXWX;EM57;71
WY0R;DM77;1
WY0V;EN12;101
WY1G;FN32;175
WY1P;FN44;8
WY2K;CN87;1
WY3A;FM29;1808
WY4I;EL95;12
WY4LD;EM78;1
WY5I;EL97;1
WY5J;EM45;1
WY6H;CM95;1
WY6J;CM96;1
WY6K;EM12;21
WY6K;EM13;1
WY6R;DM14;131
WY7GUS;DN44;2
WY7JMS;DN71;3
WY7M;DN64;80
WY7MM;DN71;41
WY7N;DN30;1
WY7W;CN88;5
WY7W;CN87;1
WY8F;EN91;9
WZ0L;EN35;1
WZ0X;EN26;1
WZ2T;FN24;62
WZ3LAM;FM19;1
WZ4CH;EM64;2
WZ4JCM;EL95;4
WZ4K;FM17;2
WZ5A;EM40;2
WZ6P;DM04;17
WZ6P;EM37;3
WZ6P;FN42;1
WZ6T;CM88;5
WZ7X;EL29;2
WZ8AA;KO70;75
WZ8AA;DM12;34
WZ8DX;EM79;6
WZ8Q;EN71;1
WZ8T;CN85;5
WZ9B;EM58;1
WZ9Q;EN52;4
WZ9Y;EN64;1
X0CNU;PI59;1
X21VLU;JN58;1
X44YHS;QM34;1
XB7QGR;OD63;1
XE1/PY1UNU;EK09;2
XE1ACA;EK09;3
XE1AE;EK08;4
XE1AHP;EL00;6
XE1AO;DK89;2
XE1AOY;DK89;1
XE1AQY;DK89;15
XE1ASC;DL90;2
XE1AY;DK79;2
XE1BLA;EK09;1
XE1CKJ;DL91;1
XE1CL;DL90;523
XE1CL;EK09;1
XE1DNA;EL00;1
XE1DZ;EK19;4
XE1EE;DL90;92
XE1ELI;EK09;2
XE1FAS;EK09;1
XE1FJM;EK09;955
XE1FVS;EK09;2
XE1FXM;DL80;1
XE1GGC;DK89;12
XE1GGC;DL11;1
XE1GLL;DL80;12
XE1GZU;DL80;308
XE1GZU;DL91;1
XE1H;DL80;790
XE1HG;DL80;224
XE1HON;DL80;3
XE1HYV;DL80;28
XE1IM;DK89;21
XE1J;DK89;1
XE1JJTH;EK09;1
XE1JP;EK09;3
XE1MEX;EK08;5
XE1NK;EK09;4
XE1PM;EK09;8
XE1QJ;EK28;1
XE1R;EK09;3
XE1RBV;EK08;2
XE1RK;EK09;33
XE1SRV;EK09;2
XE1SVT;EK08;1
XE1VY;DK99;6
XE1XL;EK09;1
XE1YD;EK09;44
XE1YL;EK09;1205
XE1YL;EK10;1
XE1YO;DL90;9
XE2AFL;DL95;1
XE2AU;DL81;183
XE2BCS;DL44;2
XE2BHL;DM12;3
XE2BY;DM12;8
XE2CQ;DM12;1
XE2DDA;DM12;4
XE2EJ;DL44;2
XE2EX;DM11;22
XE2FGC;DL92;22
XE2GRM;DM11;9
XE2IF;DL52;1
XE2J;DL96;10
XE2JS;DL68;16
XE2JT;DL64;78
XE2JX;DL96;13
XE2KJ;DL95;8
XE2KK;DL96;44
XE2MDH;DL74;7
XE2ML;DL74;27
XE2MSA;EL01;182
XE2MVS;DL73;3
XE2MWY;DL95;1
XE2N;DL95;1
XE2NK;DL95;5
XE2NNS;DL95;344
XE2NNS;EM66;1
XE2OCM;DL95;15
XE2OK;DL95;345
XE2OR;DL98;1
XE2PXN;DL64;468
XE2Q;DL49;20
XE2RCS;DL95;151
XE2SAG;DM12;1
XE2SI;DM12;11
XE2SSB;DL97;5
XE2T;DM41;224
XE2UF;DM22;2
XE2V;DL95;3
XE2VE;DL82;5
XE2W;DL95;2
XE2X;EL06;15
XE2YWB;DL82;86
XE2YWH;DL92;2
XE3A;EL51;1
XE3AA;EK49;2
XE3BGM;EK48;10
XE3E;EK37;9
XE3I;EL61;2
XE3ISS;EL61;1
XE3KLF;DK97;3
XE3KLF;EL51;2
XE3RLU;EK37;2
XF1LRU;PQ72;1
XH0IZM;HB96;1
XK2VTF/R;MK45;1
XM3CFF;MO01;1
XM3HQU/P;PK54;1
XP3A;GP44;30
XP3HVA/R;EN30;1
XP4ENN;QC75;1
XQ1CY;FG46;525
XQ1KN;FG46;463
XQ1KZ;FG46;3
XQ3EO;FF46;2
XQ3MCC;FF46;10
XQ3QY;FF46;1
XQ3SK;FF46;880
XQ3SK;FF45;1
XQ4NUA;FF45;3
XQ5HGD;FF33;299
XQ5OS;FF32;1
XR3A;FF46;1163
XR3R;FF46;1
XS2XQA;AF54;1
XU7AKJ;OK21;2
XV1X;OK33;162
XV1X;OL21;1
XV2A;OK30;1
XV2M;OK30;3
XV2PS;OK30;1
XV9B;OK46;10
XV9BPO;OK30;453
XV9IWX;OL21;1
XV9NI;OL21;1
XV9NPS;OL21;2
XV9T;OK33;2
XW0LP;OK19;2
XW0LP;OJ19;1
XW4KV;OK18;3
XW4YY;OK18;5
XW5SI;OK17;1
XX9ET;OL62;2
XY8VNM;JK80;1
XZ8JDG/P;LG77;1
Y06IRA/R;QP88;1
Y06KQO/R;IC31;1
Y13XXQ;KB88;1
Y35VTP/R;OF92;1
Y3LX;GG40;1
Y98ZUE;HK34;1
YA3A;JN95;1
YB0AFE;OI31;1
YB0ANN;OI33;59
YB0BAC;OI33;452
YB0BAJ;OI33;1
YB0BBJ;OI33;73
YB0BEL;OI33;1
YB0BTJ;OI33;2
YB0DOS;OI33;300
YB0DRV;OI33;1
YB0DRV/8;PJ21;144
YB0EIN;OI33;7
YB0ET;OI33;124
YB0FNE;OI33;4
YB0GIN;OI33;1
YB0GOF;OI33;250
YB0ISE;OI33;774
YB0ISE;IO33;1
YB0JVZ;OI33;7
YB0KTT;OI33;2
YB0KXO;OI33;116
YB0KXO;OI42;1
YB0MWM;OI33;2
YB0MWM;OI42;1
YB0MZI;OI33;12
YB0NAN;OI33;93
YB0NDB;OI33;2
YB0NSI;OI33;66
YB0PTR;OI33;327
YB0RFS;OI33;144
YB0SAS;OI33;837
YB0SAS;OL33;1
YB0SCV;OI33;311
YB0SCZ;OI33;1
YB0WYN;OI33;8
YB0XTU;OI33;1651
YB0XTU;OI42;1
YB1/AG5XQ;OI33;2
YB1ABY;OI33;196
YB1ALL;OI42;1
YB1AM;OI33;842
YB1APD;OI43;2084
YB1APR;OI42;1
YB1AQH;OI33;4
YB1AR;OI42;1
YB1AYO;OI33;699
YB1AYO;JN55;1
YB1BA;OI33;898
YB1BA;IN89;1
YB1BAX;OI33;1
YB1BBD;OI33;141
YB1BC;OI33;3
YB1BD;OI33;3
YB1BGO;OI33;2
YB1BJV;OI33;295
YB1BMI;OI33;405
YB1BML;OI33;2413
YB1BML;IN89;1
YB1BML;IO33;1
YB1BML;OI42;1
YB1BML/1;OI33;1
YB1BSE;OI33;1
YB1BUL;OI33;1
YB1BX;OI33;2
YB1BZV;OI33;952
YB1CIR;OI33;4
YB1CKK;OI33;1
YB1COA;OI33;36
YB1COY;OI33;1
YB1CQU;OI33;373
YB1CQU;OI88;2
YB1CUZ;OI32;3
YB1CWO;OI33;18
YB1CYO;OI33;686
YB1CZZ;OI33;2
YB1DBU;OI33;356
YB1DCW;OI33;449
YB1DDC;OI33;11
YB1DDI;OI33;2
YB1DDI;OI71;1
YB1DFE;OI33;32
YB1DFF;OI33;219
YB1DGG;OI33;73
YB1DGL;OI33;216
YB1DJO;OI33;86
YB1DJO;IO33;1
YB1DMK;OI42;441
YB1DUU;OI43;583
YB1EFR;OI33;2
YB1EME;OI33;23
YB1EQI;OI32;159
YB1ETT;OI33;152
YB1FAAV;OI33;1
YB1FAV;OI33;344
YB1FFD;OI33;92
YB1FLP;OI33;4
YB1GIP;OI33;234
YB1GJL;OI33;1
YB1GRZ;OI33;242
YB1GUE;OI33;29
YB1HDR;OI33;329
YB1HK;OI33;2
YB1HR;OI33;3114
YB1HR;IO33;1
YB1IHL;OI33;123
YB1IM;OI33;106
YB1IOU;OI33;217
YB1IQE;OI42;380
YB1IQE;OI43;1
YB1IQE;OI52;1
YB1IQE;QI42;1
YB1IUQ;OI33;1000
YB1JC;OI33;5
YB1JGI;OI33;279
YB1JQC;OI33;251
YB1JUS;OI33;98
YB1KK;OI43;2
YB1KK;OI42;1
YB1KQV;OI42;204
YB1KS;OI33;5
YB1LBW;OI33;1
YB1LCD;OI42;1209
YB1LRG;OI33;405
YB1MA;OI33;8
YB1MAE;OI43;1241
YB1MBA;OI33;221
YB1MBV;OI33;179
YB1MIG;OI32;1872
YB1MIG;JN39;1
YB1MIT;OI33;30
YB1MRF;OI43;3
YB1MTIG;OI32;1
YB1MW;OI33;1289
YB1NIN;OI33;735
YB1NWE;PI06;3
YB1NXR;OI42;23
YB1PEF;OI33;417
YB1PEF;IO33;1
YB1PT;OI33;3
YB1PT;OI42;1
YB1RD;OI33;4
YB1REL;OI33;1
YB1RKT;OI33;262
YB1RQX;OI33;4
YB1RUS;OI33;106
YB1RUS;PM95;1
YB1RYJ;OI33;28
YB1RYX;OI33;101
YB1SBG;OI34;2
YB1SKR;OI33;194
YB1TDL;OI33;1
YB1TM;OI33;1
YB1TQL;OI33;261
YB1TS;OI33;89
YB1UK;OI33;105
YB1WBR;OI33;3
YB1WCK;OI33;2
YB1WZA;OI33;1
YB1XST;OI33;1
YB1YCI;OI33;202
YB1YCT;OI33;44
YB2AJ;OI52;3
YB2AYA;OI43;2
YB2BAJ;OI52;1
YB2BGU;OI53;78
YB2BHX;OI53;49
YB2BNN;OI52;497
YB2BOB;OI52;6
YB2BZ;OI42;3
YB2CAA;OI42;624
YB2CAA;OI44;1
YB2CAR;OI52;13
YB2CBD;OI53;8
YB2CLC;OI43;234
YB2CNF;OI42;2
YB2CPO;OI52;1618
YB2CPO;JN36;1
YB2CTE;OI53;930
YB2CTE;OI75;1
YB2CXZ;OI52;1
YB2CZV;OI42;333
YB2DX;OI52;3
YB2ECG;OI52;419
YB2ERL;OI53;64
YB2FRI;OI53;1
YB2GBS;OI53;902
YB2HAF;OI52;1532
YB2HKB;OI43;82
YB2HND;OI52;561
YB2HPG;OI52;2
YB2IQ;OI52;488
YB2IQ;OI32;1
YB2JDC;OI42;32
YB2JPI;OI52;179
YB2JPI;OM78;1
YB2KK;OI52;2
YB2LGF;OI42;1
YB2LGF;OI43;1
YB2LIW;OI53;902
YB2MBO;OI52;30
YB2MBY;OI43;82
YB2MM;OI43;2604
YB2MM;IN89;1
YB2MM;IO43;1
YB2MM;OI52;1
YB2MM;OL43;1
YB2OPT;OI43;16
YB2OXB;OI53;1
YB2PSU;OI42;1
YB2RT;OI53;86
YB2SF;OI52;6
YB2SLF;OI52;1252
YB2SLF;DL05;1
YB2SLF;IO52;1
YB2SLF;OC21;1
YB2SLF;OI20;1
YB2SLF;OI42;1
YB2SLF;OI55;1
YB2SLF;OI62;1
YB2SLF;OI77;1
YB2SLF;OL52;1
YB2SPP;OI42;175
YB2TDP;OI53;377
YB2TS;OI52;318
YB2TTM;OI53;550
YB2VMC;OI42;1
YB2VYY;OI52;1116
YB2WA;OI52;51
YB2WA;OI43;1
YB2YK;OI52;1
YB3BBF;OI72;8
YB3BBF;OI42;1
YB3BFX;OI42;1
YB3BGM;OI61;437
YB3BLJ;OI62;1065
YB3BME;OI62;324
YB3BMX;OI62;298
YB3BND;OI62;1
YB3CCI;OI52;1
YB3COY;OI62;409
YB3CUG;OI62;223
YB3CUU;OI71;280
YB3CUU;OF78;1
YB3EDD;OI62;8
YB3EF;OI62;355
YB3ETY;OI51;200
YB3ETY;OF78;1
YB3FTD;OI62;22
YB3GEM;OI62;185
YB3GFN;OI52;299
YB3GLL;OI52;238
YB3HQM;OI51;311
YB3LZ;OI61;1
YB3RPS;OI62;3
YB3RYX;OI62;331
YB3SLY;OI52;2
YB3STI;OI52;171
YB3TLP;OI62;211
YB4AFL;OI18;1
YB4AS;OI18;251
YB4BM;OI18;119
YB4BYA;OI18;1
YB4CHP;OI18;3
YB4DCE;OI18;849
YB4DCE;OI16;1
YB4DCE;OI33;1
YB4DCE;PI06;1
YB4ECU;OI19;1268
YB4FIK;OI27;148
YB4GA;OI27;7
YB4HIB;OI26;2
YB4HKR;OI16;1
YB4HPI;OI16;111
YB4HQ;OI16;3
YB4HVS;OI27;1
YB4IR;OI27;4
YB4JTB;OI27;2
YB4JTB;OI26;1
YB4KAR;OI25;3371
YB4KAR;OI50;1
YB4KER;OI27;3
YB4KRZ;OI27;1561
YB4KTT;OI27;1
YB4LYD;OI25;6
YB4MGA;OI16;70
YB4NY;OI16;889
YB4PE;OI16;32
YB4PSB;OI16;130
YB4SNK;OI24;653
YB4TM;OI24;375
YB4VN;OI24;2
YB5BBN;OI08;6
YB5BOY;OI09;2
YB5CF;OI09;2
YB5DE;NJ84;1
YB5FIR;OI08;1
YB5HTU;OI08;8
YB5MB;OI09;8
YB5NDR;OJ01;1
YB5NFF;OL19;1
YB5NHD;OJ00;335
YB5OZ;OJ00;1
YB5QZ;OJ00;838
YB5QZ;JO00;1
YB5WIR;OJ00;5
YB6DE;NJ84;624
YB6EN;NJ84;417
YB6HAI;NJ93;2139
YB6HAI;NJ94;1
YB6HAI;OI32;1
YB6HAI;OI42;1
YB6IUP;NJ93;492
YB6IUP;PI06;1
YB6MIX;NJ93;2
YB6NE;NJ93;4
YB6RMT;NJ81;802
YB6UAF;NJ93;64
YB6UAF;NH93;43
YB6UAK;NJ93;569
YB6VK;NJ93;1
YB7BNN;OI49;100
YB7CCP;OI49;4
YB7CJB;OI49;3
YB7CV;OI49;5
YB7FAI;OI49;205
YB7FII;OI49;1
YB7GRN;OI49;773
YB7HE;OI77;402
YB7HE;OI33;1
YB7HE;PP30;1
YB7HIJ;OI77;476
YB7HMB;OI77;314
YB7IBR;OI77;1
YB7KAR;OI25;1
YB7KE;OI76;212
YB7KTB;OI86;1
YB7LTE;OI76;14
YB7LXI;OI76;626
YB7MP;OI77;1
YB7MP/P;OI77;1
YB7MP/P;PI06;1
YB7MRK;OI76;3
YB7MYS;OI77;1168
YB7NUS;OI76;257
YB7OHB;OI67;259
YB7OHB;OL67;1
YB7OO;OI67;727
YB7OO;OI33;1
YB7OO;OJ00;1
YB7SKM;OI67;386
YB7SKM;OI42;1
YB7SQX;OI57;32
YB7UB;OI88;111
YB7UFI;OI88;178
YB7UTO;OI88;1
YB7WBC;OI88;665
YB7WBC;IO88;1
YB7WR;OI89;2
YB7WW;OI42;1
YB7XMR;OJ80;552
YB7XN;OI88;146
YB7XYO;OI88;219
YB7YDB;OI88;169
YB7YGR;OI88;154
YB8ADX;OI94;60
YB8AK;OI94;3
YB8APP;PI04;192
YB8BCP;PJ21;1
YB8BEE;OI94;3
YB8CKM;OI96;1
YB8CMT;OI94;219
YB8CP;OI95;1
YB8CS;PI04;52
YB8DUL;OI94;139
YB8EXL;OI42;1
YB8JEC;PI14;460
YB8LDK;PI14;1
YB8MIG;OI94;1
YB8MII;PI19;139
YB8MII;JM15;1
YB8MJG;OI94;1696
YB8NSL;OI94;1
YB8PVU;PI09;783
YB8QF;PJ21;413
YB8RAG;PJ21;3
YB8RAY;PJ20;5
YB8ROP;PJ23;149
YB8ROP;OI42;1
YB8RQQ;PJ21;1
YB8RRN;PJ21;5
YB8RS;PJ21;9
YB8RSE;PJ21;4
YB8RSG;PJ21;4
YB8RVI;PJ21;7
YB8RW;PJ21;466
YB8SB/7;OI49;1
YB8SCP;PJ21;1152
YB8SFE;PJ21;301
YB8TDK;PJ20;7
YB8TK;PJ21;306
YB8UTI;PJ34;105
YB8UTI;OI42;1
YB8VK;PI46;1
YB8VRA;PI46;1
YB8XM;OI42;1
YB8XOB;PI46;304
YB9AOS;OI71;311
YB9AY;OI71;1
YB9BAC;OI71;2
YB9BCO;OI71;1
YB9BCS;OI71;34
YB9BCS;PI06;1
YB9BEN;OI71;1
YB9BFQ;OI71;2
YB9BJM;OI71;1
YB9BUD;OI71;8
YB9ELS;OI71;616
YB9FAO;OI71;83
YB9FAO;IO71;1
YB9GB;OI81;1
YB9GDP;OI81;420
YB9GV;OI81;854
YB9GWR;OI91;264
YB9IPJ;OI81;28
YB9IPY;OI91;343
YB9JAU;OI81;1
YB9JEG;OI81;4
YB9JIP;OI81;76
YB9LCM;PH19;2
YB9MJA;PH19;189
YB9MJA;IN89;1
YB9MX;PH19;198
YB9QP;OI42;1
YB9RHM;PI59;1
YB9RHX;PI59;10
YB9RIE;PI79;3
YB9RIE;OI33;1
YB9RPF;PI58;43
YB9UA;QI07;2918
YB9UA;OI32;2
YB9UA;OI00;1
YB9UA;OI71;1
YB9UA;QI47;1
YB9UA;QI71;1
YB9UBT;PI93;1
YB9UI;QI01;2
YB9VED;QI07;167
YB9WAN;PI59;2
YB9WAN;OI27;1
YB9WIC;PI59;2
YB9YBB;PI76;289
YBCTE;OI42;1
YC0ACH;OI33;3
YC0ACY;OI33;56
YC0AIB;OI33;323
YC0AIB;OF78;1
YC0AOM;OI33;166
YC0APU;OI33;182
YC0ASO;OI33;139
YC0AUI;OI33;1
YC0AWI;OI33;42
YC0BAS;OI33;327
YC0BAY;OI33;187
YC0BDB;OI33;193
YC0BIP;OI33;58
YC0BLF;OI33;1
YC0BQR;OI33;98
YC0BQR;OF78;1
YC0DMS;OI33;380
YC0ET;OI33;9
YC0EYA;OI33;191
YC0HLE;OI33;272
YC0JOY;OI33;227
YC0KCW;OI33;65
YC0MLC;OI33;1
YC0MLE;OI33;6
YC0NLL;OI33;1
YC0NVU;OI33;249
YC0OXA;OI33;3
YC0OXG;OI33;39
YC0PGN;OI33;7
YC0RFS;OI33;25
YC0RLX;OI33;9
YC0RVQ;OI33;56
YC0RXA;OI33;207
YC0SAS;OI33;592
YC0SCL;OI33;923
YC0SCV;OI33;280
YC0SCZ;OI33;1379
YC0SCZ;OI42;1
YC0SJA;OI33;305
YC0SJK;OI33;851
YC0SPS;OI33;1
YC0UCS;OI33;4
YC0UI;OI33;2
YC0UVZ;OI33;2
YC0VM;OI33;1338
YC0VM;IN89;1
YC1AIY;OI33;39
YC1APD;OI43;2
YC1APR;OI33;46
YC1AWT;OI33;561
YC1AYO;OI33;583
YC1AYO;IO33;1
YC1AYO;OI86;1
YC1AYU;OI33;1
YC1BAH;OI42;1
YC1BMI;OI33;531
YC1BQF;OI33;6
YC1BTG;OI33;88
YC1BTU;OI33;250
YC1BXU;OI43;113
YC1BYQ;OI33;1
YC1CAR;OI33;248
YC1CAR;OI42;1
YC1CBC;OI33;430
YC1CBY;OI32;306
YC1CHM;OI33;93
YC1CIJ;OI33;21
YC1CKK;OI33;178
YC1CNU;PI06;1
YC1CQU;OI33;275
YC1CWO;OI33;102
YC1CYO;OI33;361
YC1CYO;IO33;1
YC1CYO;OI42;1
YC1DA;PI06;3
YC1DA;OI33;1
YC1DA;OI71;1
YC1DAH;OI33;150
YC1DBI;OI32;7
YC1DGG;OI33;75
YC1DGL;OI33;96
YC1DGR;OI33;54
YC1DIU;OI33;4
YC1DIY;OI71;4
YC1DXP;OI33;1
YC1EFR;OI33;3
YC1EIS;OI33;2
YC1EKY;OI33;1
YC1ELL;OI33;3
YC1EQI;OI32;5
YC1EYS;OI33;299
YC1FBF;OI33;2
YC1FBG;OI33;5
YC1FDF;OI43;2
YC1FFD;OI33;5
YC1FGH;OI43;397
YC1FGH;OI33;1
YC1FGH;OL43;1
YC1FGO;OI33;172
YC1FMV;OI42;160
YC1FOV;OI33;28
YC1FT;OI33;1
YC1FYL;OI33;1
YC1GDF;OI33;1397
YC1GIP;OI33;85
YC1GOF;OI33;1
YC1GOP;OI42;1
YC1GRZ;OI33;1
YC1GVG;OI33;4
YC1HA;OI33;1
YC1HBP;OI33;6
YC1HLT;OI33;3
YC1IFR;OI33;1485
YC1IHL;OI33;198
YC1INQ;OI33;450
YC1IUQ;OI33;493
YC1JAL;OI33;1
YC1JDW;OI33;51
YC1JEA;OI33;6
YC1JEL;OI33;900
YC1JGE;OI42;711
YC1JJS;OI42;414
YC1JNV;OI33;354
YC1JZK;OI33;3
YC1KLL;OI33;3
YC1KS;OI33;1
YC1KXS;OI33;2
YC1KZX;OI33;2
YC1LCD;OI42;2
YC1LJE;OI42;1
YC1LRG;OI33;1
YC1MIG;OI32;10
YC1NXR;OI42;1
YC1OSI;OI43;310
YC1OVY;OI42;1
YC1PEI;OI33;1
YC1PIO;OI42;542
YC1PK;OI33;1
YC1PSI;OI33;219
YC1PZ;OI33;617
YC1PZ;OI42;1
YC1RHN;OI33;296
YC1RKT;OI33;347
YC1RNA;OI33;5
YC1RYJ;OI33;46
YC1RYX;OI33;445
YC1SOQ;OI33;80
YC1TCA;OI33;300
YC1THS;OI33;3
YC1WBR;OI33;332
YC1WCK;OI33;117
YC1WEU;OI33;17
YC1XBE;OI33;1
YC1XCN;OI33;1
YC1XEL;OI33;3
YC1XST;OI33;84
YC2AUP;OI53;255
YC2AXD;OI52;121
YC2AXY;OI52;2
YC2AYA;OI43;1
YC2BDS;OI52;98
YC2BGU;OI53;27
YC2BST;OI52;786
YC2BUZ;OI43;2
YC2BVT;OI53;86
YC2CAB;OI42;406
YC2CBD;OI53;8
YC2CDG;OI52;108
YC2CFY;OI52;102
YC2CKS;OI52;139
YC2CKY;OI42;2
YC2COM;OI52;336
YC2CRV;OI52;45
YC2CZF;OI42;694
YC2CZF;IO42;1
YC2CZV;OI42;158
YC2DFD;OI42;142
YC2DOT;OI52;316
YC2DOT;OI42;1
YC2DTC;OI52;5
YC2EEE;OI53;2
YC2FAJ;OI42;843
YC2FAJ;OF78;2
YC2FAJ;IO42;1
YC2FAJ;OI52;1
YC2FIK;OI52;291
YC2FRI;OI53;3
YC2GBS;OI53;2
YC2HML;OI52;2
YC2HND;OI52;4
YC2IAY;PI06;1
YC2IOF;OI52;277
YC2JCT;OI52;1
YC2JDC;OI42;1
YC2JOO;OI42;1
YC2JPO;OI52;1
YC2KDU;OI42;419
YC2KJC;OI42;702
YC2KJC;IO42;1
YC2LCZ;OI53;100
YC2LDJ;OI42;111
YC2LLT;OI52;1
YC2MPF;OI53;238
YC2NE;OI52;2
YC2NE;OI42;1
YC2NUV;OI53;133
YC2OBF;OI42;218
YC2OEI;OI52;3
YC2RWM;OI52;1
YC2SBO;OI52;5
YC2SEC;OI42;27
YC2SEC;OI53;1
YC2SNK;OI52;1
YC2SOT;OI52;25
YC2STS;OI43;122
YC2TDP;OI53;10
YC2TTG;OI52;3
YC2UCM;OI52;10
YC2UCZ;OI52;57
YC2UDD;OI52;1
YC2VEJ;OI52;6
YC2VOC;OI52;87
YC2VUT;OI52;1
YC2WXV;OI52;10
YC2XCD;OI52;1328
YC2XCD;OI33;1
YC2YIZ;OI52;1
YC3ATK;OI61;132
YC3BMX;OI62;131
YC3BRP;OI62;249
YC3BVG;OI71;823
YC3CBH;OI62;1
YC3COY;OI62;2
YC3CYK;OI52;1
YC3DOC;OI61;603
YC3DOC;NJ93;1
YC3FPI;OI62;2
YC3FQW;OI61;1
YC3FTY;OI62;106
YC3FTY;OF78;1
YC3GEM;OI62;234
YC3GFN;OI52;118
YC3GRK;OI62;16
YC3GZY;OI62;4
YC3IBL;OI52;174
YC3LKP;OI62;334
YC3OSS;OI62;3
YC3RNW;OI62;1
YC3SIF;OI42;1
YC3SWR;OI52;97
YC3TLP;OI62;162
YC3TOP;OI62;24
YC3UNG;IO62;1
YC4AEW;OI18;2
YC4AJB;OI18;97
YC4AOK;OI18;628
YC4BYA;OI18;2
YC4GBF;OI15;211
YC4GBN;OI42;1
YC4HQ;OI16;283
YC4IDY;OI27;1
YC4JOY;OI27;1
YC4KAR;OI25;6
YC4LLX;OI25;1
YC4MGA;OI16;31
YC4PIW;OI16;2
YC4PSG;OI94;157
YC4RWH;OI16;154
YC4SIO;OI24;90
YC4SIZ;OI24;565
YC4SIZ;OF78;1
YC4SJA;OI24;198
YC4SJP;OI24;337
YC4STZ;OI24;1
YC5AKH;OI09;1161
YC5AKH;IO09;1
YC5AKH;OI19;1
YC5KLQ;OI09;1
YC5NAU;OJ00;166
YC5NAU;OI61;1
YC5NBY;OJ01;30
YC5NHD;OJ00;96
YC5OBG;OJ00;1
YC5PY;OI09;1
YC5PYJ;OI09;831
YC5SD;OJ01;6
YC5SLA;OJ00;205
YC5TEB;OJ01;21
YC5YC;OJ00;520
YC5YDD;OJ00;1092
YC5YZ;OJ00;10
YC6BKO;NJ75;1
YC6BTI;NJ75;166
YC6HLG;NJ93;1
YC6HRI;NJ93;746
YC6HSK;NJ92;135
YC6HSK;NJ95;1
YC6IDE;NJ93;1
YC6IPX;NJ92;2
YC6JRT;NJ93;4
YC6RMT;NJ81;490
YC6ROY;NJ92;1
YC7AAC;OI49;1
YC7AAE;OI49;339
YC7AAE;OI33;1
YC7ACD;OI49;5
YC7ADH;OJ40;126
YC7AFB;OI49;2
YC7AHW;OI49;35
YC7BNN;OI49;223
YC7BOB;OI49;4
YC7BYH;OI49;5
YC7DBO;OI49;4
YC7DDG;OJ50;392
YC7GTQ;OI48;530
YC7HPF;OI86;273
YC7HYK;OI76;104
YC7JZ;OI76;3
YC7KGC;OI76;4
YC7KGC;JN63;1
YC7LKU;OI76;1
YC7LLYB;OI42;1
YC7LLYB;OI76;1
YC7LP;OI76;27
YC7LYB;OI42;1
YC7NK;OI76;1
YC7OHT;OI79;6
YC7OIQ;OI67;541
YC7ONG;OI57;2
YC7ONI;OI57;2
YC7PZO;OI78;192
YC7RV;OI86;2
YC7SQV;OI57;688
YC7SQV;IO57;1
YC7UAH;OI88;2
YC7UBK;OI88;4
YC7UFI;OI88;193
YC7UTO;OI88;4
YC7VGO;OI89;1
YC7VLT;OI89;242
YC7VMD;OI88;188
YC7VMD;OM91;1
YC7WHE;OJ82;227
YC7WHE;PJ21;1
YC7YCP;OI88;100
YC7YDB;OI88;5
YC8ABD;OI94;5
YC8AIC;OI94;3
YC8AO;PI05;241
YC8AQY;OI95;34
YC8AYF;OI94;2
YC8AYJ;OI94;6
YC8CGK;PI07;71
YC8CGK;OI53;1
YC8CGZ;PI07;382
YC8CSJ;OI94;219
YC8DUL;OI94;195
YC8DYX;OI94;6
YC8EGI;PI04;2
YC8ES;OI95;5
YC8ET;OI94;154
YC8FBL;OI95;1
YC8FEE;PI06;478
YC8FEE;OI06;1
YC8FGH;BQ76;1
YC8FIT;OI94;32
YC8FKN;PI07;573
YC8FXI;OI94;42
YC8GLW;OI94;7
YC8GPH;PI06;1371
YC8IKU;PI14;340
YC8ILO;PI14;2
YC8KWM;PI14;139
YC8MJG;PI19;588
YC8MKA;PI19;309
YC8MUZ;PJ01;159
YC8NYJ;PI08;20
YC8PAD;PI08;341
YC8PST;OI99;1151
YC8RDG;PJ21;138
YC8RPK;PJ21;300
YC8SCP;PJ21;2
YC8USA;PJ20;1
YC8UYJ;PJ21;151
YC9AAI;OI71;3
YC9AJL;OI71;6
YC9AOS;OI71;122
YC9ATK;OI71;1
YC9AVD;OI71;23
YC9BAC;OI71;3
YC9BAJ;OI71;5
YC9BCO;OI71;164
YC9BFL;OI71;2
YC9BGE;OI71;1
YC9BHJ;OI71;656
YC9BIJ;OI71;730
YC9BIJ;OI53;1
YC9BJX;OI71;67
YC9BLS;OI71;233
YC9BLS;GQ45;1
YC9BPW;OI71;755
YC9BVB;OI71;450
YC9BVB;OI72;1
YC9BWU;OI71;101
YC9CCU;OI71;1
YC9CGR;OI71;286
YC9CT;OI71;528
YC9CT;OI78;1
YC9CYR;OI71;3
YC9DE;OI71;157
YC9DPO;OI71;2
YC9ED;OI71;4
YC9EGD;OI71;1
YC9ELS;OI71;418
YC9ELS;OI33;1
YC9FAO;OI71;3
YC9FAO;OI42;1
YC9FZ;OI71;8
YC9GDP;OI81;87
YC9GYI;OI81;1
YC9HIU;OI81;5
YC9HJD;OI81;5
YC9HJY;OI91;2
YC9HU;OI91;1
YC9JEG;OI81;2
YC9JKT;OI81;229
YC9KLD;OI81;1
YC9KNX;OI81;184
YC9LAG;PH19;206
YC9LCM;PH19;241
YC9PHC;PH19;1
YC9RHV;PI59;2
YC9RPF;PI58;1
YC9RRB;PI58;1039
YC9RRB;PI06;1
YC9RRR;PI59;353
YC9RRR;OI42;1
YC9UAB;QI07;185
YC9UBG;QI07;383
YC9UTJ;QI07;2
YC9VCQ;PI93;243
YC9VED;QI07;4
YC9VIZ;QI07;3
YC9VM;PI95;27
YC9VRJ;QI07;51
YC9VRJ;OI07;1
YC9WIL;PI59;1
YC9XSY;QI07;17
YC9XYP;PI93;1080
YD0AGF;OI33;131
YD0AKJ;OI33;3
YD0AOM;OI33;128
YD0APZ;OI33;4
YD0ARY;OI33;466
YD0ASO;OI33;542
YD0ASW;OI33;396
YD0AUN;OI33;162
YD0AWA;OI33;168
YD0AXC;OI33;1
YD0AXN;OI33;88
YD0BBJ;OI33;457
YD0BCG;OI33;456
YD0BDB;OI33;1
YD0BIP;OI33;85
YD0BRL/QRP;OI33;1
YD0BYR;OI33;228
YD0FRS;OI33;1
YD0NAN;OI33;94
YD0PGF;OI33;42
YD0RFS;OI33;291
YD0RHV;OI33;2
YD0RVI;OI33;27
YD0RVQ;OI33;153
YD0RWN;OI33;1
YD0SCZ;OI33;173
YD0SCZ;PJ21;1
YD0SJK;OI33;190
YD0SSD;OI42;1
YD0UBW;OI33;181
YD10HA;OI42;1
YD1AJD;OI33;140
YD1APO;OI33;25
YD1ARI;OI33;44
YD1AUL;OI33;1
YD1AYO;OI33;4
YD1BMI;OI33;1
YD1BNX;OI33;6
YD1BTJ;OI33;1
YD1BVY;OI42;2
YD1CAI;OI33;14
YD1CBC;OI33;137
YD1CHM;OI33;148
YD1CHQ;OI33;44
YD1CMV;OI33;71
YD1CMW;OI33;291
YD1CMW;IO33;1
YD1CNG;IO33;90
YD1CNG;OI33;3
YD1CNU;OI33;1
YD1CQU;OI33;2
YD1CRN;OI43;200
YD1CSA;OI33;14
YD1CYC;OI43;4
YD1CYC;OF78;1
YD1CZE;OI33;435
YD1DDC;OI33;1
YD1DGG;OI33;7
YD1DGR;OI33;1
YD1DMQ;OI33;1
YD1DRH;OI43;1
YD1EAL;OI33;1
YD1ELG;OI33;79
YD1EMV;OI33;487
YD1EMV;IO33;1
YD1EMV;OI42;1
YD1EOL;OI43;77
YD1EQX;OI43;250
YD1EWV;OI33;1
YD1EWV;OL33;1
YD1EYS;OI33;1
YD1FAZ;OI33;2
YD1FDF;OI43;2
YD1FDJ;OI33;1
YD1FRU;OI33;3537
YD1FTT;OI33;252
YD1GLT;OI33;151
YD1GUA;OI33;1
YD1HAL;OI33;3
YD1HAY;OI33;15
YD1IFM;OI33;1
YD1IKE;OI33;105
YD1IOG;OI33;1
YD1IOU;OI33;433
YD1JDW;OI33;181
YD1JQM;OI33;108
YD1JRI;OI33;1
YD1JTX;OI43;132
YD1JXY;OI33;1
YD1KVR;OI33;1
YD1LCF;OI32;1
YD1LGK;OI43;1
YD1LKD;OI43;1
YD1LZD;OI33;2
YD1MCD;OI33;67
YD1MRF;OI43;6
YD1MUK;OI33;1
YD1NAV;OI33;343
YD1RDJ;OI33;56
YD1RTX;OI33;1
YD1RYX;OI33;209
YD1SES;OI34;1
YD1SOQ;OI33;1
YD1TJI;OI33;1
YD1TJJ;OI42;1
YD1WBR;OI33;1
YD1WGF;IO33;1
YD1XCK;OI34;1
YD2AAK;OI42;1
YD2AQQ;OI42;181
YD2AUP;OI53;223
YD2AYA;OI43;76
YD2AZP;OI42;2
YD2BHJ;OI53;1
YD2BIS;OI42;143
YD2BIU;OI42;188
YD2BRC;OI52;419
YD2BZR;OI42;1
YD2CDG;OI52;1
YD2CGU;OI53;1
YD2CGX;OI53;2
YD2CKY;OI42;7
YD2CZV;OI42;2
YD2DVQ;OI53;18
YD2EKF;OI42;1
YD2GDR;OI52;1
YD2GSJ;OI52;22
YD2GYO;OI43;1014
YD2GYO;OF78;1
YD2GYO;OI33;1
YD2IFA;OI43;91
YD2JTP;OI53;279
YD2KBO;OI43;1
YD2KFP;OI43;215
YD2KJC;OI42;199
YD2KJC;OI62;1
YD2MAM;OI52;2
YD2NED;OI52;123
YD2NIR;OI52;141
YD2PZZ;OI42;1
YD2RJI;OI53;1
YD2SM;OI42;1
YD2SSD;OI42;1
YD2TFN;OI53;31
YD2UEA;OI52;2
YD2UFR;OI52;924
YD2ULK;OI52;2521
YD2ULK;OI42;1
YD2UTC;OI52;11
YD2UUG;OI52;115
YD2UWF;OI52;263
YD2UWF;OI33;1
YD2VLD;OI52;87
YD2WEB;OI52;77
YD2WEE;OI52;1
YD3AGU;OI62;202
YD3ASV;OI51;1060
YD3AVB;OI62;281
YD3AVB;PJ01;1
YD3BFB;OI51;2
YD3BLM;OI52;1
YD3BSB;OI62;124
YD3BTX;OI62;151
YD3BWK;OI52;407
YD3BXR;OI62;23
YD3CBH;OI62;1
YD3CER;OI62;482
YD3CQX;OI63;478
YD3CZV;OI62;32
YD3DCZ;OI51;376
YD3DIP;OI61;1
YD3DOC;OI61;4
YD3DOC;QI61;1
YD3ECA;OI62;22
YD3FPI;OI62;3
YD3FVY;OI63;1
YD3GIF;OI62;319
YD3GIF;OL39;1
YD3GIF;PK04;1
YD3RAN;OI62;286
YD3RDW;OI62;9
YD3RP;OI62;1
YD3TVV;OI52;1
YD3YGY;OI62;129
YD3YGY;PH12;1
YD4AHV;OI18;10
YD4FDC;OI26;182
YD4FYI;OI16;208
YD4FYI;OI46;1
YD4GBN;OI42;1
YD4IRS;OI42;1
YD4JPR;OI16;1
YD4SIO;OI24;150
YD4SIZ;OI24;333
YD4SJA;OI24;104
YD4SWJ;IE20;1
YD4XVQ;OI24;2
YD5ACA;OI09;115
YD5AYP;OI09;1
YD5NBY;OJ01;343
YD5NCO;OJ01;162
YD5NJR;OJ00;3
YD5NML;OJ00;375
YD5NVE;OJ00;70
YD5PYJ;OI09;57
YD6AIH;NJ84;64
YD6AJA;NJ75;289
YD6AJJ;NJ75;2
YD6APA;NJ84;202
YD6HNL;NJ81;331
YD6HRI;NJ93;15
YD6HSK;NJ92;1
YD6HUR;NJ93;43
YD6HVF;NJ93;2
YD6IOV;NJ93;35
YD6ROA;NJ93;723
YD6VXO;NJ93;3
YD7AAC;OI49;1
YD7AAE;OI49;377
YD7AC;OI49;1
YD7ACD;OI49;1588
YD7ADC;OI49;1
YD7AFK;OJ40;4
YD7ALY;OJ40;74
YD7AMO;OJ50;1
YD7GTQ;OI48;561
YD7HIJ;OI77;547
YD7HKV;OI86;1
YD7HPF;OI86;86
YD7HPF;OI88;1
YD7ICF;OI76;645
YD7JLI;OI86;1
YD7JOQ;OI86;2
YD7MAW;OI77;1
YD7MHZ;OI42;1
YD7MLJ;OI77;18
YD7OHC;OI67;355
YD7OJS;OI76;126
YD7ONI;OI42;1
YD7SAL;OI67;1
YD7UQU;OI88;4
YD7URE;OI88;2
YD7UTQ;OI88;11
YD7UTQ;OI69;1
YD7VBA;OI89;4
YD7VGC;OJ80;158
YD7VGW;OJ80;3
YD8AAT;OI94;2
YD8ACD;PI04;1
YD8BJM;OI94;2
YD8BUL;OI95;3
YD8CLU;OI95;2
YD8CLU;OI22;1
YD8CPZ;OI96;4
YD8CSJ;OI94;141
YD8FLF;PI07;308
YD8IBF;PI14;3
YD8IHG;PI14;122
YD8IHG;OI25;1
YD8IKU;PI14;133
YD8IKY;PI15;2
YD8MUZ;PJ01;224
YD8NEH;PJ01;245
YD8NEH;PI07;1
YD8RAG;PJ21;486
YD8USA;PJ20;18
YD8UXI;PJ21;3
YD8UXV;OI42;1
YD8UYJ;OI42;1
YD9AAJ;OI71;45
YD9ABC;OI71;136
YD9ALM;OI71;112
YD9ANK;OI71;1
YD9APJ;OI71;1
YD9ATK;OI71;375
YD9BCM;OI71;1
YD9BFL;OI71;2
YD9BLS;OI71;1
YD9BPW;OI71;11
YD9BSB;OI71;5
YD9CCK;OI71;2
YD9CCT;OI71;2
YD9CVS;OI71;1
YD9EEG;OI71;2
YD9FZ;OI71;2
YD9GGC;OI81;2
YD9GHS;OI81;170
YD9HFN;OI91;3
YD9HFN;OI35;1
YD9HJD;OI81;2
YD9HLF;OI81;3
YD9IHG;OI91;2
YD9LHY;PI20;1
YD9MBM;PH19;781
YD9MBM;OI77;1
YD9RRB;PI58;204
YD9RRL;PI58;715
YD9RRL;LO64;2
YD9RRP;PI58;85
YD9RRR;PI59;5
YD9UAN;QI07;194
YD9UBG;QI07;4
YD9UBT;PI93;356
YD9UW;QI07;1
YD9VE;PI85;949
YD9WFT;PI93;444
YE0EEE;OI33;2
YE0PO;OI33;562
YE1AAH;OI33;418
YE1AAH;QI33;1
YE1ACK;PI06;1
YE1AR;OI33;1656
YE1BHR;OI43;1
YE1BMZ;OI33;459
YE1BON;OI43;174
YE1DO;OI33;1
YE1NSP;OI33;53
YE1NZ;OI33;6
YE2AIV;OI52;271
YE2BDN;OI53;53
YE2DOR;OI52;583
YE3AA;OI62;56
YE3AIY;OI52;48
YE3AOV;OI62;322
YE3DBD;OI62;200
YE3DBD;OI71;1
YE3DGO;OI61;2
YE3ESW;OI62;267
YE3ESW;PI62;76
YE3ETF;OI63;1
YE3FAX;OI62;73
YE3FBV;OI62;345
YE3FZR;OI62;283
YE3WIL;OI62;1
YE4FNN;OI37;14
YE4LSI;OI38;2
YE5TA;OJ11;6
YE5XY;OJ11;17
YE5XY;OI27;1
YE6YE;NJ93;1
YE7UFT;OJ82;408
YE8BJS;OI97;231
YE8DWC;OI97;925
YE8FOR;OI97;251
YE8QR;PJ10;43
YE8RAF;PJ10;60
YE8RB;PJ10;4
YE8RNA;PJ10;1
YE8RW;PJ00;1
YE8TPA;PJ10;37
YE8XBN;PJ30;146
YE8XRT;PJ31;388
YE9BJM;OI71;2641
YE9BJM;QI71;1
YE9CDL;OI42;1
YE9CJQ;OI71;1
YE9CZY;OI71;351
YE9EEY;OI71;48
YE9PBZ;PH19;550
YF0FRT;OI33;121
YF0GHN;OI33;3
YF0TUR;OI33;527
YF0TUR;IO33;1
YF1AAH;OI33;1
YF1AGB;OI33;15
YF1AWS;OI42;11
YF1BFC;OI33;3
YF1BFG;PI06;1
YF1BPQ;OI33;100
YF1BRS;OI33;1
YF1BUS;OI33;267
YF1FRI;OI33;1
YF2AIV;OI52;20
YF2ANO;OI42;1
YF2AVP;OI53;514
YF2AVP;OI33;1
YF2AZV;OI42;76
YF2BBE;OI33;404
YF2BBE;EQ94;1
YF2BDN;OI53;63
YF2BFW;OI52;305
YF2BLL;OI52;642
YF2CCP;OI42;1
YF2UFA;OI52;250
YF3AIY;OI52;303
YF3AJJ;IO52;56
YF3AJJ;OI52;6
YF3AJQ;OI52;33
YF3AJY;OI62;42
YF3AQV;OI62;116
YF3AWZ;OI52;185
YF3BER;OI62;316
YF3BKF;OI52;86
YF3BLY;OI52;56
YF3CZW;OI62;2
YF3DZU;OI62;29
YF3ESW;OI62;410
YF3FBV;OI62;339
YF3FZR;OI62;240
YF3KZI/R;CJ13;1
YF4FDB;OI37;1
YF4KIE;OI37;1
YF4LWU;OI37;1
YF4SDF;OI24;401
YF4SDS;OI24;77
YF4SEK;OI24;80
YF5NB;OI29;2
YF5RFU;OJ20;1
YF5SQP/R;IN05;1
YF5TKN;OJ20;169
YF5YUD;OI42;1
YF7LTN;OI86;2
YF7RDM;OI57;185
YF7RDM;OI67;76
YF7SHZ;OI57;1
YF7UET;OJ82;3
YF8AAA;OI97;151
YF8ADD;OI97;1
YF8AKO;OI96;342
YF8AKO;OI52;1
YF8AKQ;OI97;1
YF8BJS;OI97;467
YF8BS;OI96;3
YF8CKM;OI98;232
YF8CKM;OI96;216
YF8CKM;OI53;1
YF8FMM;OI97;27
YF8RNG;PJ10;7
YF8RP;PJ10;3
YF8RUL;PJ10;1
YF8TAC;PJ10;243
YF8TIH;PJ10;2
YF9BSZ;OI71;59
YF9CJQ;OI71;1
YF9DIM;OI71;250
YF9EBT;OI71;1
YF9EEY;OI71;20
YF9EGU;OI71;274
YF9FCO;OI71;518
YF9FCO;PR73;1
YF9PBZ;PH19;400
YF9SCO;OI71;1
YF9UAG;OI71;1
YF9UAG;QI07;1
YF9UBD;QI07;3
YG0GLE;OI33;1
YG1AEJ;OI33;169
YG1AEQ;OI33;1
YG1AEX;OI33;1
YG1AFR;OI33;41
YG1AIX;OI33;25
YG1AQU;OI33;1
YG1AVM;OI33;2
YG1AWR;OI42;1
YG1AZF;OI42;1
YG1BJM;OI33;222
YG1BJZ;OI33;5
YG1BKB;OI33;1
YG1BKB;OI42;1
YG1BKD;OI43;1
YG1BKU;OI33;6
YG1BKV;OI33;2
YG1BMZ;OI33;3
YG1BSH;OI33;185
YG1BXU;PI06;1
YG1BXZ;OF78;1
YG1BYD;OI33;1
YG1CBA;OI33;2
YG1CCE;OI33;12
YG1GGE;OI33;1
YG2ABP;OI42;435
YG2AIV;OI52;1
YG2AMA;OI42;3
YG2ANO;OI42;2
YG2AUI;OI42;1
YG2AVC;OI42;1
YG2AWN;OI53;58
YG2BBB;OI52;23
YG2BBE;OI33;281
YG2BEB;OI52;464
YG2BEH;OI52;74
YG2BEH;OF78;1
YG2CGW;OI33;72
YG3AJJ;IO52;1
YG3AJJ;OI33;1
YG3AJY;OI62;56
YG3APY;OI62;1
YG3AQV;OI62;141
YG3AQX;OI52;88
YG3ARV;OI62;246
YG3ASK;OI52;144
YG3BCH;OI62;4
YG3CJU;OI52;71
YG3CJU;IO52;1
YG3CXT;OI61;17
YG3DBO;OI62;93
YG3DZU;OI62;36
YG3ELE;OI52;5
YG3EMH;OI71;2
YG3FAP;OI62;65
YG3FIF;OI71;128
YG3FIF;OI33;1
YG3FUD;OI61;1
YG3FZR;OI62;36
YG4SNG;OI24;44
YG7GTQ;OI48;1
YG7UFT;OJ82;255
YG7UFT;QJ82;1
YG8AFF;OI97;218
YG8DX;OI94;2
YG8RAG;PJ10;1
YG9BKM;OI71;92
YG9BSZ;OF78;1
YG9CLB;OI71;3
YG9CLC;OI71;2
YG9DFK;OI71;1
YG9EBT;OI71;1
YG9EGP;OI71;1
YG9EPK;OI71;1
YG9FXG;OI71;330
YG9PBV;PH19;459
YG9WKB;PI88;208
YH2UB;OI52;3
YH5UA;OJ11;1
YH6AH;NJ84;2
YH7UJ;OI42;1
YH9GB;OI81;1
YI0MUG/P;PP01;1
YI1QEA;LM23;1
YI1SAL;LM21;1
YI3AA;LM22;2
YJ8RN;RH42;10
YK8FKN;BF38;1
YL0WFF;KO37;3
YL1ZE;KO27;1
YL1ZF;KO27;5475
YL1ZF;KO06;3
YL1ZF;JN98;1
YL1ZF;JO22;1
YL1ZF;KM71;1
YL1ZF;KN24;1
YL1ZF;KO26;1
YL1ZF;LL75;1
YL2BK;KO26;2
YL2BR;KO26;4
YL2CA;KO06;6
YL2CB;KO26;3
YL2CI;KO06;919
YL2CI;KO05;1
YL2CI;KO38;1
YL2EA;KO26;221
YL2EM;KO36;37
YL2FT;KO26;8
YL2FT;KO27;1
YL2GBL;KO26;2
YL2GC;KO26;1
YL2GJX;KO26;36
YL2GSI;KO16;6
YL2GUV;KO37;1
YL2II;KO26;136
YL2IR;KO16;1
YL2IV;KO06;2
YL2JZ;KO26;1
YL2KF;KO27;1194
YL2LW;KO26;883
YL2NX;KO27;19
YL2PP;KO26;2
YL2QK;KO16;1
YL2QV;KO26;4
YL2SW;KO27;7
YL2VW;KO26;43
YL33ZS;KO26;4
YL33ZS;KO16;1
YL33ZS;KO27;1
YL35WAY;KO26;2
YL3AIY;KO27;1
YL3AKH;KO16;3
YL3AKT;KO27;229
YL3ALP;KO26;20
YL3AOF;KO37;338
YL3AOT;KO16;1
YL3AQT;KO26;1
YL3ARP;KO06;48
YL3ARZ;KO16;877
YL3ASE;KO06;2
YL3BF;KO06;5
YL3CU;KO06;6
YL3CW;KO36;5
YL3DP;KO36;262
YL3ES;KO27;192
YL3FO;KO26;2
YL3FW;KO06;858
YL3GBC;KO16;5
YL3GBC/P;KO16;3
YL3GBC/P;KO26;2
YL3GBV;KO26;2
YL3GGT;KO07;1
YL3ID;KO07;396
YL3JO;KO27;1
YL3KW;KO27;6
YL3MA;KO35;8
YL3MS;KO36;2
YL3NE;KO27;1
YL3NF;KO17;2
YL3NU;KO27;1084
YL3NU;JN23;1
YL3PK/P;KO36;1
YL73R;KO06;1045
YL73R;KO16;1
YL73R;PJ22;1
YM1KE;KN41;1
YM2KA;KM69;2
YM3KC;KM38;196
YN0EHC/R;FK07;1
YN1ECF;EK62;7
YO/KO4CAA;KN34;1
YO1EWU/R;CC02;1
YO2AA;KN15;3
YO2ABO;KN06;2
YO2BB;KN05;8
YO2BBT;KN05;1
YO2BBX;KN15;1
YO2BS;KN05;1
YO2BTW;KN15;1
YO2CIP;KN05;3
YO2CMI;KN05;193
YO2CXK;KN16;1
YO2DNO;KN05;12
YO2GL;KN05;183
YO2IAN;KN06;18
YO2IS;KN05;204
YO2IS;JO57;1
YO2KMD;KN15;2
YO2LBV;KN05;1
YO2LDU;KN06;252
YO2LEA;KN06;7
YO2LFP;KN06;6
YO2LGK;KN05;15
YO2LIZ;KN05;1
YO2LPI;KN05;1
YO2LYS;KN06;1
YO2LZS;KN15;1
YO2LZZ;KN05;199
YO2MAS;KN06;4
YO2MAX;KN15;10
YO2MBU;KN05;1
YO2MD;KN06;106
YO2MKI;KN06;1
YO2MKK;KN05;1
YO2MLF;KN15;1
YO2NAA;KN05;16
YO2OS;KN15;2
YO2OXD;KN05;66
YO2TKR;KN05;17
YO2UH;KN15;17
YO2UH;KN25;1
YO2UKG;KN05;5
YO2YJT/QRP;KO05;1
YO3AAU;KN34;1
YO3ABT;KN34;1
YO3AI;KN44;16
YO3AIS;KN34;3
YO3AK;KN25;260
YO3AK;KN22;1
YO3ALE;KN24;1
YO3APJ;KN34;554
YO3ARM;KN25;1
YO3CBS;KN34;581
YO3CBS;JN16;1
YO3CBS;KP32;1
YO3DAC;KN34;110
YO3DLK;KN34;1
YO3EML;KN34;2
YO3FJM;KN34;5
YO3FRI;KN34;3087
YO3FRI;JO01;1
YO3FVS;KN34;2
YO3FYO;KN34;3
YO3GCI;KN44;250
YO3GHM;KN34;1
YO3GK;KN34;1
YO3GNF;KN34;4364
YO3GNF;KN35;3
YO3GNF;KN04;1
YO3GNF;KN25;1
YO3GNF;NJ93;1
YO3GSK;KN34;3
YO3GTP;KN34;2
YO3HFY;KN25;1
YO3IWZ;KN34;333
YO3JAZ;KN34;110
YO3JF;KN34;263
YO3JF;KP41;1
YO3JNC;KN34;1
YO3JR;KN34;16
YO3JW;KN35;1039
YO3LNK;KN34;1
YO3RAM;KN25;8
YO3RU;KN34;540
YO3SL;KN34;1
YO3TN;KN34;6
YO3VIO;KN24;5
YO3VIO;KN34;1
YO3VU;KN34;4
YO3YTT;KN34;7
YO3YV;KN34;25
YO3ZIZ;KN25;5
YO4/VA3DLS;KN45;2
YO4/VA3DLS;JN03;1
YO4AAC;KN35;364
YO4ASD;KN45;3
YO4BEW;KN35;408
YO4BKM;KN35;303
YO4BTB;KN44;1
YO4CAI;KN35;324
YO4CAI;KN34;1
YO4CAI;KN41;1
YO4CPO;KN44;3
YO4CVV;KN45;623
YO4CVV;KN35;1
YO4DEQ;KN35;1
YO4DFT;KN44;291
YO4DG;KN43;5
YO4DW;KN44;3
YO4DWD;KN43;1
YO4FJK;KN24;1
YO4FKO;KN25;1
YO4FPF;KN44;2
YO4GIY;KN43;15
YO4GIY;KN04;3
YO4HQF;KN44;2
YO4IVF;KN43;3
YO4NA;KN44;3
YO4NF;KN44;809
YO4OCM;KN45;129
YO4RST;KN35;1
YO4RYU;KN45;194
YO4RYU/MM;LH71;1
YO4RYU/MM;LH92;1
YO4RYU/MM;MH35;1
YO4SK;KN44;1
YO4SRK;KN44;12
YO4SVZ;KN35;1
YO4SX;KN44;421
YO4SX;KM44;1
YO4YPC;KN44;2194
YO55LD;KN05;1
YO5COG;KN16;1
YO5DND;KN17;3
YO5LD;KN05;372
YO5LD;KN17;2
YO5OAI;KN06;1
YO5ONK;KN16;3
YO5PCB;KN27;1
YO5PCX;KN07;3
YO5PHL;KN16;10
YO5PHQ;KN17;1
YO5PQY;KN07;17
YO5PUV/P;KN16;143
YO5QDI;KN17;2
YO5QDN;KN17;2
YO6BHN;KN25;1625
YO6BHN;JO21;1
YO6BHN;KN41;1
YO6BLM;KN25;7
YO6CVN;KN25;3
YO6FPW;KN34;258
YO6FPW;KN25;1
YO6GLT;KN36;16
YO6GLT;KN25;1
YO6HEM;KN25;2
YO6HOY;KN25;1
YO6KNY;KN36;3
YO6LM;KN25;8
YO6LRV;KN26;2
YO6MP;KN25;1
YO6NM;KN26;1
YO6OEK;KN26;3
YO6OEV;KN26;1
YO6OFC;KN26;2
YO6OGJ;KN26;9
YO6OGW;KN26;2
YO6OGY;KN26;1
YO6PAO;KN26;1
YO6PNM;KN25;2
YO6POG;KN26;9
YO6PPX;KN26;160
YO6PQE;KN36;3
YO6PQE;JO57;1
YO6PVI;KN06;4
YO6PVX;KN25;161
YO6PVX;KH25;1
YO6PVX;KN34;1
YO6RTI;KN25;1
YO7ARY;KN14;134
YO7ARZ;KN14;1
YO7BM;KN24;51
YO7BPC;KN24;316
YO7CFD;KN14;3
YO7CGS;KN15;5
YO7CJB;KN15;1
YO7CVL;KN24;397
YO7CWP;KN14;2
YO7DBR;KN24;516
YO7EY;KN14;231
YO7FJK;KN24;2
YO7FOD;KN24;2
YO7HNP;KN24;2
YO7IJO;KN25;1
YO7IUN;KN24;1
YO7JBB;KN24;1
YO7LBX;KN15;9
YO7LGI;KN14;5
YO7LJJ;KN14;1
YO7LLH;KN14;746
YO7LRC;KN14;5
YO7NE;KN25;1
YO7OWI;KN24;1
YO7WCB;KN24;1
YO7YO;KN25;6
YO7ZG;KN14;1
YO7ZG;KN25;1
YO8AAZ;KN36;455
YO8AJG;KN37;3
YO8BBU;KN37;1
YO8BSE;KN36;116
YO8CHF;KN37;1
YO8CKT;KN37;2
YO8CNA;KN37;5
YO8CRU;KN36;4
YO8CVY;KN36;3
YO8CYN;KN36;1
YO8DHA;KN36;1954
YO8DHA;KN05;1
YO8DHA;KN35;1
YO8DHD;KN37;1
YO8FC;KN36;217
YO8KIS;KN37;5
YO8KIS/P;KN37;15
YO8OY;KN37;2
YO8PS;KN37;1152
YO8RAA;KN27;2
YO8RAE;KN36;1
YO8RAW;KN36;5
YO8RAW;EM93;1
YO8RC;KN36;2
YO8RCD;KN36;2
YO8RCN;KN36;1
YO8RJB;KN37;2
YO8RQP;KN37;9
YO8RSL;KN37;12
YO8RXH;KN37;1
YO8RZK;KN37;173
YO8SAO;KN36;1
YO8SCT;KN37;2
YO8SEP;KN36;932
YO8SHP;KN37;1
YO8SHY;KN37;14
YO8SSB;KN27;174
YO8TGE;KN36;2
YO8TNB;KN37;1
YO8TVD;KN27;1
YO8WTW;KN37;1
YO9ABK;IM59;6
YO9ABK;KN34;1
YO9AFT;KN34;16
YO9BCM;KN35;2334
YO9BGU;KN34;2
YO9BLY;KN24;610
YO9BMN;KN34;1
YO9BNP;KN23;120
YO9BPX;KN24;362
YO9BPX;KN25;13
YO9BXE;KN24;508
YO9BZK;KN34;1
YO9CB;KN24;1
YO9CEB;KN24;5
YO9CKJ;KN14;1
YO9CSM;KN23;1
YO9CWY;KN35;198
YO9DF;KN15;1
YO9FDG;KN24;131
YO9FFX;KN24;1635
YO9FFX;KN41;1
YO9FHB;KN34;1
YO9FKI;KN25;1
YO9FMB;KN34;2
YO9FMB;KN24;1
YO9FQT;KN34;197
YO9FUL;KN34;1
YO9HB;KN34;2
YO9HJP;KN34;1
YO9HP;KN35;3641
YO9HP;KN25;1
YO9HP;KO97;1
YO9IAB;KN25;9
YO9IE;KN34;20
YO9IE;KN25;1
YO9ILA;KN34;2
YO9JAZ/P;KN25;49
YO9JAZ/P;KN43;1
YO9NC;KN34;4
YO9PH;KN35;3
YO9PH;KN34;1
YO9XC/P;KN17;1
YR1YPO/R;OD99;1
YR2023SIMPO;KN34;62
YR3ACE/R;FI35;1
YR5GEO;KN16;9
YS1CH;EK54;3
YS1CJA;EK53;65
YS1GMV;EK53;13
YS1RR;EK53;3
YT1DDL;KN04;399
YT1DX;KN04;3
YT1EB;KN14;6
YT1KN;KN04;3
YT1MP;KN04;5
YT1Q;KN04;6
YT1T;JN94;4
YT1TY;KN04;83
YT2SZZ;KN04;1
YT2ZE;KN03;3
YT3EW;KN04;2
YT3KW;KN04;2
YT3NOW/R;JR23;1
YT3PL;KN04;12
YT3SM;KN13;14
YT5ANA;KN04;2
YT5DL;KN04;7
YT5DLT;KN04;1
YT5R;KN13;2
YT5SMT;KN04;44
YT5TX;KN04;1
YT5YTT;JN94;199
YT7AW;KN04;145
YT7E;KN05;7
YT7PA;KN05;2
YT8A;KN04;21
YT8DX;KN04;1
YT9A;KN04;1112
YT9A;KN03;1
YT9A;OF78;1
YT9WW;KN04;27
YU0U;KN04;1561
YU0X;JN95;1
YU1AN;JN93;1
YU1BV;KN04;2
YU1EA;KN04;47
YU1EL;KN04;3
YU1EU;KN04;5
YU1FW;KN04;6
YU1JF;KN04;2
YU1LD;KN04;4
YU1LM;KN04;351
YU1UN;JN93;595
YU1UN;KN03;1
YU1UN;OI32;1
YU1XX;KN05;114
YU1XX;KN04;2
YU1YJ;KN13;1
YU1ZLA;KN04;2
YU2LSD;JN96;9
YU2MFM;KN04;1
YU2MS;JN93;836
YU2MS;KN04;1
YU2TV;KN04;1
YU2VZ;KN04;1
YU3A;JN95;989
YU4NMO;KN04;260
YU4PTT;KN04;435
YU4SMT;KN04;84
YU4STE;KN04;37
YU4SZZ;KN04;6
YU4VBX;JN94;280
YU5AU;KN04;1
YU5DR;KN04;6
YU5R;KN04;4246
YU5R;JO32;1
YU5R;LO91;1
YU6DX;KN04;31
YU6TM;KN05;304
YU7/S55OO;JN95;16
YU7/S55OO;JN76;1
YU7AA;JN95;383
YU7AA;KN04;5
YU7AOP;KN05;141
YU7AS;KN05;12
YU7BW;JN95;249
YU7EF;KN04;1
YU7FH/QRP;KN05;1
YU7NW;KN05;21
YU7NW;KN04;1
YU7OPQ;JN95;434
YU7OPT;JN95;2
YU7RIM;JN95;458
YU7RV;KN05;1
YU7TMR;KN05;5
YU7ZZ;KN05;1
YU8NU;KN03;581
YU9DX;KN02;9
YV1DIG;FK60;1
YV1EFF;FK30;1
YV1GIY;FJ38;8
YV1HGS;FK40;2
YV1JGT;FJ49;2
YV1JRM;FJ49;1
YV1KS;FK40;4
YV1SW;FK40;5
YV2AVT;FJ37;4
YV3DVH;FK40;1
YV4ABR;FK60;578
YV4BCD;FK60;389
YV4CLF;FK60;2
YV4DR;FK60;5
YV4FUE;FK60;3
YV4KWT;FK60;5
YV4LVR;FK60;1
YV4MJP;FK60;2
YV4TEA;FK60;103
YV4YC;FK60;3
YV4ZZ/5;FJ69;3
YV5AAX;FK60;5
YV5AJI;FK60;5
YV5BRB;FK60;401
YV5DR;FK60;5
YV5DRN;FK60;140
YV5EMG;FK60;172
YV5EVA;FK60;7
YV5IOE;FK60;1
YV5IUA;FK60;1
YV5JAU;FK60;5
YV5JDT/I1;JN34;1
YV5JLO;FK60;105
YV5JLO;FK50;1
YV5KAJ;FK60;5
YV5KTM;FK60;3
YV5LFL;FK60;2
YV5LI;FK60;2
YV5LMW;FK60;35
YV5MBI;FK60;4
YV5MBI;FK90;1
YV5MHX;FK60;1
YV5MHX/P;FK60;3
YV5OG;FK60;3
YV5OIE;FK60;482
YV5TT;FK60;2
YV5WL;FK60;2
YV5ZV;FK60;7
YV6ALX;FJ78;5
YV6BTF;FK70;218
YV6BTF;FK60;1
YV6BXN;FK60;1717
YV6BXN;FK70;2
YV6BXN;KO11;1
YV6CA;FJ88;186
YV6IA;FJ78;4
YV6KSN;FK40;5
YV6QD;FK50;2
YV7BMZ;FK81;3
YV7PMG;FK81;5
YV7WGA;FK80;2
YV7WGA;FK89;1
YV8ZKN/R;KH26;1
YV9BIJ;OI71;1
YW1APA;QR84;1
YW1K;FJ49;801
YW1K;FJ69;1
YW1K;JN47;1
YW200BC;FK60;1
YW200BC;FN10;1
YW6CQ;FK60;595
YW6CQ;FK70;1
YX5SLA;OJ00;1
YY1AEA;FK40;1
YY1ARR;FJ49;13
YY1ARR;FJ67;1
YY1PHS;FK40;3
YY2CMR;FJ48;2
YY2CYG;FJ48;1
YY2HCM;FJ37;5
YY2JE;FJ48;2
YY3ARO;FK59;2
YY4AVN;FK60;4
YY4CAM;FK60;3
YY4ERC;FK60;1
YY4FJF;FK50;7
YY4PPC;FK60;2
YY5AEP;FK60;1
YY5GHW;FK60;1
YY5JLO;FK60;11
YY5JON;FK60;1
YY5LRB;FK60;4
YY5NKW;FK60;3
YY5OEM;FK60;1
YY5RPE;FK60;4
YY5YAM;FK60;6
YY5YVE;FK60;2
YY6JMR;FJ78;4
YY7ECA;FK81;1
YY8JSS;FJ89;2
Z21ML;KG49;1
Z31B;KN01;8
Z31R;KN11;13
Z31RQ;KN01;3
Z32BM;KN01;2
Z33B;KN01;336
Z33B;KM01;1
Z33F;KN11;4
Z33PB;KN01;4
Z33YL;KN11;182
Z33Z;KN11;4
Z34K;KN01;1
Z35T;KN11;1
Z35YL;KN11;12
Z35Z;KN11;8
Z36N;KN11;4
Z36W;KN11;10
Z39A;KN11;429
Z75ORB/P;QQ94;1
Z81D;KJ54;6
Z81ZFH/R;BQ24;1
Z86MRC;FR57;1
ZA/IK2RLM;JN91;6
ZA1KOK/P;LE94;1
ZA5G;JN92;4
ZB2GI;IM76;2
ZB2MD;IM76;1
ZB2R;IM76;1
ZB2YN;IM76;1
ZC4GR;KM65;1
ZD7BG;IH74;52
ZD7GB;IH74;1
ZD7JC;IH74;2
ZD7MY;IH74;3
ZD8SC;II22;3
ZF1EJ;EK99;9
ZF1YA;EK99;5
ZF2OO;EK99;6
ZH1QLL;HE22;1
ZH4CXW/P;BF48;1
ZJ5SAR;AN22;1
ZL1AB;RF73;1
ZL1AI;RF81;1
ZL1AIN;RF82;1
ZL1ANH;RF64;172
ZL1AXZ;RE54;1
ZL1BBW;RF74;11
ZL1BD;RF72;20
ZL1BD;RE78;1
ZL1BDW;RF81;5
ZL1BG;RF73;28
ZL1BQD;RF73;881
ZL1BQD;RF82;17
ZL1BQD;DF73;1
ZL1BQD;PF73;1
ZL1BRL;RF73;16
ZL1BW;RE66;11
ZL1CNM;RF72;9
ZL1COP;RF73;4
ZL1CVD;RE54;11
ZL1CVD;RE55;1
ZL1DRI;RF74;8
ZL1FV;RF73;1
ZL1GMW;RF73;11
ZL1GSM;RF73;2
ZL1HAZ;RF73;1
ZL1HOG;RF73;1
ZL1IA;RF73;5
ZL1IF;RF74;3
ZL1LC;RF73;36
ZL1LC;RE68;1
ZL1LEE;RF73;7
ZL1MHS;RF73;7
ZL1MJB;RF73;1
ZL1MTO;RF73;1
ZL1MVL;RF74;28
ZL1MVL;RE68;1
ZL1OGX;RF73;335
ZL1OSC;RE68;4
ZL1PWD;RF74;25
ZL1RAH;RF72;27
ZL1RD;RF73;3
ZL1RKO;RF73;3
ZL1RPC;RF73;18
ZL1SGS;RF73;1
ZL1SW;RF73;4
ZL1TLC;RF73;1
ZL1TTR;RF74;3
ZL1UJU;RF72;1
ZL1UTH;RF71;5
ZL1UZM;RF73;5
ZL1UZM;RF37;1
ZL1VAH;RF72;108
ZL1VAH;RE68;1
ZL1XS;RF73;11
ZL2ACN;RE79;23
ZL2ACN;RE66;1
ZL2AHY;RF70;1
ZL2AO;RF80;3
ZL2APW;OF88;4
ZL2AWW;RF71;5
ZL2BBR;OF78;2
ZL2BH;RE68;3
ZL2BX;RE68;19
ZL2CA;RE78;8
ZL2CC;RF81;1
ZL2DD;RF82;2
ZL2DG;RF71;1
ZL2FT;RF70;1
ZL2IFB;RF80;19
ZL2IQ;RE78;2
ZL2KR;RF70;1412
ZL2KR;RE68;1
ZL2MM;RE78;1
ZL2MY;RF80;3
ZL2NEB;RE68;2
ZL2NU;RE79;4
ZL2OK;RE89;25
ZL2RX;RE68;449
ZL2SH;RE79;1
ZL2THM;RE78;4
ZL2UB;RE79;8
ZL2UCI;RE66;5
ZL2VS;RE79;1
ZL2WHO;RE79;1
ZL3AAD;RE68;7
ZL3AC;RE66;442
ZL3ACU;RE66;3
ZL3AFQ;RE68;1
ZL3AIC;RE66;5
ZL3ALF;RE66;8
ZL3ART;RE66;753
ZL3AWB;RE66;2
ZL3CRG;RE55;1
ZL3DEN;RE66;1
ZL3DMH;RE66;9
ZL3GAV;RE66;37
ZL3GK;RF70;3
ZL3HAM;RE66;4
ZL3IO;RF80;4348
ZL3IO;RE68;1
ZL3IO;RI80;1
ZL3JT;RE66;2
ZL3JW;RE66;1
ZL3NB;RE66;23
ZL3NB;RE68;1
ZL3NT;RE66;2
ZL3PIE;RE66;711
ZL3PIE;RK66;1
ZL3RC;RE66;1
ZL3REW;RE66;14
ZL3RG;RE68;1
ZL3RIK;RE66;720
ZL3RJ;RE66;5
ZL3RXT;RE66;98
ZL3SSB;RE66;8
ZL3SSB;RF72;1
ZL3SST;RF70;3
ZL3ST;RE43;15
ZL3ST;RE78;1
ZL3TE;RF73;502
ZL3TE;OF78;1
ZL3TE;RE68;1
ZL3TKI;RE66;1
ZL3TRR;RE66;36
ZL3TRR;RE68;1
ZL3TS;RE66;1
ZL3TUX;RE66;1
ZL3TV;RE66;3
ZL3TX;RE66;2
ZL3TY;RE57;13
ZL3UYJ;RE66;1
ZL3VX;RE66;1
ZL3WO;RE66;7
ZL3XA;RE66;233
ZL3XDJ;RE54;3
ZL3YB;RE66;1577
ZL4AD;RE68;1
ZL4AS;RE43;47
ZL4AUG;RE79;1
ZL4BRB;AN70;1
ZL4DC;RE54;1
ZL4DE;RE43;1
ZL4IV;RE54;3
ZL4JAY;RE68;1
ZL4JW;RE44;14
ZL4JW;RE78;1
ZL4KX;RE54;2
ZL4KYH;RE78;21
ZL4PN;RE44;7
ZL4SX;RE54;1
ZL4SY;RE43;28
ZL4TT;RE54;34
ZL4TT;RE78;1
ZL4XZ;RF73;1
ZL4YY;RE78;2
ZL7DX;AE16;8
ZL7HPI/R;CL10;1
ZLBG;RE68;1
ZM;KO97;1
ZM1A;RF72;1426
ZM1A;RF82;1064
ZM1A;IN89;1
ZM3T;RF73;9
ZM4T;RF80;1131
ZO4LK;OE15;1
ZP1NTI;FG97;4
ZP4KFX;GG14;14
ZP4MNB;GG25;12
ZP5DA;GG14;2
ZP5DNB;GG15;591
ZP5DNB;GG14;1
ZP5DVD;GG14;206
ZP5RPO;GG14;2
ZP6AKY;GG16;1
ZP6ARO;GG14;133
ZP6CEA;GG14;1
ZP6LMR;GG14;35
ZP6SKY;GG14;5
ZP7ENS;GG13;1
ZP9MCE;GG22;3
ZQ4ABO/R;NO62;1
ZR1ADI;JF95;14
ZR6AGA;KG44;7
ZR6AMC;KG44;4
ZR6AMC;KG10;1
ZR6AZE;KG33;1
ZR6CV;KG34;5
ZR6DM;KG34;2
ZR6JT;KG43;6
ZR6LO;KG43;4
ZR6LO;KG10;1
ZR6PE;KG33;7
ZS0RR;JF95;4
ZS1A;JF96;14
ZS1ALJ;JF96;3
ZS1AN;JF96;19
ZS1AO;JF96;5
ZS1BHJ;JF97;748
ZS1BR;JF95;4
ZS1CM;JF95;1
ZS1DR;JF95;4
ZS1DR;JF96;1
ZS1DWH;JF96;271
ZS1DX;JF95;2
ZS1GAK;JF96;2
ZS1GS;JF96;1
ZS1HG;KF05;2
ZS1IB;KF05;1
ZS1IB;KG43;1
ZS1JDF;KF16;1
ZS1JE;JF96;1
ZS1JWM;JF95;1
ZS1JWM;JF96;1
ZS1KWA;JF95;1
ZS1MJL;JF95;2
ZS1ML;JF96;1
ZS1MYG;JF96;1
ZS1NA;JF96;2
ZS1PT;JF95;3
ZS1RP;KF05;1
ZS1RX;JF95;1
ZS1SC;JF98;1
ZS1SI;JF95;2
ZS1WC;KF16;5
ZS1WE;JF95;2
ZS1WH;JF96;1
ZS1WO;JF96;2
ZS1XB;JF96;3
ZS1ZZ;JF95;1
ZS2ACP;KF26;1
ZS2DL;KF26;15
ZS2E;KG10;1
ZS2EC;KF26;2
ZS2ECH;KF26;3
ZS2EZ;KF26;15
ZS2PE;KF26;9
ZS2PS;KF26;5
ZS2SG;KF26;1
ZS2Y;KF25;12
ZS3JDL;KG21;18
ZS3PS;KG23;1
ZS3SH;KG12;4
ZS3TG;KG12;16
ZS3W;KG01;2
ZS4AW;KG31;2
ZS4JAN;KG30;53
ZS4JAN;KG10;1
ZS4JAN;KG54;1
ZS4OIL;KG33;1
ZS4PF;KG32;1
ZS4WW;KG32;3
ZS4WW/QRP;KG32;78
ZS4WW/QRP;KG43;1
ZS4X;KG30;1
ZS4XYL;KG32;2
ZS4ZO;KG32;96
ZS5BR;KG50;2
ZS5G;KG61;6
ZS5GJK;KG42;4
ZS5HR;KG50;9
ZS5KT;KG50;2
ZS5MJB;KG40;1
ZS5XT;KG50;37
ZS6AF;KG54;15
ZS6AF;KG10;1
ZS6AI;KG43;1
ZS6AIH;KG43;1
ZS6BH;KG33;1
ZS6BJU;KG43;13
ZS6CR;KG43;3
ZS6CVL;KG33;8
ZS6DL;KG44;1
ZS6DPL;KG44;26
ZS6DPS;KG33;2
ZS6EB;KG43;5
ZS6EFN;KG44;2
ZS6EGM;KG33;1
ZS6ELI;KG44;1
ZS6FVN;KG44;293
ZS6FVN;JO62;1
ZS6FVN;KK44;1
ZS6FVN;KO09;1
ZS6GAV;KG43;23
ZS6GPH;KG33;2
ZS6GUS;KG44;1
ZS6HBE;KG44;13
ZS6HBE;KG43;2
ZS6HM;KG44;2
ZS6HON;KG44;1
ZS6HR;KG33;1
ZS6JES;KG43;3
ZS6KVZ;KG33;1
ZS6LKF;KG44;3
ZS6LKF;KG32;1
ZS6LKF/4;KG32;126
ZS6MAR;KG43;2
ZS6MDX;KG33;1
ZS6MFA;KG43;1
ZS6MSQ;KG33;14
ZS6NJ;KG33;1
ZS6NL;KG44;27
ZS6NX;KG43;1
ZS6OB;KG44;1
ZS6PJE;KG43;4
ZS6RHL;KG54;18
ZS6RHL;KC54;1
ZS6SKY;KG43;3
ZS6UB;KG43;7
ZS6UYS;KG44;1
ZS6VLR;KG33;3
ZS6ZA;KG43;55
ZS6ZA;GG45;1
ZS6ZA;OF78;1
ZV1A;GH91;197
ZV1A;GH49;2
ZV1CPA;KN28;1
ZV2F;GG66;91
ZV4WDM;GH83;251
ZV6MDX/P;EF14;1
ZV8H;FI60;410
ZW16ZT;GH49;2
ZW2WSP;GG67;122
ZW5B;GG54;15350
ZW5B;CG54;1
ZW5B;GD08;1
ZW5B;GG05;1
ZW5B;GG55;1
ZW5B;GG97;1
ZW5B;IN80;1
ZW7T;GI96;1
ZX4X;GH80;2
ZX8F;GI49;2
ZX8F;GI58;1
ZY2R;GG66;9
ZY2STAYHOME;GG66;1
ZZ1M;GG97;103
ZZ1M;GH49;2
ZZ2P;GG66;679
